{"textures":{"0":"modelengine:entity/bluestone_golem"},"elements":[{"from":[4.8191996,4.368114,5.122514],"to":[11.1808,8.003314,7.848914],"rotation":{"angle":0.0,"axis":"y","origin":[8.0,5.7486086,10.335094]},"faces":{"east":{"uv":[5.265,7.015,5.985,7.985],"rotation":0,"texture":"#0","tintindex":0},"south":{"uv":[7.515,3.515,9.235,4.485],"rotation":0,"texture":"#0","tintindex":0},"north":{"uv":[3.265,7.015,4.985,7.985],"rotation":0,"texture":"#0","tintindex":0},"west":{"uv":[1.265,12.015,1.985,12.985],"rotation":0,"texture":"#0","tintindex":0},"up":{"uv":[11.235,4.235,9.515,3.515],"rotation":0,"texture":"#0","tintindex":0},"down":{"uv":[11.485,1.515,9.765,2.235],"rotation":0,"texture":"#0","tintindex":0}}}],"display":{"head":{"translation":[0.0,-6.4,0.0],"scale":[4.0,4.0,4.0]}}}