{"textures":{"0":"modelengine:entity/bluestone_golem"},"elements":[{"from":[5.275296,-1.0821285,6.173576],"to":[8.910496,5.2794724,9.808776],"rotation":{"angle":-45.0,"axis":"z","origin":[11.146756,4.619034,7.750956]},"faces":{"east":{"uv":[8.015,4.765,8.985,6.485],"rotation":0,"texture":"#0","tintindex":0},"south":{"uv":[0.015,8.265,0.985,9.985],"rotation":0,"texture":"#0","tintindex":0},"north":{"uv":[7.765,6.765,8.735,8.485],"rotation":0,"texture":"#0","tintindex":0},"west":{"uv":[8.265,0.015,9.235,1.735],"rotation":0,"texture":"#0","tintindex":0},"up":{"uv":[12.485,3.485,11.515,2.515],"rotation":0,"texture":"#0","tintindex":0},"down":{"uv":[4.735,11.515,3.765,12.485],"rotation":0,"texture":"#0","tintindex":0}}},{"from":[3.15313,1.9927812,6.627976],"to":[4.97073,4.719181,9.354376],"rotation":{"angle":-22.5,"axis":"z","origin":[11.146756,4.619034,7.750956]},"faces":{"east":{"uv":[11.515,14.015,12.235,14.735],"rotation":0,"texture":"#0","tintindex":0},"south":{"uv":[9.765,14.265,10.235,14.985],"rotation":0,"texture":"#0","tintindex":0},"north":{"uv":[9.265,11.515,9.735,12.235],"rotation":0,"texture":"#0","tintindex":0},"west":{"uv":[12.515,14.015,13.235,14.735],"rotation":0,"texture":"#0","tintindex":0},"up":{"uv":[14.985,11.485,14.515,10.765],"rotation":0,"texture":"#0","tintindex":0},"down":{"uv":[14.985,11.765,14.515,12.485],"rotation":0,"texture":"#0","tintindex":0}}}],"display":{"head":{"translation":[0.0,-6.4,0.0],"scale":[4.0,4.0,4.0]}}}