{"textures":{"0":"modelengine:entity/bluestone_golem"},"elements":[{"from":[5.8509254,2.6820798,5.813554],"to":[10.394926,8.13488,10.357554],"rotation":{"angle":0.0,"axis":"y","origin":[14.284235,7.9923844,7.833141]},"faces":{"east":{"uv":[3.265,5.265,4.485,6.735],"rotation":0,"texture":"#0","tintindex":0},"south":{"uv":[4.765,5.265,5.985,6.735],"rotation":0,"texture":"#0","tintindex":0},"north":{"uv":[1.765,5.015,2.985,6.485],"rotation":0,"texture":"#0","tintindex":0},"west":{"uv":[6.015,3.515,7.235,4.985],"rotation":0,"texture":"#0","tintindex":0},"up":{"uv":[9.485,3.235,8.265,2.015],"rotation":0,"texture":"#0","tintindex":0},"down":{"uv":[8.235,8.765,7.015,9.985],"rotation":0,"texture":"#0","tintindex":0}}},{"from":[4.9421253,1.7732797,5.813554],"to":[5.8509254,4.49968,6.7223544],"rotation":{"angle":0.0,"axis":"y","origin":[14.284235,7.9923844,7.833141]},"faces":{"east":{"uv":[5.515,14.015,5.735,14.735],"rotation":0,"texture":"#0","tintindex":0},"south":{"uv":[4.765,15.015,4.985,15.735],"rotation":0,"texture":"#0","tintindex":0},"north":{"uv":[6.265,11.765,6.485,12.485],"rotation":0,"texture":"#0","tintindex":0},"west":{"uv":[5.265,15.015,5.485,15.735],"rotation":0,"texture":"#0","tintindex":0},"up":{"uv":[7.735,4.985,7.515,4.765],"rotation":0,"texture":"#0","tintindex":0},"down":{"uv":[10.735,7.765,10.515,7.985],"rotation":0,"texture":"#0","tintindex":0}}},{"from":[4.9421253,1.7732797,9.448754],"to":[5.8509254,4.49968,10.357554],"rotation":{"angle":0.0,"axis":"y","origin":[14.284235,7.9923844,7.833141]},"faces":{"east":{"uv":[6.265,15.015,6.485,15.735],"rotation":0,"texture":"#0","tintindex":0},"south":{"uv":[6.765,15.015,6.985,15.735],"rotation":0,"texture":"#0","tintindex":0},"north":{"uv":[5.765,15.015,5.985,15.735],"rotation":0,"texture":"#0","tintindex":0},"west":{"uv":[7.265,15.015,7.485,15.735],"rotation":0,"texture":"#0","tintindex":0},"up":{"uv":[12.985,9.985,12.765,9.765],"rotation":0,"texture":"#0","tintindex":0},"down":{"uv":[13.235,2.015,13.015,2.235],"rotation":0,"texture":"#0","tintindex":0}}},{"from":[4.9421253,1.7732797,7.631154],"to":[5.8509254,4.49968,8.539954],"rotation":{"angle":0.0,"axis":"y","origin":[14.284235,7.9923844,7.833141]},"faces":{"east":{"uv":[15.015,8.265,15.235,8.985],"rotation":0,"texture":"#0","tintindex":0},"south":{"uv":[8.765,15.015,8.985,15.735],"rotation":0,"texture":"#0","tintindex":0},"north":{"uv":[15.015,7.265,15.235,7.985],"rotation":0,"texture":"#0","tintindex":0},"west":{"uv":[9.265,15.015,9.485,15.735],"rotation":0,"texture":"#0","tintindex":0},"up":{"uv":[13.235,6.735,13.015,6.515],"rotation":0,"texture":"#0","tintindex":0},"down":{"uv":[13.735,7.265,13.515,7.485],"rotation":0,"texture":"#0","tintindex":0}}},{"from":[8.577326,1.3188796,4.904754],"to":[9.940526,4.0452795,6.2679543],"rotation":{"angle":0.0,"axis":"y","origin":[14.284235,7.9923844,7.833141]},"faces":{"east":{"uv":[13.515,14.765,13.875,15.485],"rotation":0,"texture":"#0","tintindex":0},"south":{"uv":[14.265,14.765,14.625,15.485],"rotation":0,"texture":"#0","tintindex":0},"north":{"uv":[14.765,3.015,15.125,3.735],"rotation":0,"texture":"#0","tintindex":0},"west":{"uv":[1.015,15.015,1.375,15.735],"rotation":0,"texture":"#0","tintindex":0},"up":{"uv":[11.875,4.125,11.515,3.765],"rotation":0,"texture":"#0","tintindex":0},"down":{"uv":[15.625,6.515,15.265,6.875],"rotation":0,"texture":"#0","tintindex":0}}}],"display":{"head":{"translation":[0.0,-6.4,0.0],"scale":[4.0,4.0,4.0]}}}