{"textures":{"0":"modelengine:entity/bluestone_golem"},"elements":[{"from":[6.6368,4.922514,7.5456],"to":[9.3632,8.557714,10.272],"rotation":{"angle":0.0,"axis":"y","origin":[10.272,12.210209,8.66858]},"faces":{"east":{"uv":[12.515,11.515,13.235,12.485],"rotation":0,"texture":"#0","tintindex":0},"south":{"uv":[12.765,2.515,13.485,3.485],"rotation":0,"texture":"#0","tintindex":0},"north":{"uv":[12.515,10.265,13.235,11.235],"rotation":0,"texture":"#0","tintindex":0},"west":{"uv":[3.765,12.765,4.485,13.735],"rotation":0,"texture":"#0","tintindex":0},"up":{"uv":[14.485,0.735,13.765,0.015],"rotation":0,"texture":"#0","tintindex":0},"down":{"uv":[3.235,14.015,2.515,14.735],"rotation":0,"texture":"#0","tintindex":0}}},{"from":[6.6368,4.922514,6.6368],"to":[9.3632,6.740114,7.5456],"rotation":{"angle":0.0,"axis":"y","origin":[10.272,12.210209,8.66858]},"faces":{"east":{"uv":[8.765,12.765,8.985,13.235],"rotation":0,"texture":"#0","tintindex":0},"south":{"uv":[8.765,14.265,9.485,14.735],"rotation":0,"texture":"#0","tintindex":0},"north":{"uv":[14.265,5.515,14.985,5.985],"rotation":0,"texture":"#0","tintindex":0},"west":{"uv":[1.765,13.265,1.985,13.735],"rotation":0,"texture":"#0","tintindex":0},"up":{"uv":[9.735,8.485,9.015,8.265],"rotation":0,"texture":"#0","tintindex":0},"down":{"uv":[9.985,6.265,9.265,6.485],"rotation":0,"texture":"#0","tintindex":0}}}],"display":{"head":{"translation":[0.0,-6.4,0.0],"scale":[4.0,4.0,4.0]}}}