{"textures":{"0":"modelengine:entity/bluestone_golem"},"elements":[{"from":[5.605074,2.6820798,5.813554],"to":[10.149075,8.13488,10.357554],"rotation":{"angle":0.0,"axis":"y","origin":[1.7157655,7.9923844,7.833141]},"faces":{"east":{"uv":[7.235,3.515,6.015,4.985],"rotation":0,"texture":"#0","tintindex":0},"south":{"uv":[5.985,5.265,4.765,6.735],"rotation":0,"texture":"#0","tintindex":0},"north":{"uv":[2.985,5.015,1.765,6.485],"rotation":0,"texture":"#0","tintindex":0},"west":{"uv":[4.485,5.265,3.265,6.735],"rotation":0,"texture":"#0","tintindex":0},"up":{"uv":[8.265,3.235,9.485,2.015],"rotation":0,"texture":"#0","tintindex":0},"down":{"uv":[7.015,8.765,8.235,9.985],"rotation":0,"texture":"#0","tintindex":0}}},{"from":[10.149075,1.7732797,5.813554],"to":[11.057875,4.49968,6.7223544],"rotation":{"angle":0.0,"axis":"y","origin":[1.7157655,7.9923844,7.833141]},"faces":{"east":{"uv":[5.485,15.015,5.265,15.735],"rotation":0,"texture":"#0","tintindex":0},"south":{"uv":[4.985,15.015,4.765,15.735],"rotation":0,"texture":"#0","tintindex":0},"north":{"uv":[6.485,11.765,6.265,12.485],"rotation":0,"texture":"#0","tintindex":0},"west":{"uv":[5.735,14.015,5.515,14.735],"rotation":0,"texture":"#0","tintindex":0},"up":{"uv":[7.515,4.985,7.735,4.765],"rotation":0,"texture":"#0","tintindex":0},"down":{"uv":[10.515,7.765,10.735,7.985],"rotation":0,"texture":"#0","tintindex":0}}},{"from":[10.149075,1.7732797,9.448754],"to":[11.057875,4.49968,10.357554],"rotation":{"angle":0.0,"axis":"y","origin":[1.7157655,7.9923844,7.833141]},"faces":{"east":{"uv":[7.485,15.015,7.265,15.735],"rotation":0,"texture":"#0","tintindex":0},"south":{"uv":[6.985,15.015,6.765,15.735],"rotation":0,"texture":"#0","tintindex":0},"north":{"uv":[5.985,15.015,5.765,15.735],"rotation":0,"texture":"#0","tintindex":0},"west":{"uv":[6.485,15.015,6.265,15.735],"rotation":0,"texture":"#0","tintindex":0},"up":{"uv":[12.765,9.985,12.985,9.765],"rotation":0,"texture":"#0","tintindex":0},"down":{"uv":[13.015,2.015,13.235,2.235],"rotation":0,"texture":"#0","tintindex":0}}},{"from":[10.149075,1.7732797,7.631154],"to":[11.057875,4.49968,8.539954],"rotation":{"angle":0.0,"axis":"y","origin":[1.7157655,7.9923844,7.833141]},"faces":{"east":{"uv":[9.485,15.015,9.265,15.735],"rotation":0,"texture":"#0","tintindex":0},"south":{"uv":[8.985,15.015,8.765,15.735],"rotation":0,"texture":"#0","tintindex":0},"north":{"uv":[15.235,7.265,15.015,7.985],"rotation":0,"texture":"#0","tintindex":0},"west":{"uv":[15.235,8.265,15.015,8.985],"rotation":0,"texture":"#0","tintindex":0},"up":{"uv":[13.015,6.735,13.235,6.515],"rotation":0,"texture":"#0","tintindex":0},"down":{"uv":[13.515,7.265,13.735,7.485],"rotation":0,"texture":"#0","tintindex":0}}},{"from":[6.059474,1.3188796,4.904754],"to":[7.422674,4.0452795,6.2679543],"rotation":{"angle":0.0,"axis":"y","origin":[1.7157655,7.9923844,7.833141]},"faces":{"east":{"uv":[1.375,15.015,1.015,15.735],"rotation":0,"texture":"#0","tintindex":0},"south":{"uv":[14.625,14.765,14.265,15.485],"rotation":0,"texture":"#0","tintindex":0},"north":{"uv":[15.125,3.015,14.765,3.735],"rotation":0,"texture":"#0","tintindex":0},"west":{"uv":[13.875,14.765,13.515,15.485],"rotation":0,"texture":"#0","tintindex":0},"up":{"uv":[11.515,4.125,11.875,3.765],"rotation":0,"texture":"#0","tintindex":0},"down":{"uv":[15.265,6.515,15.625,6.875],"rotation":0,"texture":"#0","tintindex":0}}}],"display":{"head":{"translation":[0.0,-6.4,0.0],"scale":[4.0,4.0,4.0]}}}