{"textures":{"0":"modelengine:entity/bluestone_golem"},"elements":[{"from":[7.0895042,-1.0821285,6.173576],"to":[10.724704,5.2794724,9.808776],"rotation":{"angle":45.0,"axis":"z","origin":[4.853244,4.619034,7.750956]},"faces":{"east":{"uv":[9.235,0.015,8.265,1.735],"rotation":0,"texture":"#0","tintindex":0},"south":{"uv":[0.985,8.265,0.015,9.985],"rotation":0,"texture":"#0","tintindex":0},"north":{"uv":[8.735,6.765,7.765,8.485],"rotation":0,"texture":"#0","tintindex":0},"west":{"uv":[8.985,4.765,8.015,6.485],"rotation":0,"texture":"#0","tintindex":0},"up":{"uv":[11.515,3.485,12.485,2.515],"rotation":0,"texture":"#0","tintindex":0},"down":{"uv":[3.765,11.515,4.735,12.485],"rotation":0,"texture":"#0","tintindex":0}}},{"from":[11.02927,1.9927812,6.627976],"to":[12.84687,4.719181,9.354376],"rotation":{"angle":22.5,"axis":"z","origin":[4.853244,4.619034,7.750956]},"faces":{"east":{"uv":[13.235,14.015,12.515,14.735],"rotation":0,"texture":"#0","tintindex":0},"south":{"uv":[10.235,14.265,9.765,14.985],"rotation":0,"texture":"#0","tintindex":0},"north":{"uv":[9.735,11.515,9.265,12.235],"rotation":0,"texture":"#0","tintindex":0},"west":{"uv":[12.235,14.015,11.515,14.735],"rotation":0,"texture":"#0","tintindex":0},"up":{"uv":[14.515,11.485,14.985,10.765],"rotation":0,"texture":"#0","tintindex":0},"down":{"uv":[14.515,11.765,14.985,12.485],"rotation":0,"texture":"#0","tintindex":0}}}],"display":{"head":{"translation":[0.0,-6.4,0.0],"scale":[4.0,4.0,4.0]}}}