{"textures":{"0":"modelengine:entity/bluestone_golem"},"elements":[{"from":[5.6288643,11.537997,10.043199],"to":[10.172865,15.173197,14.587198],"rotation":{"angle":-22.5,"axis":"x","origin":[7.900864,10.015139,7.7383823]},"faces":{"east":{"uv":[11.015,0.015,12.235,0.985],"rotation":0,"texture":"#0","tintindex":0},"south":{"uv":[11.265,7.765,12.485,8.735],"rotation":0,"texture":"#0","tintindex":0},"north":{"uv":[10.765,4.515,11.985,5.485],"rotation":0,"texture":"#0","tintindex":0},"west":{"uv":[11.265,9.015,12.485,9.985],"rotation":0,"texture":"#0","tintindex":0},"up":{"uv":[10.485,5.985,9.265,4.765],"rotation":0,"texture":"#0","tintindex":0},"down":{"uv":[10.735,0.015,9.515,1.235],"rotation":0,"texture":"#0","tintindex":0}}},{"from":[6.0832644,13.835743,3.9607754],"to":[9.718464,18.379744,7.5959754],"rotation":{"angle":22.5,"axis":"x","origin":[7.900864,10.015139,7.7383823]},"faces":{"east":{"uv":[10.015,9.765,10.985,10.985],"rotation":0,"texture":"#0","tintindex":0},"south":{"uv":[0.015,10.265,0.985,11.485],"rotation":0,"texture":"#0","tintindex":0},"north":{"uv":[10.015,8.265,10.985,9.485],"rotation":0,"texture":"#0","tintindex":0},"west":{"uv":[2.515,10.265,3.485,11.485],"rotation":0,"texture":"#0","tintindex":0},"up":{"uv":[10.985,12.235,10.015,11.265],"rotation":0,"texture":"#0","tintindex":0},"down":{"uv":[12.235,10.265,11.265,11.235],"rotation":0,"texture":"#0","tintindex":0}}},{"from":[5.174464,9.829666,10.678963],"to":[10.627264,15.282466,12.496563],"rotation":{"angle":0.0,"axis":"y","origin":[7.900864,10.015139,7.7383823]},"faces":{"east":{"uv":[2.515,8.515,2.985,9.985],"rotation":0,"texture":"#0","tintindex":0},"south":{"uv":[0.015,5.015,1.485,6.485],"rotation":0,"texture":"#0","tintindex":0},"north":{"uv":[4.265,3.515,5.735,4.985],"rotation":0,"texture":"#0","tintindex":0},"west":{"uv":[1.015,13.265,1.485,14.735],"rotation":0,"texture":"#0","tintindex":0},"up":{"uv":[14.985,6.985,13.515,6.515],"rotation":0,"texture":"#0","tintindex":0},"down":{"uv":[10.235,13.515,8.765,13.985],"rotation":0,"texture":"#0","tintindex":0}}},{"from":[5.738758,8.920866,10.385946],"to":[8.465158,12.5560665,14.021147],"rotation":{"angle":-22.5,"axis":"y","origin":[7.900864,10.015139,7.7383823]},"faces":{"east":{"uv":[11.765,1.265,12.735,2.235],"rotation":0,"texture":"#0","tintindex":0},"south":{"uv":[13.515,11.015,14.235,11.985],"rotation":0,"texture":"#0","tintindex":0},"north":{"uv":[13.515,9.765,14.235,10.735],"rotation":0,"texture":"#0","tintindex":0},"west":{"uv":[2.515,11.765,3.485,12.735],"rotation":0,"texture":"#0","tintindex":0},"up":{"uv":[14.235,13.235,13.515,12.265],"rotation":0,"texture":"#0","tintindex":0},"down":{"uv":[14.235,13.515,13.515,14.485],"rotation":0,"texture":"#0","tintindex":0}}},{"from":[7.3365703,8.920866,10.385946],"to":[10.06297,12.5560665,14.021147],"rotation":{"angle":22.5,"axis":"y","origin":[7.900864,10.015139,7.7383823]},"faces":{"east":{"uv":[5.015,11.765,5.985,12.735],"rotation":0,"texture":"#0","tintindex":0},"south":{"uv":[13.765,3.265,14.485,4.235],"rotation":0,"texture":"#0","tintindex":0},"north":{"uv":[13.765,2.015,14.485,2.985],"rotation":0,"texture":"#0","tintindex":0},"west":{"uv":[11.765,5.765,12.735,6.735],"rotation":0,"texture":"#0","tintindex":0},"up":{"uv":[6.735,14.735,6.015,13.765],"rotation":0,"texture":"#0","tintindex":0},"down":{"uv":[7.735,13.765,7.015,14.735],"rotation":0,"texture":"#0","tintindex":0}}},{"from":[6.0832644,11.125769,7.981999],"to":[9.718464,14.760969,12.525999],"rotation":{"angle":45.0,"axis":"x","origin":[7.900864,10.015139,7.7383823]},"faces":{"east":{"uv":[8.515,10.265,9.735,11.235],"rotation":0,"texture":"#0","tintindex":0},"south":{"uv":[0.015,11.765,0.985,12.735],"rotation":0,"texture":"#0","tintindex":0},"north":{"uv":[11.265,11.515,12.235,12.485],"rotation":0,"texture":"#0","tintindex":0},"west":{"uv":[5.265,10.515,6.485,11.485],"rotation":0,"texture":"#0","tintindex":0},"up":{"uv":[2.235,11.735,1.265,10.515],"rotation":0,"texture":"#0","tintindex":0},"down":{"uv":[11.485,6.265,10.515,7.485],"rotation":0,"texture":"#0","tintindex":0}}},{"from":[3.811264,7.7258444,5.252202],"to":[11.990464,15.905045,10.705002],"rotation":{"angle":0.0,"axis":"y","origin":[7.900864,10.015139,7.7383823]},"faces":{"east":{"uv":[2.515,0.015,3.985,2.235],"rotation":0,"texture":"#0","tintindex":0},"south":{"uv":[0.015,2.515,2.235,4.735],"rotation":0,"texture":"#0","tintindex":0},"north":{"uv":[0.015,0.015,2.235,2.235],"rotation":0,"texture":"#0","tintindex":0},"west":{"uv":[2.515,2.515,3.985,4.735],"rotation":0,"texture":"#0","tintindex":0},"up":{"uv":[6.485,1.485,4.265,0.015],"rotation":0,"texture":"#0","tintindex":0},"down":{"uv":[6.485,1.765,4.265,3.235],"rotation":0,"texture":"#0","tintindex":0}}},{"from":[7.677582,15.309243,6.615402],"to":[11.312782,18.035643,9.341803],"rotation":{"angle":45.0,"axis":"z","origin":[7.900864,10.015139,7.7383823]},"faces":{"east":{"uv":[3.515,14.015,4.235,14.735],"rotation":0,"texture":"#0","tintindex":0},"south":{"uv":[7.515,12.765,8.485,13.485],"rotation":0,"texture":"#0","tintindex":0},"north":{"uv":[6.265,12.765,7.235,13.485],"rotation":0,"texture":"#0","tintindex":0},"west":{"uv":[4.515,14.015,5.235,14.735],"rotation":0,"texture":"#0","tintindex":0},"up":{"uv":[13.735,8.485,12.765,7.765],"rotation":0,"texture":"#0","tintindex":0},"down":{"uv":[13.735,8.765,12.765,9.485],"rotation":0,"texture":"#0","tintindex":0}}},{"from":[4.488947,15.309243,6.615402],"to":[8.124146,18.035643,9.341803],"rotation":{"angle":-45.0,"axis":"z","origin":[7.900864,10.015139,7.7383823]},"faces":{"east":{"uv":[5.235,14.015,4.515,14.735],"rotation":0,"texture":"#0","tintindex":0},"south":{"uv":[8.485,12.765,7.515,13.485],"rotation":0,"texture":"#0","tintindex":0},"north":{"uv":[7.235,12.765,6.265,13.485],"rotation":0,"texture":"#0","tintindex":0},"west":{"uv":[4.235,14.015,3.515,14.735],"rotation":0,"texture":"#0","tintindex":0},"up":{"uv":[12.765,8.485,13.735,7.765],"rotation":0,"texture":"#0","tintindex":0},"down":{"uv":[12.765,8.765,13.735,9.485],"rotation":0,"texture":"#0","tintindex":0}}},{"from":[5.174464,10.452245,3.4346018],"to":[10.627264,14.996244,5.252202],"rotation":{"angle":0.0,"axis":"y","origin":[7.900864,10.015139,7.7383823]},"faces":{"east":{"uv":[8.015,13.765,8.485,14.985],"rotation":0,"texture":"#0","tintindex":0},"south":{"uv":[0.015,6.765,1.485,7.985],"rotation":0,"texture":"#0","tintindex":0},"north":{"uv":[6.265,5.265,7.735,6.485],"rotation":0,"texture":"#0","tintindex":0},"west":{"uv":[1.765,14.015,2.235,15.235],"rotation":0,"texture":"#0","tintindex":0},"up":{"uv":[13.235,7.485,11.765,7.015],"rotation":0,"texture":"#0","tintindex":0},"down":{"uv":[13.735,4.765,12.265,5.235],"rotation":0,"texture":"#0","tintindex":0}}}],"display":{"head":{"translation":[0.0,-6.4,0.0],"scale":[4.0,4.0,4.0]}}}