{"textures":{"0":"modelengine:entity/bluestone_golem"},"elements":[{"from":[5.7145786,7.9084044,6.094899],"to":[10.258579,10.634805,9.7301],"rotation":{"angle":0.0,"axis":"y","origin":[7.9865785,12.924099,7.6722794]},"faces":{"east":{"uv":[12.515,0.015,13.485,0.735],"rotation":0,"texture":"#0","tintindex":0},"south":{"uv":[12.265,3.765,13.485,4.485],"rotation":0,"texture":"#0","tintindex":0},"north":{"uv":[9.765,2.515,10.985,3.235],"rotation":0,"texture":"#0","tintindex":0},"west":{"uv":[9.265,12.515,10.235,13.235],"rotation":0,"texture":"#0","tintindex":0},"up":{"uv":[4.985,11.235,3.765,10.265],"rotation":0,"texture":"#0","tintindex":0},"down":{"uv":[8.235,10.265,7.015,11.235],"rotation":0,"texture":"#0","tintindex":0}}}],"display":{"head":{"translation":[0.0,-6.4,0.0],"scale":[4.0,4.0,4.0]}}}