{
	"credit": "Made by samus2002",
	"texture_size": [64, 64],
	"textures": {
		"0": "warrior_texture/chain_hook",
		"particle": "warrior_texture/chain_hook"
	},
	"elements": [
		{
			"from": [8, 6.4, -12.5],
			"to": [8, 9.4, -7.5],
			"rotation": {"angle": 0, "axis": "y", "origin": [8, 8, 5]},
			"faces": {
				"north": {"uv": [6.75, 2.25, 6.75, 3], "texture": "#0"},
				"east": {"uv": [4.5, 5.5, 5.75, 6.25], "texture": "#0"},
				"south": {"uv": [3.25, 6.75, 3.25, 7.5], "texture": "#0"},
				"west": {"uv": [0, 5.75, 1.25, 6.5], "texture": "#0"},
				"up": {"uv": [4.5, 8, 4.5, 6.75], "texture": "#0"},
				"down": {"uv": [4.75, 6.75, 4.75, 8], "texture": "#0"}
			}
		},
		{
			"from": [6.5, 7.9, -9.5],
			"to": [9.5, 7.9, -4.5],
			"rotation": {"angle": 0, "axis": "y", "origin": [8, 8, 5]},
			"faces": {
				"north": {"uv": [0.75, 6.75, 1.5, 6.75], "texture": "#0"},
				"east": {"uv": [1.75, 6.75, 3, 6.75], "texture": "#0"},
				"south": {"uv": [6.75, 1.75, 7.5, 1.75], "texture": "#0"},
				"west": {"uv": [6.75, 2, 8, 2], "texture": "#0"},
				"up": {"uv": [4.25, 6.75, 3.5, 5.5], "texture": "#0"},
				"down": {"uv": [4.25, 5.5, 3.5, 6.75], "texture": "#0"}
			}
		},
		{
			"from": [8, 6.4, -6.5],
			"to": [8, 9.4, -1.5],
			"rotation": {"angle": 0, "axis": "y", "origin": [8, 8, 5]},
			"faces": {
				"north": {"uv": [6.75, 2.25, 6.75, 3], "texture": "#0"},
				"east": {"uv": [4.5, 5.5, 5.75, 6.25], "texture": "#0"},
				"south": {"uv": [3.25, 6.75, 3.25, 7.5], "texture": "#0"},
				"west": {"uv": [0, 5.75, 1.25, 6.5], "texture": "#0"},
				"up": {"uv": [4.5, 8, 4.5, 6.75], "texture": "#0"},
				"down": {"uv": [4.75, 6.75, 4.75, 8], "texture": "#0"}
			}
		},
		{
			"from": [6.5, 7.9, -3.5],
			"to": [9.5, 7.9, 1.5],
			"rotation": {"angle": 0, "axis": "y", "origin": [8, 8, 5]},
			"faces": {
				"north": {"uv": [0.75, 6.75, 1.5, 6.75], "texture": "#0"},
				"east": {"uv": [1.75, 6.75, 3, 6.75], "texture": "#0"},
				"south": {"uv": [6.75, 1.75, 7.5, 1.75], "texture": "#0"},
				"west": {"uv": [6.75, 2, 8, 2], "texture": "#0"},
				"up": {"uv": [4.25, 6.75, 3.5, 5.5], "texture": "#0"},
				"down": {"uv": [4.25, 5.5, 3.5, 6.75], "texture": "#0"}
			}
		},
		{
			"from": [8, 6.4, -0.5],
			"to": [8, 9.4, 4.5],
			"rotation": {"angle": 0, "axis": "y", "origin": [8, 8, 5]},
			"faces": {
				"north": {"uv": [6.75, 2.25, 6.75, 3], "texture": "#0"},
				"east": {"uv": [4.5, 5.5, 5.75, 6.25], "texture": "#0"},
				"south": {"uv": [3.25, 6.75, 3.25, 7.5], "texture": "#0"},
				"west": {"uv": [0, 5.75, 1.25, 6.5], "texture": "#0"},
				"up": {"uv": [4.5, 8, 4.5, 6.75], "texture": "#0"},
				"down": {"uv": [4.75, 6.75, 4.75, 8], "texture": "#0"}
			}
		},
		{
			"from": [6.5, 7.9, 2.5],
			"to": [9.5, 7.9, 7.5],
			"rotation": {"angle": 0, "axis": "y", "origin": [8, 8, 5]},
			"faces": {
				"north": {"uv": [0.75, 6.75, 1.5, 6.75], "texture": "#0"},
				"east": {"uv": [1.75, 6.75, 3, 6.75], "texture": "#0"},
				"south": {"uv": [6.75, 1.75, 7.5, 1.75], "texture": "#0"},
				"west": {"uv": [6.75, 2, 8, 2], "texture": "#0"},
				"up": {"uv": [4.25, 6.75, 3.5, 5.5], "texture": "#0"},
				"down": {"uv": [4.25, 5.5, 3.5, 6.75], "texture": "#0"}
			}
		},
		{
			"from": [8, 6.4, 5.5],
			"to": [8, 9.4, 10.5],
			"rotation": {"angle": 0, "axis": "y", "origin": [8, 8, 5]},
			"faces": {
				"north": {"uv": [6.75, 2.25, 6.75, 3], "texture": "#0"},
				"east": {"uv": [4.5, 5.5, 5.75, 6.25], "texture": "#0"},
				"south": {"uv": [3.25, 6.75, 3.25, 7.5], "texture": "#0"},
				"west": {"uv": [0, 5.75, 1.25, 6.5], "texture": "#0"},
				"up": {"uv": [4.5, 8, 4.5, 6.75], "texture": "#0"},
				"down": {"uv": [4.75, 6.75, 4.75, 8], "texture": "#0"}
			}
		},
		{
			"from": [6.5, 7.9, 8.5],
			"to": [9.5, 7.9, 13.5],
			"rotation": {"angle": 0, "axis": "y", "origin": [8, 8, 5]},
			"faces": {
				"north": {"uv": [0.75, 6.75, 1.5, 6.75], "texture": "#0"},
				"east": {"uv": [1.75, 6.75, 3, 6.75], "texture": "#0"},
				"south": {"uv": [6.75, 1.75, 7.5, 1.75], "texture": "#0"},
				"west": {"uv": [6.75, 2, 8, 2], "texture": "#0"},
				"up": {"uv": [4.25, 6.75, 3.5, 5.5], "texture": "#0"},
				"down": {"uv": [4.25, 5.5, 3.5, 6.75], "texture": "#0"}
			}
		},
		{
			"from": [8, 6.4, 11.5],
			"to": [8, 9.4, 16.5],
			"rotation": {"angle": 0, "axis": "y", "origin": [8, 8, 5]},
			"faces": {
				"north": {"uv": [6.75, 2.25, 6.75, 3], "texture": "#0"},
				"east": {"uv": [4.5, 5.5, 5.75, 6.25], "texture": "#0"},
				"south": {"uv": [3.25, 6.75, 3.25, 7.5], "texture": "#0"},
				"west": {"uv": [0, 5.75, 1.25, 6.5], "texture": "#0"},
				"up": {"uv": [4.5, 8, 4.5, 6.75], "texture": "#0"},
				"down": {"uv": [4.75, 6.75, 4.75, 8], "texture": "#0"}
			}
		},
		{
			"from": [6.5, 7.9, 14.5],
			"to": [9.5, 7.9, 19.5],
			"rotation": {"angle": 0, "axis": "y", "origin": [8, 8, 5]},
			"faces": {
				"north": {"uv": [0.75, 6.75, 1.5, 6.75], "texture": "#0"},
				"east": {"uv": [1.75, 6.75, 3, 6.75], "texture": "#0"},
				"south": {"uv": [6.75, 1.75, 7.5, 1.75], "texture": "#0"},
				"west": {"uv": [6.75, 2, 8, 2], "texture": "#0"},
				"up": {"uv": [4.25, 6.75, 3.5, 5.5], "texture": "#0"},
				"down": {"uv": [4.25, 5.5, 3.5, 6.75], "texture": "#0"}
			}
		},
		{
			"from": [5.75, 7.75, 19.5],
			"to": [11.75, 7.75, 29.5],
			"rotation": {"angle": -45, "axis": "z", "origin": [8.25, 8.25, 24.5]},
			"faces": {
				"north": {"uv": [6.75, 4.75, 8.25, 4.75], "texture": "#0"},
				"east": {"uv": [6.75, 5, 9.25, 5], "texture": "#0"},
				"south": {"uv": [6.75, 5.25, 8.25, 5.25], "texture": "#0"},
				"west": {"uv": [6.75, 5.5, 9.25, 5.5], "texture": "#0"},
				"up": {"uv": [1.5, 2.5, 0, 0], "texture": "#0"},
				"down": {"uv": [1.5, 0, 0, 2.5], "texture": "#0"}
			}
		},
		{
			"from": [8.25, 5.25, 19.5],
			"to": [8.25, 11.25, 29.5],
			"rotation": {"angle": -45, "axis": "z", "origin": [8.25, 8.25, 24.5]},
			"faces": {
				"north": {"uv": [6.75, 4.75, 8.25, 4.75], "rotation": 90, "texture": "#0"},
				"east": {"uv": [1.5, 0, 0, 2.5], "rotation": 270, "texture": "#0"},
				"south": {"uv": [6.75, 5.25, 8.25, 5.25], "rotation": 270, "texture": "#0"},
				"west": {"uv": [1.5, 2.5, 0, 0], "rotation": 270, "texture": "#0"},
				"up": {"uv": [6.75, 5, 9.25, 5], "rotation": 270, "texture": "#0"},
				"down": {"uv": [6.75, 5.5, 9.25, 5.5], "rotation": 270, "texture": "#0"}
			}
		}
	],
	"display": {
		"thirdperson_righthand": {
			"rotation": [-90, 0, 0],
			"translation": [-6, 55.25, 0],
			"scale": [3, 3, 3]
		},
		"head": {
			"rotation": [0, 180, 0],
			"translation": [0, -19.5, 80],
			"scale": [4, 4, 4]
		}
	}
}