{"textures":{"0":"lootchests:3"},"elements":[{"faces":{"north":{"uv":[0.25,0.25,0.75,1.25],"texture":"#0","tintindex":0},"east":{"uv":[0,0.25,0.25,1.25],"texture":"#0","tintindex":0},"south":{"uv":[1,0.25,1.5,1.25],"texture":"#0","tintindex":0},"west":{"uv":[0.75,0.25,1,1.25],"texture":"#0","tintindex":0},"up":{"uv":[0.25,0,0.75,0.25],"texture":"#0","tintindex":0},"down":{"uv":[0.75,0,1.25,0.25],"texture":"#0","tintindex":0}},"to":[8.4,5.8,2.4],"from":[7.6,4.2,2],"rotation":{"angle":0,"axis":"y","origin":[8,5,2.2]}},{"faces":{"north":{"uv":[3.5,3.75,7,4.75],"texture":"#0","tintindex":0},"east":{"uv":[3.25,3.75,3.5,4.75],"texture":"#0","tintindex":0},"south":{"uv":[0,3.75,3.5,4.75],"texture":"#0","tintindex":0},"west":{"uv":[7,3.75,7.25,4.75],"texture":"#0","tintindex":0},"up":{"uv":[0,0,3.5,0.25],"texture":"#missing","tintindex":0},"down":{"uv":[3.5,3.5,7,3.75],"texture":"#0","tintindex":0}},"to":[10.8,6.6,2.8],"from":[5.2,5,2.4],"rotation":{"angle":0,"axis":"y","origin":[8,5.8,2.6]}},{"faces":{"north":{"uv":[7,3.75,10.5,4.75],"texture":"#0","tintindex":0},"east":{"uv":[0,3.75,0.25,4.75],"texture":"#0","tintindex":0},"south":{"uv":[10.5,3.75,14,4.75],"texture":"#0","tintindex":0},"west":{"uv":[10.25,3.75,10.5,4.75],"texture":"#0","tintindex":0},"up":{"uv":[0,0,3.5,0.25],"texture":"#missing","tintindex":0},"down":{"uv":[10.5,3.5,14,3.75],"texture":"#0","tintindex":0}},"to":[10.8,6.6,8],"from":[5.2,5,7.6],"rotation":{"angle":0,"axis":"y","origin":[8,5.8,7.8]}},{"faces":{"north":{"uv":[0,0,0.25,1],"texture":"#missing","tintindex":0},"east":{"uv":[10.75,3.75,13.75,4.75],"texture":"#0","tintindex":0},"south":{"uv":[0,0,0.25,1],"texture":"#missing","tintindex":0},"west":{"uv":[7.25,3.75,10.25,4.75],"texture":"#0","tintindex":0},"up":{"uv":[0,0,0.25,3],"texture":"#missing","tintindex":0},"down":{"uv":[7.25,3.5,10.25,3.75],"rotation":90,"texture":"#0","tintindex":0}},"to":[5.6,6.6,7.6],"from":[5.2,5,2.8],"rotation":{"angle":0,"axis":"y","origin":[5.4,5.8,5.2]}},{"faces":{"north":{"uv":[0,0,0.25,0.75],"texture":"#missing","tintindex":0},"east":{"uv":[0.25,3.75,3.25,4.75],"texture":"#0","tintindex":0},"south":{"uv":[0,0,0.25,0.75],"texture":"#missing","tintindex":0},"west":{"uv":[7.25,3.75,10,4.75],"texture":"#0","tintindex":0},"up":{"uv":[0,0,0.25,3],"texture":"#missing","tintindex":0},"down":{"uv":[0.25,3.5,3.25,3.75],"rotation":90,"texture":"#0","tintindex":0}},"to":[10.8,6.6,7.6],"from":[10.4,5,2.8],"rotation":{"angle":0,"axis":"y","origin":[10.6,5.8,5.2]}},{"faces":{"north":{"uv":[3.5,3.5,7,3.75],"texture":"#0","tintindex":0},"east":{"uv":[0,3.5,3.5,3.75],"texture":"#0","tintindex":0},"south":{"uv":[10.5,3.5,14,3.75],"texture":"#0","tintindex":0},"west":{"uv":[7,3.5,10.5,3.75],"texture":"#0","tintindex":0},"up":{"uv":[7,0,10.5,3.5],"texture":"#0","tintindex":0},"down":{"uv":[3.5,0,7,3.5],"texture":"#0","tintindex":0}},"to":[10.8,7,8],"from":[5.2,6.6,2.4],"rotation":{"angle":0,"axis":"y","origin":[8,6.8,5.2]}}],"display":{"head":{"translation":[0,5.6,0],"scale":[4,4,4],"rotation":[0,0,0]}}}