{"textures":{"1":"lootchests:glow"},"elements":[{"faces":{"north":{"uv":[0,0,16,8],"texture":"#1","tintindex":0},"east":{"uv":[0,0,0,1.25],"texture":"#missing","tintindex":0},"west":{"uv":[0,0,0,1.25],"texture":"#missing","tintindex":0},"up":{"uv":[0,0,2.5,0],"texture":"#missing","tintindex":0},"down":{"uv":[0,0,2.5,0],"texture":"#missing","tintindex":0}},"to":[10,7,6],"from":[6,5,6],"rotation":{"angle":0,"axis":"y","origin":[8,6,6]}},{"faces":{"east":{"uv":[0,0,0,1.25],"texture":"#missing","tintindex":0},"south":{"uv":[0,0,16,8],"texture":"#1","tintindex":0},"west":{"uv":[0,0,0,1.25],"texture":"#missing","tintindex":0},"up":{"uv":[0,0,2.5,0],"texture":"#missing","tintindex":0},"down":{"uv":[0,0,2.5,0],"texture":"#missing","tintindex":0}},"to":[10,7,10],"from":[6,5,10],"rotation":{"angle":0,"axis":"y","origin":[8,6,10]}},{"faces":{"north":{"uv":[0,0,0,1.25],"texture":"#missing","tintindex":0},"south":{"uv":[0,0,0,1.25],"texture":"#missing","tintindex":0},"west":{"uv":[0,0,16,8],"texture":"#1","tintindex":0},"up":{"uv":[0,0,0,2.5],"texture":"#missing","tintindex":0},"down":{"uv":[0,0,0,2.5],"texture":"#missing","tintindex":0}},"to":[6,7,10],"from":[6,5,6],"rotation":{"angle":0,"axis":"y","origin":[6,6,8]}},{"faces":{"north":{"uv":[0,0,0,1.25],"texture":"#missing","tintindex":0},"east":{"uv":[0,0,16,8],"texture":"#1","tintindex":0},"south":{"uv":[0,0,0,1.25],"texture":"#missing","tintindex":0},"up":{"uv":[0,0,0,2.5],"texture":"#missing","tintindex":0},"down":{"uv":[0,0,0,2.5],"texture":"#missing","tintindex":0}},"to":[10,7,10],"from":[10,5,6],"rotation":{"angle":0,"axis":"y","origin":[10,6,8]}}],"display":{"head":{"translation":[0,5.6,0],"scale":[4,4,4],"rotation":[0,0,0]}}}