{"credit":"Made with Blockbench","textures":{"0":"block_model:custom/air_balloon","particle":"block_model:custom/air_balloon"},"elements":[{"from":[-12,-10,-12],"to":[28,30,28],"rotation":{"angle":0,"axis":"y","origin":[8,6,8]},"faces":{"north":{"uv":[0,0,5,5],"texture":"#0","tintindex":0},"east":{"uv":[0,0,5,5],"texture":"#0","tintindex":0},"south":{"uv":[0,0,5,5],"texture":"#0","tintindex":0},"west":{"uv":[0,0,5,5],"texture":"#0","tintindex":0},"up":{"uv":[5.063,0,10.063,5],"texture":"#0","tintindex":0},"down":{"uv":[5,7.0005,10,12.0005],"texture":"#0","tintindex":0}}},{"from":[28,30,28],"to":[-12,-10,-12],"rotation":{"angle":0,"axis":"y","origin":[8,6,8]},"faces":{"north":{"uv":[0,0,5,5],"rotation":180,"texture":"#0","tintindex":0},"east":{"uv":[0,0,5,5],"rotation":180,"texture":"#0","tintindex":0},"south":{"uv":[0,0,5,5],"rotation":180,"texture":"#0","tintindex":0},"west":{"uv":[0,0,5,5],"rotation":180,"texture":"#0","tintindex":0},"up":{"uv":[5,7.0005,10,12.0005],"texture":"#0","tintindex":0},"down":{"uv":[5.063,0,10.063,5],"texture":"#0","tintindex":0}}},{"from":[-13.5,8.5,-13.5],"to":[-10,12,-10],"rotation":{"angle":0,"axis":"y","origin":[8,6,8]},"faces":{"north":{"uv":[4.063,6.563,4.498,6.998],"texture":"#0"},"east":{"uv":[4.063,6.0625,4.498,6.4975],"rotation":270,"texture":"#0"},"south":{"uv":[4.063,6.4975,4.498,6.0625],"rotation":270,"texture":"#0"},"west":{"uv":[4.063,6.563,4.498,6.998],"texture":"#0"},"up":{"uv":[4.063,6.4975,4.498,6.0625],"rotation":270,"texture":"#0"},"down":{"uv":[4.563,6.498,4.998,6.063],"rotation":270,"texture":"#0"}}},{"from":[26,8.5,-13.5],"to":[29.5,12,-10],"rotation":{"angle":0,"axis":"y","origin":[8,6,8]},"faces":{"north":{"uv":[4.063,6.563,4.498,6.998],"texture":"#0"},"east":{"uv":[4.063,6.563,4.498,6.998],"texture":"#0"},"south":{"uv":[4.063,6.0625,4.498,6.4975],"rotation":270,"texture":"#0"},"west":{"uv":[4.063,6.4975,4.498,6.0625],"rotation":270,"texture":"#0"},"up":{"uv":[4.063,6.4975,4.498,6.0625],"texture":"#0"},"down":{"uv":[4.563,6.498,4.998,6.063],"rotation":180,"texture":"#0"}}},{"from":[26,8.5,26],"to":[29.5,12,29.5],"rotation":{"angle":0,"axis":"y","origin":[8,6,8]},"faces":{"north":{"uv":[4.063,6.4975,4.498,6.0625],"rotation":270,"texture":"#0"},"east":{"uv":[4.063,6.563,4.498,6.998],"texture":"#0"},"south":{"uv":[4.063,6.563,4.498,6.998],"texture":"#0"},"west":{"uv":[4.063,6.0625,4.498,6.4975],"rotation":270,"texture":"#0"},"up":{"uv":[4.063,6.4975,4.498,6.0625],"rotation":90,"texture":"#0"},"down":{"uv":[4.563,6.498,4.998,6.063],"rotation":90,"texture":"#0"}}},{"from":[-13.5,8.5,26],"to":[-10,12,29.5],"rotation":{"angle":0,"axis":"y","origin":[8,6,8]},"faces":{"north":{"uv":[4.063,6.0625,4.498,6.4975],"rotation":270,"texture":"#0"},"east":{"uv":[4.063,6.4975,4.498,6.0625],"rotation":270,"texture":"#0"},"south":{"uv":[4.063,6.563,4.498,6.998],"texture":"#0"},"west":{"uv":[4.063,6.563,4.498,6.998],"texture":"#0"},"up":{"uv":[4.063,6.4975,4.498,6.0625],"rotation":180,"texture":"#0"},"down":{"uv":[4.563,6.498,4.998,6.063],"texture":"#0"}}},{"from":[-12.5,-3,-11.5],"to":[-12.5,9.5,27.5],"rotation":{"angle":0,"axis":"y","origin":[8,6,8]},"faces":{"east":{"uv":[5.125,5,10,6.5],"texture":"#0"},"west":{"uv":[5.125,5,10,6.5625],"texture":"#0"}}},{"from":[-11.5,-3,-12.5],"to":[27.5,9.5,-12.5],"rotation":{"angle":0,"axis":"y","origin":[8,6,8]},"faces":{"north":{"uv":[5.125,5,10,6.5625],"texture":"#0"},"south":{"uv":[5.125,5,10,6.5],"texture":"#0"}}},{"from":[28.5,-3,-11.5],"to":[28.5,9.5,27.5],"rotation":{"angle":0,"axis":"y","origin":[8,6,8]},"faces":{"east":{"uv":[5.125,5,10,6.5625],"texture":"#0"},"west":{"uv":[5.125,5,10,6.5],"texture":"#0"}}},{"from":[-11.5,-3,28.5],"to":[27.5,9.5,28.5],"rotation":{"angle":0,"axis":"y","origin":[8,6,8]},"faces":{"north":{"uv":[5.125,5,10,6.5],"texture":"#0"},"south":{"uv":[5.125,5,10,6.5625],"texture":"#0"}}},{"from":[6.5,8.5,-12.1],"to":[9.5,11.5,-12.1],"rotation":{"angle":0,"axis":"y","origin":[8,6,8]},"faces":{"north":{"uv":[4.5625,6.563,4.937,6.9375],"texture":"#0"},"south":{"uv":[4.5625,6.563,4.937,6.9375],"texture":"#0"}}},{"from":[28.1,8.5,6.5],"to":[28.1,11.5,9.5],"rotation":{"angle":0,"axis":"y","origin":[8,6,8]},"faces":{"east":{"uv":[4.5625,6.563,4.937,6.9375],"texture":"#0"},"west":{"uv":[4.5625,6.563,4.937,6.9375],"texture":"#0"}}},{"from":[6.5,8.5,28.1],"to":[9.5,11.5,28.1],"rotation":{"angle":0,"axis":"y","origin":[8,6,8]},"faces":{"north":{"uv":[4.5625,6.563,4.937,6.9375],"texture":"#0"},"south":{"uv":[4.5625,6.563,4.937,6.9375],"texture":"#0"}}},{"from":[6.5,30.1,6.5],"to":[9.5,30.1,9.5],"rotation":{"angle":0,"axis":"x","origin":[8,6,8]},"faces":{"up":{"uv":[4.5625,6.563,4.937,6.9375],"texture":"#0"},"down":{"uv":[4.5625,6.563,4.937,6.9375],"rotation":180,"texture":"#0"}}},{"from":[-12.1,8.5,6.5],"to":[-12.1,11.5,9.5],"rotation":{"angle":0,"axis":"y","origin":[8,6,8]},"faces":{"east":{"uv":[4.5625,6.563,4.937,6.9375],"texture":"#0"},"west":{"uv":[4.5625,6.563,4.937,6.9375],"texture":"#0"}}}],"display":{"thirdperson_righthand":{"rotation":[38,27,0],"scale":[0.1,0.1,0.1]},"thirdperson_lefthand":{"rotation":[38,27,0],"scale":[0.1,0.1,0.1]},"firstperson_righthand":{"rotation":[0,21,0],"translation":[5.75,0,-4.5],"scale":[0.2,0.2,0.2]},"firstperson_lefthand":{"rotation":[0,21,0],"translation":[5.75,0,-4.5],"scale":[0.2,0.2,0.2]},"ground":{"translation":[0,5.5,0],"scale":[0.2,0.2,0.2]},"gui":{"rotation":[30,45,0],"translation":[0,-0.5,0],"scale":[0.25,0.25,0.25]},"head":{"translation":[0,42.25,0],"scale":[3.2,3.2,3.2]},"fixed":{"scale":[0.4,0.4,0.4]}},"groups":[{"name":"group","origin":[8,8,8],"children":[0,1,2,3,4,5,6,7,8,9,10,11,12,13,14]}]}