{"credit":"Made with Blockbench","textures":{"0":"block_model:custom/beach_chair","particle":"block_model:custom/beach_chair"},"elements":[{"from":[3,3,15],"to":[13,17,15],"rotation":{"angle":22.5,"axis":"x","origin":[8,3,15]},"faces":{"north":{"uv":[0.75,0.75,3.25,4.25],"texture":"#0"},"south":{"uv":[1,0.75,3,4.25],"texture":"#0"}}},{"from":[2,17,14.5],"to":[14,19,15.5],"rotation":{"angle":22.5,"axis":"x","origin":[8,3,15]},"faces":{"north":{"uv":[0.5,0.25,3.5,0.75],"texture":"#0"},"south":{"uv":[0.5,0.25,3.5,0.75],"texture":"#0"},"up":{"uv":[0.5,0.25,3.5,0.5],"texture":"#0"},"down":{"uv":[0.5,0.5,3.5,0.75],"texture":"#0"}}},{"from":[14,3,14],"to":[15,20,16],"rotation":{"angle":22.5,"axis":"x","origin":[8,3,15]},"faces":{"north":{"uv":[0.25,0,0.5,4.25],"texture":"#0"},"east":{"uv":[0.5,0,0,4.25],"texture":"#0"},"south":{"uv":[0.25,0,0.5,4.25],"texture":"#0"},"west":{"uv":[0,0,0.5,4.25],"texture":"#0"},"up":{"uv":[0,0,0.25,0.25],"texture":"#0"},"down":{"uv":[4.25,0.25,4.5,0.5],"texture":"#0"}}},{"from":[1,3,14],"to":[2,20,16],"rotation":{"angle":22.5,"axis":"x","origin":[8,3,15]},"faces":{"north":{"uv":[0.25,0,0.5,4.25],"texture":"#0"},"east":{"uv":[0.5,0,0,4.25],"texture":"#0"},"south":{"uv":[0.25,0,0.5,4.25],"texture":"#0"},"west":{"uv":[0,0,0.5,4.25],"texture":"#0"},"up":{"uv":[0,0,0.25,0.25],"texture":"#0"},"down":{"uv":[4.25,0.25,4.5,0.5],"texture":"#0"}}},{"from":[1,1,14],"to":[15,3,16],"faces":{"north":{"uv":[0.25,4.25,3.75,4.75],"texture":"#0"},"east":{"uv":[3.5,4,4,4.5],"texture":"#0"},"south":{"uv":[0.25,4.25,3.75,4.75],"texture":"#0"},"west":{"uv":[3.5,4,4,4.5],"texture":"#0"},"up":{"uv":[0.25,4.25,3.75,4.75],"rotation":180,"texture":"#0"},"down":{"uv":[0.25,4.25,3.75,4.75],"texture":"#0"}}},{"from":[1,1,2],"to":[2,3,14],"faces":{"north":{"uv":[3.5,5.5,3.75,6],"texture":"#0"},"east":{"uv":[3.5,4.75,4,7.75],"rotation":270,"texture":"#0"},"west":{"uv":[3.5,4.75,4,7.75],"rotation":270,"texture":"#0"},"up":{"uv":[3.75,4.75,4,7.75],"texture":"#0"},"down":{"uv":[3.5,4.75,3.75,7.75],"rotation":180,"texture":"#0"}}},{"from":[14,1,2],"to":[15,3,14],"faces":{"north":{"uv":[3.5,5.5,3.75,6],"texture":"#0"},"east":{"uv":[3.5,4.75,4,7.75],"rotation":270,"texture":"#0"},"west":{"uv":[3.5,4.75,4,7.75],"rotation":270,"texture":"#0"},"up":{"uv":[3.75,4.75,4,7.75],"texture":"#0"},"down":{"uv":[3.5,4.75,3.75,7.75],"rotation":180,"texture":"#0"}}},{"from":[3,3,3],"to":[13,3,14],"faces":{"up":{"uv":[0.75,4.75,3.25,7.5],"texture":"#0"},"down":{"uv":[0.75,4.75,3.25,7.5],"texture":"#0"}}},{"from":[2,1,2],"to":[14,3,3],"rotation":{"angle":0,"axis":"x","origin":[8,3,15]},"faces":{"north":{"uv":[0.5,7.5,3.5,8],"texture":"#0"},"south":{"uv":[0.5,7.5,3.5,8],"texture":"#0"},"up":{"uv":[0.5,7.5,3.5,7.75],"texture":"#0"},"down":{"uv":[0.5,7.75,3.5,8],"texture":"#0"}}},{"from":[0,7,2],"to":[2,8,16],"faces":{"north":{"uv":[0,0,0.5,0.25],"texture":"#0"},"east":{"uv":[0.25,0,0,3.5],"rotation":90,"texture":"#0"},"south":{"uv":[0,0.25,0.5,0.5],"texture":"#0"},"west":{"uv":[0.25,3.5,0,0],"rotation":90,"texture":"#0"},"up":{"uv":[0,0,0.5,3.5],"texture":"#0"},"down":{"uv":[0.5,0,0,3.5],"texture":"#0"}}},{"from":[14,7,2],"to":[16,8,16],"faces":{"north":{"uv":[0,0,0.5,0.25],"texture":"#0"},"east":{"uv":[0.25,0,0,3.5],"rotation":90,"texture":"#0"},"south":{"uv":[0,0.25,0.5,0.5],"texture":"#0"},"west":{"uv":[0.25,3.5,0,0],"rotation":90,"texture":"#0"},"up":{"uv":[0.5,0,0,3.5],"texture":"#0"},"down":{"uv":[0,0,0.5,3.5],"texture":"#0"}}},{"from":[0,-5,6],"to":[1,7,8],"faces":{"north":{"uv":[4.25,1.25,4.5,4.25],"texture":"#0"},"east":{"uv":[4.75,1.25,4.25,4.25],"texture":"#0"},"south":{"uv":[4.5,1.25,4.75,4.25],"texture":"#0"},"west":{"uv":[4.25,1.25,4.75,4.25],"texture":"#0"},"down":{"uv":[0,4,0.25,4.5],"texture":"#0"}}},{"from":[15,-5,6],"to":[16,7,8],"faces":{"north":{"uv":[4.25,1.25,4.5,4.25],"texture":"#0"},"east":{"uv":[4.75,1.25,4.25,4.25],"texture":"#0"},"south":{"uv":[4.5,1.25,4.75,4.25],"texture":"#0"},"west":{"uv":[4.25,1.25,4.75,4.25],"texture":"#0"},"down":{"uv":[0,4,0.25,4.5],"texture":"#0"}}},{"from":[0.1,-8.6,8],"to":[1.1,7.4,10],"rotation":{"angle":-45,"axis":"x","origin":[0.52097,6.98518,8.99383]},"faces":{"north":{"uv":[5,0.5,5.25,4.5],"rotation":180,"texture":"#0"},"east":{"uv":[4.75,0.5,5.25,4.5],"rotation":180,"texture":"#0"},"south":{"uv":[4.75,0.5,5,4.5],"rotation":180,"texture":"#0"},"west":{"uv":[4.75,0.5,5.25,4.5],"rotation":180,"texture":"#0"},"up":{"uv":[0,4,0.25,4.5],"texture":"#0"},"down":{"uv":[0,4,0.25,4.5],"texture":"#0"}}},{"from":[14.9,-8.6,8],"to":[15.9,7.4,10],"rotation":{"angle":-45,"axis":"x","origin":[0.52097,6.98518,8.99383]},"faces":{"north":{"uv":[5,0.5,5.25,4.5],"rotation":180,"texture":"#0"},"east":{"uv":[4.75,0.5,5.25,4.5],"rotation":180,"texture":"#0"},"south":{"uv":[4.75,0.5,5,4.5],"rotation":180,"texture":"#0"},"west":{"uv":[4.75,0.5,5.25,4.5],"rotation":180,"texture":"#0"},"up":{"uv":[0,4,0.25,4.5],"texture":"#0"},"down":{"uv":[0,4,0.25,4.5],"texture":"#0"}}},{"from":[3,3,3],"to":[13,3,14],"faces":{"up":{"uv":[5.25,4.75,7.75,7.5],"texture":"#0","tintindex":1},"down":{"uv":[5.25,4.75,7.75,7.5],"texture":"#0","tintindex":1}}},{"from":[3,3,15],"to":[13,17,15],"rotation":{"angle":22.5,"axis":"x","origin":[8,3,15]},"faces":{"north":{"uv":[5.25,0.75,7.75,4.25],"texture":"#0","tintindex":1},"south":{"uv":[5.5,0.75,7.5,4.25],"texture":"#0","tintindex":1}}},{"from":[1.95,0.95,1.95],"to":[14.05,3.05,3.05],"rotation":{"angle":0,"axis":"x","origin":[8,3,15]},"faces":{"north":{"uv":[5.25,7.5,8.25,8],"texture":"#0","tintindex":1},"south":{"uv":[5.25,7.5,8.25,8],"texture":"#0","tintindex":1},"up":{"uv":[5.25,7.5,8.25,7.75],"texture":"#0","tintindex":1},"down":{"uv":[5.25,7.75,8.25,8],"texture":"#0","tintindex":1}}},{"from":[0.95,0.95,13.95],"to":[15.05,3.05,16.05],"faces":{"north":{"uv":[5.25,4.25,8.75,4.75],"texture":"#0","tintindex":1},"south":{"uv":[5.25,4.25,8.75,4.75],"texture":"#0","tintindex":1},"up":{"uv":[5.25,4.25,8.75,4.75],"rotation":180,"texture":"#0","tintindex":1},"down":{"uv":[5.25,4.25,8.75,4.75],"texture":"#0","tintindex":1}}},{"from":[1.95,16.95,14.45],"to":[14.05,19.05,15.55],"rotation":{"angle":22.5,"axis":"x","origin":[8,3,15]},"faces":{"north":{"uv":[5.25,0.25,8.25,0.75],"texture":"#0","tintindex":1},"south":{"uv":[5.25,0.25,8.25,0.75],"texture":"#0","tintindex":1},"up":{"uv":[5.25,0.25,8.25,0.5],"texture":"#0","tintindex":1},"down":{"uv":[5.25,0.5,8.25,0.75],"texture":"#0","tintindex":1}}}],"display":{"thirdperson_righthand":{"rotation":[44,30,0],"translation":[0,2.25,0.5],"scale":[0.2,0.2,0.2]},"thirdperson_lefthand":{"rotation":[44,30,0],"translation":[0,2.25,0.5],"scale":[0.2,0.2,0.2]},"firstperson_righthand":{"rotation":[0,115,0],"translation":[11.75,0,-12.5]},"firstperson_lefthand":{"rotation":[0,115,0],"translation":[11.75,0,-12.5]},"ground":{"translation":[0,2,0],"scale":[0.2,0.2,0.2]},"gui":{"rotation":[30,135,0],"translation":[-1.25,-0.5,0],"scale":[0.5,0.5,0.5]},"head":{"translation":[0,13.75,-1.75]},"fixed":{"rotation":[-90,0,0],"translation":[0,-9.25,-26],"scale":[2,2,2]}},"groups":[{"name":"group","origin":[8,8,8],"children":[0,1,2,3]},4,5,6,7,8,9,10,11,12,13,14,{"name":"group","origin":[8,8,8],"children":[15,16,17,18,19]}]}