{"credit":"Made with Blockbench","textures":{"0":"block_model:custom/book_stack_1","particle":"block_model:custom/book_stack_1"},"elements":[{"from":[11,0,3],"to":[11,2,13],"rotation":{"angle":0,"axis":"y","origin":[7,8,7]},"faces":{"east":{"uv":[1.5,8,2,10.5],"rotation":90,"texture":"#0","tintindex":1},"west":{"uv":[1.5,8,2,10.5],"rotation":90,"texture":"#0","tintindex":1}}},{"from":[11,0,3],"to":[11,2,13],"rotation":{"angle":0,"axis":"y","origin":[7,8,7]},"faces":{"east":{"uv":[3.5,8,4,10.5],"rotation":90,"texture":"#0"},"west":{"uv":[3.5,8,4,10.5],"rotation":90,"texture":"#0"}}},{"from":[5,0,3],"to":[11,0,13],"rotation":{"angle":0,"axis":"y","origin":[7,8,7]},"faces":{"up":{"uv":[0,8,1.5,10.5],"texture":"#0","tintindex":1},"down":{"uv":[0,8,1.5,10.5],"texture":"#0","tintindex":1}}},{"from":[5,2,3],"to":[11,2,13],"rotation":{"angle":0,"axis":"y","origin":[7,8,7]},"faces":{"up":{"uv":[0,8,1.5,10.5],"texture":"#0","tintindex":1},"down":{"uv":[0,8,1.5,10.5],"texture":"#0","tintindex":1}}},{"from":[6,1,4],"to":[11,2,12],"faces":{"north":{"uv":[1,5.5,2.25,5.75],"texture":"#0"},"south":{"uv":[1,5.5,2.25,5.75],"texture":"#0"},"west":{"uv":[1,5.5,2.25,5.75],"texture":"#0"},"down":{"uv":[0.25,5.75,1.5,7.75],"texture":"#0"}}},{"from":[6,0,4],"to":[11,1,12],"faces":{"north":{"uv":[3.75,5.5,5,5.75],"texture":"#0"},"south":{"uv":[3.75,5.5,5,5.75],"texture":"#0"},"west":{"uv":[3.75,5.5,5,5.75],"texture":"#0"},"up":{"uv":[1.75,5.75,3,7.75],"texture":"#0"}}},{"from":[5,2,3],"to":[11,2,13],"rotation":{"angle":0,"axis":"y","origin":[7,8,7]},"faces":{"east":{"uv":[0,0,2.5,0],"texture":"#0"},"south":{"uv":[0,0,1.5,0],"texture":"#0"},"west":{"uv":[0,0,2.5,0],"texture":"#0"},"up":{"uv":[2,8,3.5,10.5],"texture":"#0"},"down":{"uv":[2,8,3.5,10.5],"texture":"#0"}}},{"from":[5,0,3],"to":[11,0,13],"rotation":{"angle":0,"axis":"y","origin":[7,8,7]},"faces":{"east":{"uv":[0,0,2.5,0],"texture":"#0"},"south":{"uv":[0,0,1.5,0],"texture":"#0"},"west":{"uv":[0,0,2.5,0],"texture":"#0"},"up":{"uv":[2,8,3.5,10.5],"texture":"#0"},"down":{"uv":[2,8,3.5,10.5],"texture":"#0"}}}],"display":{"thirdperson_righthand":{"rotation":[87,-168,93],"translation":[7,-0.75,0.25]},"thirdperson_lefthand":{"rotation":[87,-168,93],"translation":[7,-0.75,0.25]},"firstperson_righthand":{"rotation":[45,-14,71],"translation":[-9.25,5.25,6.75]},"firstperson_lefthand":{"rotation":[45,-14,71],"translation":[-9,5.25,6.75]},"ground":{"rotation":[-90,0,0],"translation":[0,5.25,-7]},"gui":{"rotation":[122,0,142],"translation":[-5,4,0],"scale":[1.2,1.2,1.2]},"head":{"translation":[0,19.26,0],"scale":[1.6,1.6,1.6]},"fixed":{"rotation":[-90,0,0],"translation":[0,0,-17.26],"scale":[2,2,2]}},"groups":[{"name":"group","origin":[8,8,8],"color":0,"children":[0,1,2,3,4,5]},6,7]}