{"credit":"Made with Blockbench","textures":{"0":"block_model:custom/camera","particle":"block_model:custom/camera"},"elements":[{"from":[6,20,1],"to":[10,24,6],"faces":{"north":{"uv":[2,5.5,4,7.5],"texture":"#0"},"east":{"uv":[1,8.5,3.5,10.5],"rotation":180,"texture":"#0"},"south":{"uv":[2,5.5,4,7.5],"texture":"#0"},"west":{"uv":[1,8.5,3.5,10.5],"texture":"#0"},"up":{"uv":[1,8.5,3.5,10.5],"rotation":90,"texture":"#0"},"down":{"uv":[1,8.5,3.5,10.5],"rotation":270,"texture":"#0"}}},{"from":[4,18,4],"to":[12,26,12],"faces":{"north":{"uv":[1,4.5,5,8.5],"texture":"#0"},"east":{"uv":[9,4.5,5,8.5],"texture":"#0"},"south":{"uv":[1,4.5,5,8.5],"texture":"#0"},"west":{"uv":[5,4.5,9,8.5],"texture":"#0"},"up":{"uv":[1,0.5,5,4.5],"rotation":180,"texture":"#0"},"down":{"uv":[1,0.5,5,4.5],"texture":"#0"}}},{"from":[7.5,-2,7.5],"to":[8.5,19,8.5],"rotation":{"angle":22.5,"axis":"x","origin":[7.99389,18.49999,8.00612]},"faces":{"north":{"uv":[0,0,0.5,10.5],"texture":"#0"},"east":{"uv":[0.5,0,1,10.5],"texture":"#0"},"south":{"uv":[0,0,0.5,10.5],"texture":"#0"},"west":{"uv":[0.5,0,1,10.5],"texture":"#0"},"up":{"uv":[0,0,0.5,0.5],"texture":"#0"},"down":{"uv":[0,0,0.5,0.5],"texture":"#0"}}},{"from":[7.5,-2,7.5],"to":[8.5,19,8.5],"rotation":{"angle":-22.5,"axis":"x","origin":[7.99389,18.49999,8.00612]},"faces":{"north":{"uv":[0,0,0.5,10.5],"texture":"#0"},"east":{"uv":[0.5,0,1,10.5],"texture":"#0"},"south":{"uv":[0,0,0.5,10.5],"texture":"#0"},"west":{"uv":[0.5,0,1,10.5],"texture":"#0"},"up":{"uv":[0,0,0.5,0.5],"texture":"#0"},"down":{"uv":[0,0,0.5,0.5],"texture":"#0"}}},{"from":[7.5,-2,7.5],"to":[8.5,19,8.5],"rotation":{"angle":22.5,"axis":"z","origin":[7.99389,18.49999,8.00612]},"faces":{"north":{"uv":[0,0,0.5,10.5],"texture":"#0"},"east":{"uv":[0.5,0,1,10.5],"texture":"#0"},"south":{"uv":[0,0,0.5,10.5],"texture":"#0"},"west":{"uv":[0.5,0,1,10.5],"texture":"#0"},"up":{"uv":[0,0,0.5,0.5],"texture":"#0"},"down":{"uv":[0,0,0.5,0.5],"texture":"#0"}}},{"from":[7.5,-2,7.5],"to":[8.5,19,8.5],"rotation":{"angle":-22.5,"axis":"z","origin":[7.99389,18.49999,8.00612]},"faces":{"north":{"uv":[0,0,0.5,10.5],"texture":"#0"},"east":{"uv":[0.5,0,1,10.5],"texture":"#0"},"south":{"uv":[0,0,0.5,10.5],"texture":"#0"},"west":{"uv":[0.5,0,1,10.5],"texture":"#0"},"up":{"uv":[0,0,0.5,0.5],"texture":"#0"},"down":{"uv":[0,0,0.5,0.5],"texture":"#0"}}},{"from":[7,26,10],"to":[9,28,12],"rotation":{"angle":0,"axis":"y","origin":[8,5,8]},"faces":{"north":{"uv":[8,3.5,9,4.5],"texture":"#0"},"east":{"uv":[8,3.5,9,4.5],"texture":"#0"},"south":{"uv":[8,3.5,9,4.5],"texture":"#0"},"west":{"uv":[8,3.5,9,4.5],"texture":"#0"},"up":{"uv":[8,2.5,9,3.5],"texture":"#0"},"down":{"uv":[8,2.5,9,3.5],"texture":"#0"}}}],"display":{"thirdperson_righthand":{"rotation":[54,51,0],"translation":[0,-1.75,-1.25],"scale":[0.4,0.4,0.4]},"thirdperson_lefthand":{"rotation":[54,51,0],"translation":[0,-1.75,-1.25],"scale":[0.4,0.4,0.4]},"firstperson_righthand":{"rotation":[0,115,0],"translation":[9,-8.75,-8.25]},"firstperson_lefthand":{"rotation":[0,115,0],"translation":[9,-8.75,-8.25]},"ground":{"translation":[0,4,0],"scale":[0.4,0.4,0.4]},"gui":{"rotation":[30,135,0],"translation":[0,-2,0],"scale":[0.5,0.5,0.5]},"head":{"translation":[0,13.25,0]},"fixed":{"rotation":[-90,0,0],"translation":[0,0,14],"scale":[2,2,2]}},"groups":[{"name":"group","origin":[8,8,8],"children":[0,1,2,3,4,5,6]}]}