{"credit":"Made with Blockbench","textures":{"0":"block_model:custom/sofa_chair_green","particle":"block_model:custom/sofa_chair_green"},"elements":[{"from":[-1,-1,13],"to":[1,16,15],"rotation":{"angle":0,"axis":"y","origin":[15,9,7]},"faces":{"north":{"uv":[7.5,0.25,8,4.5],"texture":"#0"},"east":{"uv":[7.5,0.25,8,4.5],"texture":"#0"},"south":{"uv":[7.5,0.25,8,4.5],"texture":"#0"},"west":{"uv":[7.5,0.25,8,4.5],"texture":"#0"},"up":{"uv":[7.5,0.25,7.75,0.5],"texture":"#0"},"down":{"uv":[7.5,3.25,7.75,3.5],"texture":"#0"}}},{"from":[15,-1,1],"to":[17,1,13],"rotation":{"angle":0,"axis":"x","origin":[1,9,7]},"faces":{"north":{"uv":[7.5,0.25,7.75,0.5],"rotation":180,"texture":"#0"},"east":{"uv":[7.5,0.25,8,3.25],"rotation":270,"texture":"#0"},"south":{"uv":[7.5,3.25,7.75,3.5],"texture":"#0"},"west":{"uv":[7.5,0.25,8,3.25],"rotation":90,"texture":"#0"},"up":{"uv":[7.5,0.25,8,3.25],"rotation":180,"texture":"#0"},"down":{"uv":[7.5,0.25,8,3.25],"texture":"#0"}}},{"from":[-1,-1,1],"to":[1,1,13],"rotation":{"angle":0,"axis":"x","origin":[1,9,7]},"faces":{"north":{"uv":[7.5,0.25,7.75,0.5],"rotation":180,"texture":"#0"},"east":{"uv":[7.5,0.25,8,3.25],"rotation":270,"texture":"#0"},"south":{"uv":[7.5,3.25,7.75,3.5],"texture":"#0"},"west":{"uv":[7.5,0.25,8,3.25],"rotation":90,"texture":"#0"},"up":{"uv":[7.5,0.25,8,3.25],"rotation":180,"texture":"#0"},"down":{"uv":[7.5,0.25,8,3.25],"texture":"#0"}}},{"from":[15,-1,13],"to":[17,16,15],"rotation":{"angle":0,"axis":"y","origin":[1,9,7]},"faces":{"north":{"uv":[7.5,0.25,8,4.5],"texture":"#0"},"east":{"uv":[7.5,0.25,8,4.5],"texture":"#0"},"south":{"uv":[7.5,0.25,8,4.5],"texture":"#0"},"west":{"uv":[7.5,0.25,8,4.5],"texture":"#0"},"up":{"uv":[7.5,0.25,7.75,0.5],"texture":"#0"},"down":{"uv":[7.5,3.25,7.75,3.5],"texture":"#0"}}},{"from":[1,-1,1],"to":[15,3,11],"rotation":{"angle":0,"axis":"y","origin":[15,9,7]},"faces":{"north":{"uv":[0.5,8,4,9],"texture":"#0","tintindex":1},"east":{"uv":[0.5,0,4,1],"texture":"#0","tintindex":1},"south":{"uv":[0.5,0,4,1],"texture":"#0","tintindex":1},"west":{"uv":[0.5,0,4,1],"texture":"#0","tintindex":1},"up":{"uv":[0.5,5.25,4,7.75],"rotation":180,"texture":"#0","tintindex":1},"down":{"uv":[4,1,7.5,3.5],"rotation":180,"texture":"#0","tintindex":1}}},{"from":[1,-1,11],"to":[15,17,15],"rotation":{"angle":0,"axis":"y","origin":[15,9,7]},"faces":{"north":{"uv":[0.5,0,4,4.5],"texture":"#0","tintindex":1},"east":{"uv":[3,0,4,4.5],"texture":"#0","tintindex":1},"south":{"uv":[4,0,7.5,4.5],"texture":"#0","tintindex":1},"west":{"uv":[4,0,3,4.5],"texture":"#0","tintindex":1},"up":{"uv":[0.5,0,4,1],"texture":"#0","tintindex":1},"down":{"uv":[0.5,3.75,4,4.75],"texture":"#0","tintindex":1}}},{"from":[0,-8,2],"to":[2,-1,4],"rotation":{"angle":0,"axis":"y","origin":[15,9,7]},"faces":{"north":{"uv":[7.5,1.75,8,3.5],"texture":"#0"},"east":{"uv":[7.5,1.75,8,3.5],"texture":"#0"},"south":{"uv":[7.5,1.75,8,3.5],"texture":"#0"},"west":{"uv":[7.5,1.75,8,3.5],"texture":"#0"},"up":{"uv":[7.5,3.25,7.75,3.5],"texture":"#0"},"down":{"uv":[7.5,3.25,7.75,3.5],"texture":"#0"}}},{"from":[0,-8,12],"to":[2,-1,14],"rotation":{"angle":0,"axis":"y","origin":[15,9,7]},"faces":{"north":{"uv":[7.5,1.75,8,3.5],"texture":"#0"},"east":{"uv":[7.5,1.75,8,3.5],"texture":"#0"},"south":{"uv":[7.5,1.75,8,3.5],"texture":"#0"},"west":{"uv":[7.5,1.75,8,3.5],"texture":"#0"},"up":{"uv":[7.5,3.25,7.75,3.5],"texture":"#0"},"down":{"uv":[7.5,3.25,7.75,3.5],"texture":"#0"}}},{"from":[14,-8,12],"to":[16,-1,14],"rotation":{"angle":0,"axis":"y","origin":[1,9,7]},"faces":{"north":{"uv":[7.5,1.75,8,3.5],"texture":"#0"},"east":{"uv":[7.5,1.75,8,3.5],"texture":"#0"},"south":{"uv":[7.5,1.75,8,3.5],"texture":"#0"},"west":{"uv":[7.5,1.75,8,3.5],"texture":"#0"},"up":{"uv":[7.5,3.25,7.75,3.5],"texture":"#0"},"down":{"uv":[7.5,3.25,7.75,3.5],"texture":"#0"}}},{"from":[14,-8,2],"to":[16,-1,4],"rotation":{"angle":0,"axis":"y","origin":[1,9,7]},"faces":{"north":{"uv":[7.5,1.75,8,3.5],"texture":"#0"},"east":{"uv":[7.5,1.75,8,3.5],"texture":"#0"},"south":{"uv":[7.5,1.75,8,3.5],"texture":"#0"},"west":{"uv":[7.5,1.75,8,3.5],"texture":"#0"},"up":{"uv":[7.5,3.25,7.75,3.5],"texture":"#0"},"down":{"uv":[7.5,3.25,7.75,3.5],"texture":"#0"}}},{"from":[1,8,14.01],"to":[15,10,15.01],"rotation":{"angle":0,"axis":"y","origin":[15,8,7]},"faces":{"east":{"uv":[4,1.75,4,2.25],"texture":"#0"},"south":{"uv":[4,1.75,7.5,2.25],"texture":"#0"},"west":{"uv":[4,1.75,4,2.25],"texture":"#0"},"up":{"uv":[4,1.75,7.5,2],"texture":"#0"},"down":{"uv":[4,2,7.5,2.25],"texture":"#0"}}},{"from":[1,2,14.01],"to":[15,4,15.01],"rotation":{"angle":0,"axis":"y","origin":[15,8,7]},"faces":{"east":{"uv":[4,1.75,4,2.25],"texture":"#0"},"south":{"uv":[4,1.75,7.5,2.25],"texture":"#0"},"west":{"uv":[4,1.75,4,2.25],"texture":"#0"},"up":{"uv":[4,1.75,7.5,2],"texture":"#0"},"down":{"uv":[4,2,7.5,2.25],"texture":"#0"}}},{"from":[1,-1.001,4],"to":[15,-0.001,6],"rotation":{"angle":0,"axis":"x","origin":[15,8,7]},"faces":{"north":{"uv":[4,2,7.5,2.25],"rotation":180,"texture":"#0"},"east":{"uv":[4,1.75,4,2.25],"rotation":270,"texture":"#0"},"south":{"uv":[4,1.75,7.5,2],"texture":"#0"},"west":{"uv":[4,1.75,4,2.25],"rotation":90,"texture":"#0"},"down":{"uv":[4,1.75,7.5,2.25],"rotation":180,"texture":"#0"}}},{"from":[1,-1.001,10],"to":[15,-0.001,12],"rotation":{"angle":0,"axis":"x","origin":[15,8,7]},"faces":{"north":{"uv":[4,2,7.5,2.25],"rotation":180,"texture":"#0"},"east":{"uv":[4,1.75,4,2.25],"rotation":270,"texture":"#0"},"south":{"uv":[4,1.75,7.5,2],"texture":"#0"},"west":{"uv":[4,1.75,4,2.25],"rotation":90,"texture":"#0"},"down":{"uv":[4,1.75,7.5,2.25],"rotation":180,"texture":"#0"}}}],"display":{"thirdperson_righthand":{"rotation":[0,165,0],"translation":[0,1.5,0],"scale":[0.2,0.2,0.2]},"thirdperson_lefthand":{"rotation":[0,165,0],"translation":[0,1.5,0],"scale":[0.2,0.2,0.2]},"firstperson_righthand":{"rotation":[0,152,0],"translation":[17.75,-3.75,-10.75]},"firstperson_lefthand":{"rotation":[0,152,0],"translation":[17.75,-3.75,-10.75]},"ground":{"translation":[0,3.5,0],"scale":[0.2,0.2,0.2]},"gui":{"rotation":[30,135,0],"translation":[-0.5,1.5,0],"scale":[0.5,0.5,0.5]},"head":{"translation":[0,-8,0],"scale":[0.4,0.4,0.4]},"fixed":{"rotation":[-90,0,0],"translation":[0,0,-32],"scale":[2,2,2]}},"groups":[{"name":"group","origin":[8,8,8],"children":[0,1,2,3,4,5,6,7,8,9,10,11,12,13]}]}