{
	"credit": "Made with Blockbench",
	"textures": {
		"1": "block_model:custom/grayshop",
		"4": "block_model:custom/spruce_planks",
		"particle": "block_model:custom/grayshop"
	},
	"elements": [
		{
			"from": [0, 14.8, 0],
			"to": [16, 15.8, 1],
			"rotation": {"angle": 0, "axis": "y", "origin": [0, 0, 16]},
			"faces": {
				"north": {"uv": [16, 0, 0, 1], "texture": "#4"},
				"east": {"uv": [6, 0, 0, 1], "texture": "#4"},
				"south": {"uv": [16, 0, 0, 1], "texture": "#4"},
				"west": {"uv": [6, 0, 0, 1], "texture": "#4"},
				"up": {"uv": [0, 6, 16, 0], "texture": "#4"},
				"down": {"uv": [0, 6, 16, 0], "texture": "#4"}
			}
		},
		{
			"from": [0, 9.8, 16.1],
			"to": [16, 10.8, 17.1],
			"rotation": {"angle": 0, "axis": "y", "origin": [0, 0, 16]},
			"faces": {
				"north": {"uv": [16, 3, 0, 4], "texture": "#4"},
				"east": {"uv": [1, 3, 0, 4], "texture": "#4"},
				"south": {"uv": [16, 0, 0, 1], "texture": "#4"},
				"west": {"uv": [6, 0, 0, 1], "texture": "#4"},
				"up": {"uv": [0, 6, 16, 0], "texture": "#4"},
				"down": {"uv": [0, 1, 16, 0], "texture": "#4"}
			}
		},
		{
			"from": [0, 14.8, 4.5],
			"to": [16, 15.8, 5.5],
			"rotation": {"angle": 0, "axis": "y", "origin": [0, 0, 16]},
			"faces": {
				"north": {"uv": [16, 0, 0, 1], "texture": "#4"},
				"east": {"uv": [6, 0, 0, 1], "texture": "#4"},
				"south": {"uv": [16, 0, 0, 1], "texture": "#4"},
				"west": {"uv": [6, 0, 0, 1], "texture": "#4"},
				"up": {"uv": [0, 6, 16, 0], "texture": "#4"},
				"down": {"uv": [0, 1, 16, 0], "texture": "#4"}
			}
		},
		{
			"from": [0, 14.8, 1],
			"to": [1, 15.8, 4.5],
			"rotation": {"angle": 0, "axis": "y", "origin": [0, 0, 16]},
			"faces": {
				"north": {"uv": [16, 0, 0, 1], "texture": "#4"},
				"east": {"uv": [6, 0, 0, 1], "texture": "#4"},
				"south": {"uv": [16, 0, 0, 1], "texture": "#4"},
				"west": {"uv": [6, 0, 0, 1], "texture": "#4"},
				"up": {"uv": [0, 6, 16, 0], "texture": "#4"},
				"down": {"uv": [0, 6, 1, 0], "texture": "#4"}
			}
		},
		{
			"from": [15, 14.8, 1],
			"to": [16, 15.8, 4.5],
			"rotation": {"angle": 0, "axis": "y", "origin": [0, 0, 16]},
			"faces": {
				"north": {"uv": [16, 0, 0, 1], "texture": "#4"},
				"east": {"uv": [3, 0, 0, 1], "texture": "#4"},
				"south": {"uv": [16, 0, 0, 1], "texture": "#4"},
				"west": {"uv": [6, 0, 0, 1], "texture": "#4"},
				"up": {"uv": [0, 6, 1, 0], "texture": "#4"},
				"down": {"uv": [0, 6, 1, 0], "texture": "#4"}
			}
		},
		{
			"from": [0, 15.8, 0],
			"to": [16, 16, 5.3],
			"rotation": {"angle": 0, "axis": "y", "origin": [0, 0, 16]},
			"faces": {
				"north": {"uv": [0, 0, 1, 16], "rotation": 90, "texture": "#1"},
				"east": {"uv": [6, 3, 0, 4], "texture": "#1"},
				"south": {"uv": [16, 0, 0, 1], "texture": "#1"},
				"west": {"uv": [6, 0, 0, 1], "texture": "#1"},
				"up": {"uv": [6, 16, 0, 0], "rotation": 90, "texture": "#1"},
				"down": {"uv": [6, 16, 0, 0], "rotation": 90, "texture": "#1"}
			}
		},
		{
			"from": [0, 4.9, 17.1],
			"to": [16, 10.9, 17.3],
			"rotation": {"angle": 0, "axis": "y", "origin": [0, 0, 16]},
			"faces": {
				"north": {"uv": [0, 16, 16, 0], "rotation": 90, "texture": "#1"},
				"east": {"uv": [16, 3, 14, 4], "texture": "#1"},
				"south": {"uv": [0, 16, 16, 0], "rotation": 90, "texture": "#1"},
				"west": {"uv": [16, 3, 14, 4], "texture": "#1"},
				"up": {"uv": [0, 6, 16, 0], "texture": "#1"},
				"down": {"uv": [15, 4, 16, 3], "texture": "#1"}
			}
		},
		{
			"from": [0, 10.5, 0],
			"to": [16, 10.7, 13],
			"rotation": {"angle": 22.5, "axis": "x", "origin": [0, 0, 16]},
			"faces": {
				"north": {"uv": [16, 0, 0, 1], "texture": "#1"},
				"east": {"uv": [6, 3, 0, 4], "texture": "#1"},
				"south": {"uv": [0, 16, 1, 0], "rotation": 90, "texture": "#1"},
				"west": {"uv": [6, 0, 0, 1], "texture": "#1"},
				"up": {"uv": [13, 16, 0, 0], "rotation": 90, "texture": "#1"},
				"down": {"uv": [13, 0, 0, 16], "rotation": 90, "texture": "#1"}
			}
		},
		{
			"from": [0.1, 9.7, 0],
			"to": [1, 10.5, 13],
			"rotation": {"angle": 22.5, "axis": "x", "origin": [0, 0, 16]},
			"faces": {
				"north": {"uv": [16, 0, 0, 1], "texture": "#4"},
				"east": {"uv": [6, 0, 0, 1], "texture": "#4"},
				"south": {"uv": [16, 0, 0, 1], "texture": "#4"},
				"west": {"uv": [15, 2, 0, 3], "texture": "#4"},
				"up": {"uv": [0, 6, 16, 0], "texture": "#4"},
				"down": {"uv": [0, 14, 1, 0], "texture": "#4"}
			}
		},
		{
			"from": [15, 9.7, 0],
			"to": [15.9, 10.5, 13],
			"rotation": {"angle": 22.5, "axis": "x", "origin": [0, 0, 16]},
			"faces": {
				"north": {"uv": [16, 0, 0, 1], "texture": "#4"},
				"east": {"uv": [6, 0, 0, 1], "texture": "#4"},
				"south": {"uv": [16, 0, 0, 1], "texture": "#4"},
				"west": {"uv": [6, 0, 0, 1], "texture": "#4"},
				"up": {"uv": [0, 6, 16, 0], "texture": "#4"},
				"down": {"uv": [0, 14, 1, 0], "texture": "#4"}
			}
		},
		{
			"from": [15, 9.7, 0],
			"to": [15.9, 10.5, 13],
			"rotation": {"angle": 22.5, "axis": "x", "origin": [0, 0, 16]},
			"faces": {
				"north": {"uv": [16, 0, 0, 1], "texture": "#4"},
				"east": {"uv": [6, 0, 0, 1], "texture": "#4"},
				"south": {"uv": [16, 0, 0, 1], "texture": "#4"},
				"west": {"uv": [6, 0, 0, 1], "texture": "#4"},
				"up": {"uv": [0, 6, 16, 0], "texture": "#4"},
				"down": {"uv": [0, 14, 2, 0], "texture": "#4"}
			}
		}
	],
	"display": {
		"thirdperson_righthand": {
			"rotation": [71.52, 8.48, 13.89],
			"translation": [0, 0.75, -1],
			"scale": [0.20508, 0.20508, 0.20508]
		},
		"thirdperson_lefthand": {
			"rotation": [71.52, 8.48, 13.89],
			"translation": [0, 0.75, -1],
			"scale": [0.20508, 0.20508, 0.20508]
		},
		"firstperson_righthand": {
			"rotation": [0, 25, 0],
			"translation": [2, -0.5, 0],
			"scale": [0.28477, 0.28477, 0.28477]
		},
		"firstperson_lefthand": {
			"rotation": [0, 25, 0],
			"translation": [2, -0.5, 0],
			"scale": [0.28477, 0.28477, 0.28477]
		},
		"ground": {
			"translation": [0, 2, 0],
			"scale": [0.5, 0.5, 0.5]
		},
		"gui": {
			"rotation": [13.85, -35.3, 4.13],
			"translation": [0.5, -2.35, 0],
			"scale": [0.58398, 0.58398, 0.58398]
		},
		"head": {
			"translation": [0, -30.4, 0],
			"scale": [1.6, 1.6, 1.6]
		},
		"fixed": {
			"rotation": [-90, 180, 0],
			"translation": [0, 0, -14],
			"scale": [2.01, 2.01, 2.01]
		}
	}
}