{"credit":"Made with Blockbench","textures":{"0":"block_model:custom/horse_cart_yellow","particle":"block_model:custom/horse_cart_yellow"},"elements":[{"from":[-3,0,0],"to":[29,8,2],"rotation":{"angle":0,"axis":"y","origin":[13,8,8]},"faces":{"north":{"uv":[0,2,8,4],"texture":"#0"},"east":{"uv":[0,2,0.5,4],"texture":"#0"},"south":{"uv":[0,2,8,4],"texture":"#0"},"west":{"uv":[0,2,0.5,4],"texture":"#0"},"up":{"uv":[8,8,0,7.5],"texture":"#0"},"down":{"uv":[8,4.5,0,4],"texture":"#0"}}},{"from":[-3,0,14],"to":[29,8,16],"rotation":{"angle":0,"axis":"y","origin":[13,8,8]},"faces":{"north":{"uv":[0,2,8,4],"texture":"#0"},"east":{"uv":[3.75,2,4.25,4],"texture":"#0"},"south":{"uv":[0,2,8,4],"texture":"#0"},"west":{"uv":[3.75,2,4.25,4],"texture":"#0"},"up":{"uv":[8,4.5,0,4],"texture":"#0"},"down":{"uv":[8,8,0,7.5],"texture":"#0"}}},{"from":[-3,0,2],"to":[-1,8,14],"rotation":{"angle":0,"axis":"y","origin":[13,8,8]},"faces":{"east":{"uv":[0.5,2,3.5,4],"texture":"#0"},"west":{"uv":[0.5,2,3.5,4],"texture":"#0"},"up":{"uv":[0,4.5,0.5,7.5],"texture":"#0"},"down":{"uv":[0,4.5,0.5,7.5],"texture":"#0"}}},{"from":[-1,0,2],"to":[29,2,14],"rotation":{"angle":0,"axis":"y","origin":[13,8,8]},"faces":{"east":{"uv":[0.5,4,3.5,4.5],"texture":"#0"},"up":{"uv":[0,4.5,7.5,7.5],"texture":"#0"},"down":{"uv":[0,4.5,7.5,7.5],"texture":"#0"}}},{"from":[27,-3,14],"to":[29,0,16],"rotation":{"angle":0,"axis":"y","origin":[43,8,8]},"faces":{"north":{"uv":[0.5,0.75,0,1.5],"texture":"#0"},"east":{"uv":[0.5,0.75,0,1.5],"texture":"#0"},"south":{"uv":[0.5,0.75,0,1.5],"texture":"#0"},"west":{"uv":[0.5,0.75,0,1.5],"texture":"#0"},"up":{"uv":[0,4,0.5,4.5],"texture":"#0"},"down":{"uv":[0,4,0.5,4.5],"texture":"#0"}}},{"from":[-3,-3,14],"to":[-1,0,16],"rotation":{"angle":0,"axis":"y","origin":[13,8,8]},"faces":{"north":{"uv":[0.5,0.75,0,1.5],"texture":"#0"},"east":{"uv":[0.5,0.75,0,1.5],"texture":"#0"},"south":{"uv":[0.5,0.75,0,1.5],"texture":"#0"},"west":{"uv":[0.5,0.75,0,1.5],"texture":"#0"},"up":{"uv":[0,4,0.5,4.5],"texture":"#0"},"down":{"uv":[0,4,0.5,4.5],"texture":"#0"}}},{"from":[27,-3,0],"to":[29,0,2],"rotation":{"angle":0,"axis":"y","origin":[43,8,8]},"faces":{"north":{"uv":[0.5,0.75,0,1.5],"texture":"#0"},"east":{"uv":[0.5,0.75,0,1.5],"texture":"#0"},"south":{"uv":[0.5,0.75,0,1.5],"texture":"#0"},"west":{"uv":[0.5,0.75,0,1.5],"texture":"#0"},"up":{"uv":[0,4,0.5,4.5],"texture":"#0"},"down":{"uv":[0,4,0.5,4.5],"texture":"#0"}}},{"from":[-3,-3,0],"to":[-1,0,2],"rotation":{"angle":0,"axis":"y","origin":[13,8,8]},"faces":{"north":{"uv":[0.5,0.75,0,1.5],"texture":"#0"},"east":{"uv":[0.5,0.75,0,1.5],"texture":"#0"},"south":{"uv":[0.5,0.75,0,1.5],"texture":"#0"},"west":{"uv":[0.5,0.75,0,1.5],"texture":"#0"},"up":{"uv":[0,4,0.5,4.5],"texture":"#0"},"down":{"uv":[0,4,0.5,4.5],"texture":"#0"}}},{"from":[12,8,14],"to":[14,24,16],"rotation":{"angle":0,"axis":"y","origin":[13,3,8]},"faces":{"north":{"uv":[11.75,4,12.25,8],"texture":"#0"},"east":{"uv":[11.75,4,12.25,8],"texture":"#0"},"south":{"uv":[11.75,4,12.25,8],"texture":"#0"},"west":{"uv":[11.75,4,12.25,8],"texture":"#0"},"up":{"uv":[0,4,0.5,4.5],"texture":"#0"}}},{"from":[12,8,0],"to":[14,24,2],"rotation":{"angle":0,"axis":"y","origin":[13,3,-6]},"faces":{"north":{"uv":[11.75,4,12.25,8],"texture":"#0"},"east":{"uv":[11.75,4,12.25,8],"texture":"#0"},"south":{"uv":[11.75,4,12.25,8],"texture":"#0"},"west":{"uv":[11.75,4,12.25,8],"texture":"#0"},"up":{"uv":[0,4,0.5,4.5],"texture":"#0"}}},{"from":[-3,8,14],"to":[-1,24,16],"rotation":{"angle":0,"axis":"y","origin":[13,3,8]},"faces":{"north":{"uv":[11.75,4,12.25,8],"texture":"#0"},"east":{"uv":[11.75,4,12.25,8],"texture":"#0"},"south":{"uv":[11.75,4,12.25,8],"texture":"#0"},"west":{"uv":[11.75,4,12.25,8],"texture":"#0"},"up":{"uv":[0,4,0.5,4.5],"texture":"#0"}}},{"from":[-3,8,0],"to":[-1,24,2],"rotation":{"angle":0,"axis":"y","origin":[13,3,-6]},"faces":{"north":{"uv":[11.75,4,12.25,8],"texture":"#0"},"east":{"uv":[11.75,4,12.25,8],"texture":"#0"},"south":{"uv":[11.75,4,12.25,8],"texture":"#0"},"west":{"uv":[11.75,4,12.25,8],"texture":"#0"},"up":{"uv":[0,4,0.5,4.5],"texture":"#0"}}},{"from":[27,8,14],"to":[29,24,16],"rotation":{"angle":0,"axis":"y","origin":[13,3,8]},"faces":{"north":{"uv":[15.5,4,16,8],"texture":"#0"},"east":{"uv":[15.5,4,16,8],"texture":"#0"},"south":{"uv":[15.5,4,16,8],"texture":"#0"},"west":{"uv":[15.5,4,16,8],"texture":"#0"},"up":{"uv":[0,4,0.5,4.5],"texture":"#0"}}},{"from":[27,8,0],"to":[29,24,2],"rotation":{"angle":0,"axis":"y","origin":[13,3,-6]},"faces":{"north":{"uv":[15.5,4,16,8],"texture":"#0"},"east":{"uv":[15.5,4,16,8],"texture":"#0"},"south":{"uv":[15.5,4,16,8],"texture":"#0"},"west":{"uv":[15.5,4,16,8],"texture":"#0"},"up":{"uv":[0,4,0.5,4.5],"texture":"#0"}}},{"from":[-1,10,1],"to":[12,11.5,1],"rotation":{"angle":0,"axis":"y","origin":[13,8,8]},"faces":{"north":{"uv":[0.5,1.25,3.75,1.625],"texture":"#0"},"south":{"uv":[0.5,1.25,3.75,1.625],"texture":"#0"}}},{"from":[-2,10,1.5],"to":[-2,11.5,14.5],"rotation":{"angle":0,"axis":"y","origin":[13,8,8]},"faces":{"east":{"uv":[0.5,1.25,3.75,1.625],"texture":"#0"},"west":{"uv":[0.5,1.25,3.75,1.625],"texture":"#0"}}},{"from":[-2,-2.5,1.5],"to":[-2,-1,14.5],"rotation":{"angle":0,"axis":"y","origin":[13,8,8]},"faces":{"east":{"uv":[0.5,1.25,3.75,1.625],"texture":"#0"},"west":{"uv":[0.5,1.25,3.75,1.625],"texture":"#0"}}},{"from":[28,-2.5,1.5],"to":[28,-1,14.5],"rotation":{"angle":0,"axis":"y","origin":[43,8,8]},"faces":{"east":{"uv":[0.5,1.25,3.75,1.625],"texture":"#0"},"west":{"uv":[0.5,1.25,3.75,1.625],"texture":"#0"}}},{"from":[14,10,1],"to":[27,11.5,1],"rotation":{"angle":0,"axis":"y","origin":[28,8,8]},"faces":{"north":{"uv":[0.5,1.25,3.75,1.625],"texture":"#0"},"south":{"uv":[0.5,1.25,3.75,1.625],"texture":"#0"}}},{"from":[-1,10,15],"to":[12,11.5,15],"rotation":{"angle":0,"axis":"y","origin":[13,8,8]},"faces":{"north":{"uv":[0.5,1.25,3.75,1.625],"texture":"#0"},"south":{"uv":[0.5,1.25,3.75,1.625],"texture":"#0"}}},{"from":[14,10,15],"to":[27,11.5,15],"rotation":{"angle":0,"axis":"y","origin":[28,8,8]},"faces":{"north":{"uv":[0.5,1.25,3.75,1.625],"texture":"#0"},"south":{"uv":[0.5,1.25,3.75,1.625],"texture":"#0"}}},{"from":[20,-3,15],"to":[27,0.5,15],"rotation":{"angle":0,"axis":"y","origin":[13,8,8]},"faces":{"north":{"uv":[7.5,8,5.75,8.875],"texture":"#0"},"south":{"uv":[5.75,8,7.5,8.875],"texture":"#0"}}},{"from":[-1,-3,15],"to":[6,0.5,15],"rotation":{"angle":0,"axis":"y","origin":[-8,8,8]},"faces":{"north":{"uv":[5.75,8,7.5,8.875],"texture":"#0"},"south":{"uv":[7.5,8,5.75,8.875],"texture":"#0"}}},{"from":[20,-3,1],"to":[27,0.5,1],"rotation":{"angle":0,"axis":"y","origin":[13,8,8]},"faces":{"north":{"uv":[7.5,8,5.75,8.875],"texture":"#0"},"south":{"uv":[5.75,8,7.5,8.875],"texture":"#0"}}},{"from":[-1,-3,1],"to":[6,0.5,1],"rotation":{"angle":0,"axis":"y","origin":[-8,8,8]},"faces":{"north":{"uv":[5.75,8,7.5,8.875],"texture":"#0"},"south":{"uv":[7.5,8,5.75,8.875],"texture":"#0"}}},{"from":[-5,-5,16.1],"to":[3,3,17.6],"rotation":{"angle":0,"axis":"y","origin":[14,9,8]},"faces":{"north":{"uv":[0,10,2,12],"texture":"#0"},"east":{"uv":[2,10,2.375,12],"texture":"#0"},"south":{"uv":[0,10,2,12],"texture":"#0"},"west":{"uv":[2,10,2.375,12],"texture":"#0"},"up":{"uv":[0,9.625,2,10],"texture":"#0"},"down":{"uv":[0,9.625,2,10],"texture":"#0"}}},{"from":[3,3,17.6],"to":[-5,-5,16.1],"rotation":{"angle":0,"axis":"y","origin":[14,9,8]},"faces":{"north":{"uv":[0,10,2,12],"rotation":180,"texture":"#0"},"east":{"uv":[2,10,2.375,12],"rotation":180,"texture":"#0"},"south":{"uv":[0,10,2,12],"rotation":180,"texture":"#0"},"west":{"uv":[2,10,2.375,12],"rotation":180,"texture":"#0"},"up":{"uv":[0,9.625,2,10],"texture":"#0"},"down":{"uv":[0,9.625,2,10],"texture":"#0"}}},{"from":[23,-5,16.1],"to":[31,3,17.6],"rotation":{"angle":0,"axis":"y","origin":[42,9,8]},"faces":{"north":{"uv":[0,10,2,12],"texture":"#0"},"east":{"uv":[2,10,2.375,12],"texture":"#0"},"south":{"uv":[0,10,2,12],"texture":"#0"},"west":{"uv":[2,10,2.375,12],"texture":"#0"},"up":{"uv":[0,9.625,2,10],"texture":"#0"},"down":{"uv":[0,9.625,2,10],"texture":"#0"}}},{"from":[31,3,17.6],"to":[23,-5,16.1],"rotation":{"angle":0,"axis":"y","origin":[42,9,8]},"faces":{"north":{"uv":[0,10,2,12],"rotation":180,"texture":"#0"},"east":{"uv":[2,10,2.375,12],"rotation":180,"texture":"#0"},"south":{"uv":[0,10,2,12],"rotation":180,"texture":"#0"},"west":{"uv":[2,10,2.375,12],"rotation":180,"texture":"#0"},"up":{"uv":[0,9.625,2,10],"texture":"#0"},"down":{"uv":[0,9.625,2,10],"texture":"#0"}}},{"from":[3,3,-0.1],"to":[-5,-5,-1.6],"rotation":{"angle":0,"axis":"y","origin":[14,9,-10]},"faces":{"north":{"uv":[0,10,2,12],"rotation":180,"texture":"#0"},"east":{"uv":[2,10,2.375,12],"rotation":180,"texture":"#0"},"south":{"uv":[0,10,2,12],"rotation":180,"texture":"#0"},"west":{"uv":[2,10,2.375,12],"rotation":180,"texture":"#0"},"up":{"uv":[0,9.625,2,10],"texture":"#0"},"down":{"uv":[0,9.625,2,10],"texture":"#0"}}},{"from":[-5,-5,-1.6],"to":[3,3,-0.1],"rotation":{"angle":0,"axis":"y","origin":[14,9,-10]},"faces":{"north":{"uv":[0,10,2,12],"texture":"#0"},"east":{"uv":[2,10,2.375,12],"texture":"#0"},"south":{"uv":[0,10,2,12],"texture":"#0"},"west":{"uv":[2,10,2.375,12],"texture":"#0"},"up":{"uv":[0,9.625,2,10],"texture":"#0"},"down":{"uv":[0,9.625,2,10],"texture":"#0"}}},{"from":[31,3,-0.1],"to":[23,-5,-1.6],"rotation":{"angle":0,"axis":"y","origin":[42,9,-10]},"faces":{"north":{"uv":[0,10,2,12],"rotation":180,"texture":"#0"},"east":{"uv":[2,10,2.375,12],"rotation":180,"texture":"#0"},"south":{"uv":[0,10,2,12],"rotation":180,"texture":"#0"},"west":{"uv":[2,10,2.375,12],"rotation":180,"texture":"#0"},"up":{"uv":[0,9.625,2,10],"texture":"#0"},"down":{"uv":[0,9.625,2,10],"texture":"#0"}}},{"from":[23,-5,-1.6],"to":[31,3,-0.1],"rotation":{"angle":0,"axis":"y","origin":[42,9,-10]},"faces":{"north":{"uv":[0,10,2,12],"texture":"#0"},"east":{"uv":[2,10,2.375,12],"texture":"#0"},"south":{"uv":[0,10,2,12],"texture":"#0"},"west":{"uv":[2,10,2.375,12],"texture":"#0"},"up":{"uv":[0,9.625,2,10],"texture":"#0"},"down":{"uv":[0,9.625,2,10],"texture":"#0"}}},{"from":[-16,0.5,2.5],"to":[-2,2.5,3.5],"rotation":{"angle":0,"axis":"y","origin":[13,8,8]},"faces":{"north":{"uv":[7.5,10.625,4,11.125],"texture":"#0"},"south":{"uv":[4,10.625,7.5,11.125],"texture":"#0"},"west":{"uv":[7.625,10.625,7.875,11.125],"texture":"#0"},"up":{"uv":[4,10.625,7.5,10.875],"texture":"#0"},"down":{"uv":[4,10.75,7.5,11],"texture":"#0"}}},{"from":[-16,0.5,12.5],"to":[-2,2.5,13.5],"rotation":{"angle":0,"axis":"y","origin":[13,8,8]},"faces":{"north":{"uv":[7.5,10.625,4,11.125],"texture":"#0"},"south":{"uv":[4,10.625,7.5,11.125],"texture":"#0"},"west":{"uv":[7.625,10.625,7.875,11.125],"texture":"#0"},"up":{"uv":[4,10.625,7.5,10.875],"texture":"#0"},"down":{"uv":[4,10.75,7.5,11],"texture":"#0"}}},{"from":[12,22,2],"to":[14,24,14],"rotation":{"angle":0,"axis":"y","origin":[8,3,8]},"faces":{"east":{"uv":[11.75,4.375,12.25,7.375],"rotation":90,"texture":"#0"},"west":{"uv":[11.75,4.375,12.25,7.375],"rotation":90,"texture":"#0"},"up":{"uv":[11.75,4.375,12.25,7.375],"texture":"#0"},"down":{"uv":[11.75,4.375,12.25,7.375],"texture":"#0"}}},{"from":[-3,22,2],"to":[-1,24,14],"rotation":{"angle":0,"axis":"y","origin":[8,3,8]},"faces":{"east":{"uv":[11.75,4.375,12.25,7.375],"rotation":90,"texture":"#0"},"west":{"uv":[11.75,4.375,12.25,7.375],"rotation":90,"texture":"#0"},"up":{"uv":[11.75,4.375,12.25,7.375],"texture":"#0"},"down":{"uv":[11.75,4.375,12.25,7.375],"texture":"#0"}}},{"from":[27,22,2],"to":[29,24,14],"rotation":{"angle":0,"axis":"y","origin":[8,3,8]},"faces":{"east":{"uv":[11.75,4.375,12.25,7.375],"rotation":90,"texture":"#0"},"west":{"uv":[11.75,4.375,12.25,7.375],"rotation":90,"texture":"#0"},"up":{"uv":[11.75,4.375,12.25,7.375],"texture":"#0"},"down":{"uv":[11.75,4.375,12.25,7.375],"texture":"#0"}}},{"from":[-3.25,7.75,-0.25],"to":[29.25,24.25,16.25],"rotation":{"angle":0,"axis":"y","origin":[8,1,-4]},"faces":{"north":{"uv":[8,0,16,4],"texture":"#0","tintindex":1},"east":{"uv":[4,12,8,16],"texture":"#0","tintindex":1},"south":{"uv":[8,0,16,4],"texture":"#0","tintindex":1},"west":{"uv":[4,12,8,16],"texture":"#0","tintindex":1},"up":{"uv":[8,8,16,12],"texture":"#0","tintindex":1}}},{"from":[29,24,16],"to":[-3,8,0],"rotation":{"angle":0,"axis":"y","origin":[8,1,-4]},"faces":{"north":{"uv":[8,0,16,4],"rotation":180,"texture":"#0","tintindex":1},"east":{"uv":[4,12,8,16],"rotation":180,"texture":"#0","tintindex":1},"south":{"uv":[8,0,16,4],"rotation":180,"texture":"#0","tintindex":1},"west":{"uv":[4,12,8,16],"rotation":180,"texture":"#0","tintindex":1},"down":{"uv":[8,8,16,12],"texture":"#0","tintindex":1}}}],"display":{"thirdperson_righthand":{"rotation":[58,-41,0],"translation":[0,1.25,0.25],"scale":[0.1,0.1,0.1]},"thirdperson_lefthand":{"rotation":[58,-41,0],"translation":[0,1.25,0.25],"scale":[0.1,0.1,0.1]},"firstperson_righthand":{"rotation":[0,-36,0],"translation":[16.5,0,-7.25]},"firstperson_lefthand":{"rotation":[0,135,0],"translation":[16.5,0,-7.25]},"ground":{"translation":[0,4,0],"scale":[0.2,0.2,0.2]},"gui":{"rotation":[30,45,0],"translation":[-0.5,1,0],"scale":[0.35,0.35,0.35]},"head":{"translation":[-4.5,9.75,0]},"fixed":{"rotation":[-90,0,0],"translation":[-4,-16,-20.25],"scale":[4,4,4]}},"groups":[{"name":"group","origin":[8,8,8],"color":0,"children":[0,1,2,3,4,5,6,7,8,9,10,11,12,13,14,15,16,17,18,19,20,21,22,23,24,{"name":"group","origin":[13,8,8],"color":0,"children":[25,26]},{"name":"group","origin":[43,8,8],"color":0,"children":[27,28]},{"name":"group","origin":[13,8,-10],"color":0,"children":[29,30]},{"name":"group","origin":[43,8,-10],"color":0,"children":[31,32]},33,34]},35,36,37,{"name":"group","origin":[8,8,8],"color":0,"children":[38,39]}]}