{"credit":"Made with Blockbench","textures":{"0":"block_model:custom/iron_table","1":"block_model:custom/bar_stool","particle":"block_model:custom/iron_table"},"elements":[{"from":[11,0,3],"to":[13,8,5],"faces":{"north":{"uv":[0,3.5,1,7.5],"texture":"#1"},"east":{"uv":[1,3.5,0,7.5],"texture":"#1"},"south":{"uv":[0,3.5,1,7.5],"texture":"#1"},"west":{"uv":[1,3.5,0,7.5],"texture":"#1"},"down":{"uv":[0,7,0.5,7.5],"texture":"#1"}}},{"from":[3,0,3],"to":[5,8,5],"faces":{"north":{"uv":[1,3.5,0,7.5],"texture":"#1"},"east":{"uv":[0,3.5,1,7.5],"texture":"#1"},"south":{"uv":[1,3.5,0,7.5],"texture":"#1"},"west":{"uv":[0,3.5,1,7.5],"texture":"#1"},"down":{"uv":[0,7,0.5,7.5],"texture":"#1"}}},{"from":[11,0,11],"to":[13,8,13],"faces":{"north":{"uv":[0,3.5,1,7.5],"texture":"#1"},"east":{"uv":[1,3.5,0,7.5],"texture":"#1"},"south":{"uv":[0,3.5,1,7.5],"texture":"#1"},"west":{"uv":[1,3.5,0,7.5],"texture":"#1"},"down":{"uv":[0,7,0.5,7.5],"texture":"#1"}}},{"from":[3,0,11],"to":[5,8,13],"faces":{"north":{"uv":[1,3.5,0,7.5],"texture":"#1"},"east":{"uv":[0,3.5,1,7.5],"texture":"#1"},"south":{"uv":[1,3.5,0,7.5],"texture":"#1"},"west":{"uv":[0,3.5,1,7.5],"texture":"#1"},"down":{"uv":[0,7,0.5,7.5],"texture":"#1"}}},{"from":[2,7,2],"to":[14,9,14],"faces":{"north":{"uv":[1.5,8,7.5,9],"texture":"#1"},"east":{"uv":[1.5,8,7.5,9],"texture":"#1"},"south":{"uv":[1.5,8,7.5,9],"texture":"#1"},"west":{"uv":[1.5,8,7.5,9],"texture":"#1"},"down":{"uv":[7.5,1,13.5,7],"texture":"#1"}}},{"from":[2,9,2],"to":[14,11,14],"faces":{"north":{"uv":[1.5,7,7.5,8],"texture":"#1","tintindex":1},"east":{"uv":[1.5,7,7.5,8],"texture":"#1","tintindex":1},"south":{"uv":[1.5,7,7.5,8],"texture":"#1","tintindex":1},"west":{"uv":[1.5,7,7.5,8],"texture":"#1","tintindex":1},"up":{"uv":[1.5,1,7.5,7],"texture":"#1","tintindex":1}}},{"from":[13.1,9,12.1],"to":[14.1,25,14.1],"faces":{"north":{"uv":[9,4,8.75,0],"rotation":180,"texture":"#0"},"east":{"uv":[9,4,8.5,0],"rotation":180,"texture":"#0"},"south":{"uv":[8.75,4,8.5,0],"rotation":180,"texture":"#0"},"west":{"uv":[8.5,4,9,0],"rotation":180,"texture":"#0"},"up":{"uv":[8.75,0.25,8.5,0],"rotation":180,"texture":"#0"},"down":{"uv":[8.75,4,8.5,3.75],"rotation":180,"texture":"#0"}}},{"from":[1.9,9,12.1],"to":[2.9,25,14.1],"faces":{"north":{"uv":[9,4,8.75,0],"rotation":180,"texture":"#0"},"east":{"uv":[9,4,8.5,0],"rotation":180,"texture":"#0"},"south":{"uv":[8.75,4,8.5,0],"rotation":180,"texture":"#0"},"west":{"uv":[8.5,4,9,0],"rotation":180,"texture":"#0"},"up":{"uv":[8.75,0.25,8.5,0],"rotation":180,"texture":"#0"},"down":{"uv":[8.75,4,8.5,3.75],"rotation":180,"texture":"#0"}}},{"from":[3,11,13],"to":[13,25,13],"faces":{"north":{"uv":[2.75,1,5.25,4.5],"texture":"#0"},"south":{"uv":[2.75,1,5.25,4.5],"texture":"#0"}}}],"display":{"thirdperson_righthand":{"rotation":[25,47,0],"scale":[0.3,0.3,0.3]},"thirdperson_lefthand":{"rotation":[25,47,0],"scale":[0.3,0.3,0.3]},"firstperson_righthand":{"rotation":[0,117,0],"translation":[10.5,-6.25,-9.75]},"firstperson_lefthand":{"rotation":[0,117,0],"translation":[10.5,-6.25,-9.75]},"ground":{"translation":[0,1.5,0],"scale":[0.3,0.3,0.3]},"gui":{"rotation":[30,135,0],"translation":[0,-2,0],"scale":[0.5,0.5,0.5]},"head":{"translation":[0,12.5,0]},"fixed":{"rotation":[-90,0,0],"translation":[0,0,-15.5],"scale":[2,2,2]}}}