{"credit":"Made with Blockbench","textures":{"0":"block_model:custom/log_stack","1":"block_model:custom/log_stool","particle":"block_model:custom/log_stack"},"elements":[{"from":[5,0,1],"to":[11,6,15],"rotation":{"angle":0,"axis":"y","origin":[4.00699,2.99477,6.99823]},"faces":{"north":{"uv":[3,0,0,3],"texture":"#1"},"east":{"uv":[14,12,0,6],"rotation":180,"texture":"#0"},"south":{"uv":[0,0,3,3],"texture":"#1"},"west":{"uv":[0,0,14,6],"texture":"#0"},"up":{"uv":[0,0,14,6],"rotation":90,"texture":"#0"},"down":{"uv":[14,12,0,6],"rotation":90,"texture":"#0"}}}],"display":{"thirdperson_righthand":{"rotation":[93,11,-69],"translation":[1.5,0.25,1.25],"scale":[0.4,0.4,0.4]},"thirdperson_lefthand":{"rotation":[93,11,-69],"translation":[1.5,0.25,1.25],"scale":[0.4,0.4,0.4]},"firstperson_righthand":{"rotation":[92,12,-115],"translation":[9.5,0.75,-5.25]},"firstperson_lefthand":{"rotation":[92,12,-115],"translation":[9.5,0.75,-5.25]},"ground":{"translation":[0,5.25,0],"scale":[0.4,0.4,0.4]},"gui":{"rotation":[30,-45,0],"translation":[0,4.25,0]},"head":{"rotation":[0,-34,0],"translation":[0,14.5,0]},"fixed":{"rotation":[-90,0,0],"translation":[0,0,-16],"scale":[2,2,2]}}}