{"credit":"Made with Blockbench","textures":{"0":"block_model:custom/log_stack","1":"block_model:custom/log_stool","particle":"block_model:custom/log_stack"},"elements":[{"from":[1,0,0],"to":[7,6,14],"faces":{"north":{"uv":[3,0,0,3],"texture":"#1"},"east":{"uv":[14,12,0,6],"rotation":180,"texture":"#0"},"south":{"uv":[0,0,3,3],"texture":"#1"},"west":{"uv":[14,6,0,0],"texture":"#0"},"up":{"uv":[14,6,0,0],"rotation":90,"texture":"#0"},"down":{"uv":[14,12,0,6],"rotation":90,"texture":"#0"}}},{"from":[5.00352,5.98952,-1],"to":[11.00352,11.98952,13],"rotation":{"angle":-22.5,"axis":"y","origin":[2.99652,8.993,7.01046]},"faces":{"north":{"uv":[3,0,0,3],"rotation":270,"texture":"#1"},"east":{"uv":[14,6,0,0],"texture":"#0"},"south":{"uv":[0,0,3,3],"rotation":90,"texture":"#1"},"west":{"uv":[14,12,0,6],"rotation":180,"texture":"#0"},"up":{"uv":[14,6,0,0],"rotation":90,"texture":"#0"},"down":{"uv":[14,12,0,6],"rotation":270,"texture":"#0"}}},{"from":[9.01398,0.00003,2],"to":[15.01398,6.00003,16],"rotation":{"angle":0,"axis":"z","origin":[11.00697,3.00701,6.98603]},"faces":{"north":{"uv":[3,0,0,3],"rotation":90,"texture":"#1"},"east":{"uv":[14,12,0,6],"texture":"#0"},"south":{"uv":[0,0,3,3],"rotation":270,"texture":"#1"},"west":{"uv":[14,6,0,0],"texture":"#0"},"up":{"uv":[14,12,0,6],"rotation":90,"texture":"#0"},"down":{"uv":[14,6,0,0],"rotation":90,"texture":"#0"}}}],"display":{"thirdperson_righthand":{"rotation":[42,32,0],"translation":[0,2.25,1.5],"scale":[0.4,0.4,0.4]},"thirdperson_lefthand":{"rotation":[42,32,0],"translation":[0,2.25,1.5],"scale":[0.4,0.4,0.4]},"firstperson_righthand":{"translation":[9,0,-11.25]},"firstperson_lefthand":{"translation":[9,0,-11.25]},"ground":{"translation":[0,5,0],"scale":[0.4,0.4,0.4]},"gui":{"rotation":[30,45,0],"translation":[0,1.25,0],"scale":[0.7,0.7,0.7]},"head":{"translation":[0,14.25,0]},"fixed":{"rotation":[-90,0,0],"translation":[0,0,-16],"scale":[2,2,2]}}}