{"credit":"Made with Blockbench","textures":{"0":"block_model:custom/log_stool","particle":"block_model:custom/log_stool"},"elements":[{"from":[2,0,2],"to":[14,10,14],"faces":{"north":{"uv":[0,6,6,11],"texture":"#0"},"east":{"uv":[0,6,6,11],"texture":"#0"},"south":{"uv":[0,6,6,11],"texture":"#0"},"west":{"uv":[6,6,12,11],"texture":"#0"},"up":{"uv":[0,0,6,6],"texture":"#0"},"down":{"uv":[0,0,6,6],"texture":"#0"}}},{"from":[-2,3,7.5],"to":[3,7,11.5],"rotation":{"angle":0,"axis":"z","origin":[2.00525,6.4869,9.50783]},"faces":{"north":{"uv":[6,3.5,8,6],"rotation":90,"texture":"#0"},"east":{"uv":[8.5,7.5,9,8],"rotation":270,"texture":"#0"},"south":{"uv":[6,3.5,8,6],"rotation":270,"texture":"#0"},"west":{"uv":[8,4,10,6],"rotation":270,"texture":"#0"},"up":{"uv":[6,3.5,8,6],"rotation":270,"texture":"#0"},"down":{"uv":[6,3.5,8,6],"rotation":270,"texture":"#0"}}},{"from":[-6,6,11],"to":[-1,9,11],"rotation":{"angle":22.5,"axis":"y","origin":[-1.4956,6.4764,10.01916]},"faces":{"north":{"uv":[10,3,12.5,4.5],"texture":"#0"},"south":{"uv":[12.5,3,10,4.5],"texture":"#0"}}}],"display":{"thirdperson_righthand":{"rotation":[47,135,0],"translation":[0,1.75,0.75],"scale":[0.3,0.3,0.3]},"thirdperson_lefthand":{"rotation":[47,45,0],"translation":[0,1.75,0.75],"scale":[0.3,0.3,0.3]},"firstperson_righthand":{"rotation":[0,56,0],"translation":[6.25,0,-6.25]},"firstperson_lefthand":{"rotation":[0,56,0],"translation":[6.25,0,-6.25]},"ground":{"translation":[0,4.25,0],"scale":[0.4,0.4,0.4]},"gui":{"rotation":[30,45,0],"translation":[0,2,0],"scale":[0.8,0.8,0.8]},"head":{"translation":[0,18.5,0],"scale":[1.6,1.6,1.6]},"fixed":{"rotation":[-90,0,0],"translation":[0,0,-16],"scale":[2,2,2]}}}