{"credit":"Made with Blockbench","textures":{"0":"block_model:custom/picnic_table","particle":"block_model:custom/picnic_table"},"elements":[{"from":[-8,7,17],"to":[24,9,25],"rotation":{"angle":0,"axis":"y","origin":[8,22,8]},"faces":{"north":{"uv":[0,6.25,8,6.75],"texture":"#0"},"east":{"uv":[8,6.25,8.5,4.25],"rotation":90,"texture":"#0"},"south":{"uv":[0,6.25,8,6.75],"texture":"#0"},"west":{"uv":[8,4.25,8.5,6.25],"rotation":90,"texture":"#0"},"up":{"uv":[0,4.25,8,6.25],"rotation":180,"texture":"#0"},"down":{"uv":[0,6.25,8,4.25],"rotation":180,"texture":"#0"}}},{"from":[-8,7,-9],"to":[24,9,-1],"rotation":{"angle":0,"axis":"y","origin":[8,22,8]},"faces":{"north":{"uv":[0,6.25,8,6.75],"texture":"#0"},"east":{"uv":[8,6.25,8.5,4.25],"rotation":90,"texture":"#0"},"south":{"uv":[0,6.25,8,6.75],"texture":"#0"},"west":{"uv":[8,4.25,8.5,6.25],"rotation":90,"texture":"#0"},"up":{"uv":[0,4.25,8,6.25],"rotation":180,"texture":"#0"},"down":{"uv":[0,6.25,8,4.25],"rotation":180,"texture":"#0"}}},{"from":[-8,14,0],"to":[24,16,16],"rotation":{"angle":0,"axis":"y","origin":[8,22,8]},"faces":{"north":{"uv":[0,6.25,8,6.75],"texture":"#0"},"east":{"uv":[8,0,8.5,4],"rotation":90,"texture":"#0"},"south":{"uv":[0,6.25,8,6.75],"texture":"#0"},"west":{"uv":[8,4,8.5,0],"rotation":90,"texture":"#0"},"up":{"uv":[0,0,8,4],"texture":"#0"},"down":{"uv":[0,4,8,0],"texture":"#0"}}},{"from":[-3.1,-7.75,11],"to":[-2.1,12.25,15],"rotation":{"angle":-45,"axis":"x","origin":[8,8,8]},"faces":{"north":{"uv":[9.75,0,10,5],"rotation":180,"texture":"#0"},"east":{"uv":[9,0,10,5],"texture":"#0"},"south":{"uv":[9,0,9.25,5],"texture":"#0"},"west":{"uv":[10,0,9,5],"texture":"#0"},"up":{"uv":[9,4.75,10,5],"rotation":90,"texture":"#0"},"down":{"uv":[9,4.75,10,5],"rotation":270,"texture":"#0"}}},{"from":[-3,11,-7.75],"to":[-2,15,12.25],"rotation":{"angle":-45,"axis":"x","origin":[8,8,8]},"faces":{"north":{"uv":[9,4.75,10,5],"rotation":90,"texture":"#0"},"east":{"uv":[9,5,10,0],"rotation":90,"texture":"#0"},"south":{"uv":[9,4.75,10,5],"rotation":90,"texture":"#0"},"west":{"uv":[9,0,10,5],"rotation":90,"texture":"#0"},"up":{"uv":[9,0,9.25,5],"rotation":180,"texture":"#0"},"down":{"uv":[9.75,0,10,5],"rotation":180,"texture":"#0"}}},{"from":[17.9,-7.75,11],"to":[18.9,12.25,15],"rotation":{"angle":-45,"axis":"x","origin":[8,8,8]},"faces":{"north":{"uv":[9.75,0,10,5],"rotation":180,"texture":"#0"},"east":{"uv":[9,0,10,5],"texture":"#0"},"south":{"uv":[9,0,9.25,5],"texture":"#0"},"west":{"uv":[10,0,9,5],"texture":"#0"},"up":{"uv":[9,4.75,10,5],"rotation":90,"texture":"#0"},"down":{"uv":[9,4.75,10,5],"rotation":270,"texture":"#0"}}},{"from":[18,11,-7.75],"to":[19,15,12.25],"rotation":{"angle":-45,"axis":"x","origin":[8,8,8]},"faces":{"north":{"uv":[9,4.75,10,5],"rotation":90,"texture":"#0"},"east":{"uv":[9,5,10,0],"rotation":90,"texture":"#0"},"south":{"uv":[9,4.75,10,5],"rotation":90,"texture":"#0"},"west":{"uv":[9,0,10,5],"rotation":90,"texture":"#0"},"up":{"uv":[9,0,9.25,5],"rotation":180,"texture":"#0"},"down":{"uv":[9.75,0,10,5],"rotation":180,"texture":"#0"}}},{"from":[-2.5,5,-6.5],"to":[-2.5,8,22.5],"faces":{"east":{"uv":[0.25,7.25,7.5,8],"texture":"#0"},"west":{"uv":[0.25,7.25,7.5,8],"texture":"#0"}}},{"from":[18.5,5,-6.5],"to":[18.5,8,22.5],"faces":{"east":{"uv":[0.25,7.25,7.5,8],"texture":"#0"},"west":{"uv":[0.25,7.25,7.5,8],"texture":"#0"}}}],"display":{"thirdperson_righthand":{"rotation":[27,39,0],"scale":[0.2,0.2,0.2]},"thirdperson_lefthand":{"rotation":[27,39,0],"scale":[0.2,0.2,0.2]},"firstperson_righthand":{"rotation":[0,114,0],"translation":[22.5,-8.25,-17.75]},"firstperson_lefthand":{"rotation":[0,114,0],"translation":[22.5,-8.25,-17.75]},"ground":{"translation":[0,3.25,0],"scale":[0.3,0.3,0.3]},"gui":{"rotation":[30,45,0],"scale":[0.34,0.34,0.34]},"head":{"rotation":[0,90,0],"translation":[0,-1,0]},"fixed":{"rotation":[-90,0,0],"translation":[0,0,-16],"scale":[2,2,2]}},"groups":[{"name":"group","origin":[8,8,8],"children":[0,1,2]},{"name":"group","origin":[8,8,8],"children":[3,4]},{"name":"group","origin":[8,8,8],"children":[5,6]},7,8]}