{"credit":"Made with Blockbench","textures":{"0":"block_model:custom/wooden_table","particle":"block_model:custom/wooden_table"},"elements":[{"from":[-8,3,6],"to":[24,5,11],"rotation":{"angle":-22.5,"axis":"y","origin":[8,8,8]},"faces":{"north":{"uv":[0,8,8,8.5],"texture":"#0"},"east":{"uv":[8,5.75,8.5,7],"rotation":90,"texture":"#0"},"south":{"uv":[0,8,8,8.5],"texture":"#0"},"west":{"uv":[8,5.75,8.5,7],"rotation":90,"texture":"#0"},"up":{"uv":[0,1.75,8,3],"texture":"#0"},"down":{"uv":[0,5.75,8,7],"texture":"#0"}}},{"from":[-9,2,9],"to":[23,4,14],"rotation":{"angle":22.5,"axis":"x","origin":[8,8,8]},"faces":{"north":{"uv":[0,8,8,8.5],"texture":"#0"},"east":{"uv":[8,5.75,8.5,7],"rotation":90,"texture":"#0"},"south":{"uv":[0,8,8,8.5],"texture":"#0"},"west":{"uv":[8,5.75,8.5,7],"rotation":90,"texture":"#0"},"up":{"uv":[0,1.75,8,3],"texture":"#0"},"down":{"uv":[0,5.75,8,7],"texture":"#0"}}},{"from":[-8,0,4],"to":[24,2,9],"rotation":{"angle":22.5,"axis":"y","origin":[8,8,8]},"faces":{"north":{"uv":[0,8,8,8.5],"texture":"#0"},"east":{"uv":[8,5.75,8.5,7],"rotation":90,"texture":"#0"},"south":{"uv":[0,8,8,8.5],"texture":"#0"},"west":{"uv":[8,5.75,8.5,7],"rotation":90,"texture":"#0"},"up":{"uv":[0,5.75,8,7],"texture":"#0"},"down":{"uv":[0,5.75,8,7],"texture":"#0"}}}],"display":{"thirdperson_righthand":{"rotation":[39,0,0],"translation":[-5.25,5.75,4.75],"scale":[0.79,0.79,0.79]},"thirdperson_lefthand":{"rotation":[23,103,0],"translation":[1.25,2.5,14.5],"scale":[0.79,0.79,0.79]},"firstperson_righthand":{"translation":[-8.5,0.75,-8.75]},"firstperson_lefthand":{"rotation":[91,90,0],"translation":[14,0.5,3.75]},"ground":{"translation":[0,7.75,0],"scale":[0.4,0.4,0.4]},"gui":{"rotation":[30,-45,0],"translation":[-0.25,2.25,0],"scale":[0.49,0.49,0.49]},"fixed":{"rotation":[-90,0,0],"translation":[0,1.75,-16],"scale":[2,2,2]}}}