{"credit":"Made with Blockbench","textures":{"0":"block_model:custom/rocking_chair","particle":"block_model:custom/rocking_chair"},"elements":[{"from":[0,-2,0],"to":[16,0,14],"faces":{"north":{"uv":[0,7,4,7.5],"texture":"#0"},"east":{"uv":[0,7,4,7.5],"texture":"#0"},"south":{"uv":[0,7,4,7.5],"texture":"#0"},"west":{"uv":[0,7,4,7.5],"texture":"#0"},"up":{"uv":[0,4.5,4,8],"texture":"#0"},"down":{"uv":[0,4.5,4,8],"rotation":180,"texture":"#0"}}},{"from":[0,0,0],"to":[2,18,2],"faces":{"north":{"uv":[3.5,0,4,4.5],"texture":"#0"},"east":{"uv":[3.5,0,4,4.5],"texture":"#0"},"south":{"uv":[4,0,3.5,4.5],"texture":"#0"},"west":{"uv":[4,0,3.5,4.5],"texture":"#0"},"up":{"uv":[3.75,0,4,0.25],"texture":"#0"}}},{"from":[14,0,0],"to":[16,18,2],"faces":{"north":{"uv":[3.5,0,4,4.5],"texture":"#0"},"east":{"uv":[3.5,0,4,4.5],"texture":"#0"},"south":{"uv":[3.5,0,4,4.5],"texture":"#0"},"west":{"uv":[4,0,3.5,4.5],"texture":"#0"},"up":{"uv":[3.75,0,4,0.25],"texture":"#0"}}},{"from":[13,-10,1],"to":[15,-2,3],"faces":{"north":{"uv":[3.5,2.5,4,4.5],"texture":"#0"},"east":{"uv":[3.5,2.5,4,4.5],"texture":"#0"},"south":{"uv":[3.5,2.5,4,4.5],"texture":"#0"},"west":{"uv":[3.5,2.5,4,4.5],"texture":"#0"},"down":{"uv":[0,4.5,0,4.5],"texture":"#0"}}},{"from":[1,-10,1],"to":[3,-2,3],"rotation":{"angle":0,"axis":"y","origin":[-4,8,8]},"faces":{"north":{"uv":[3.5,2.5,4,4.5],"texture":"#0"},"east":{"uv":[3.5,2.5,4,4.5],"texture":"#0"},"south":{"uv":[3.5,2.5,4,4.5],"texture":"#0"},"west":{"uv":[3.5,2.5,4,4.5],"texture":"#0"},"down":{"uv":[0,4.5,0,4.5],"texture":"#0"}}},{"from":[13,-10,10],"to":[15,-2,12],"faces":{"north":{"uv":[3.5,2.5,4,4.5],"texture":"#0"},"east":{"uv":[3.5,2.5,4,4.5],"texture":"#0"},"south":{"uv":[3.5,2.5,4,4.5],"texture":"#0"},"west":{"uv":[3.5,2.5,4,4.5],"texture":"#0"},"down":{"uv":[0,4.5,0,4.5],"texture":"#0"}}},{"from":[1,-10,10],"to":[3,-2,12],"rotation":{"angle":0,"axis":"y","origin":[-4,8,8]},"faces":{"north":{"uv":[3.5,2.5,4,4.5],"texture":"#0"},"east":{"uv":[3.5,2.5,4,4.5],"texture":"#0"},"south":{"uv":[3.5,2.5,4,4.5],"texture":"#0"},"west":{"uv":[3.5,2.5,4,4.5],"texture":"#0"},"down":{"uv":[0,4.5,0,4.5],"texture":"#0"}}},{"from":[2,12,0.5],"to":[14,16,1.5],"faces":{"north":{"uv":[0.5,0.5,3.5,1.5],"texture":"#0"},"south":{"uv":[0.5,0.5,3.5,1.5],"texture":"#0"},"up":{"uv":[0.5,0.5,3.5,0.75],"texture":"#0"},"down":{"uv":[0.25,1.25,3.25,1.5],"texture":"#0"}}},{"from":[2,2,1],"to":[14,11,1],"faces":{"north":{"uv":[0.5,1.75,3.5,4],"texture":"#0"},"south":{"uv":[0.5,1.75,3.5,4],"texture":"#0"},"up":{"uv":[0.5,0.5,3.5,0.75],"texture":"#0"},"down":{"uv":[0.25,1.25,3.25,1.5],"texture":"#0"}}},{"from":[14,-11,-4],"to":[14,-8,17],"faces":{"east":{"uv":[0,8.75,5.25,9.5],"texture":"#0"},"west":{"uv":[0,8.75,5.25,9.5],"texture":"#0"}}},{"from":[2,-11,-4],"to":[2,-8,17],"faces":{"east":{"uv":[0,8.75,5.25,9.5],"texture":"#0"},"west":{"uv":[0,8.75,5.25,9.5],"texture":"#0"}}},{"from":[0.9,-7.1,-0.1],"to":[15.1,0.1,14.1],"faces":{"north":{"uv":[4,4.25,7.5,6],"texture":"#0","tintindex":1},"south":{"uv":[4,4.25,7.5,6],"texture":"#0","tintindex":1},"up":{"uv":[4,0,7.5,3.5],"texture":"#0","tintindex":1}}},{"from":[15.1,0.1,14.1],"to":[0.9,-7.1,-0.1],"faces":{"north":{"uv":[4,4.25,7.5,6],"rotation":180,"texture":"#0","tintindex":1},"south":{"uv":[4,4.25,7.5,6],"rotation":180,"texture":"#0","tintindex":1},"down":{"uv":[4,0,7.5,3.5],"texture":"#0","tintindex":1}}}],"display":{"thirdperson_righthand":{"rotation":[44,-122,0],"translation":[-0.5,3,0.75],"scale":[0.2,0.2,0.2]},"thirdperson_lefthand":{"rotation":[44,-122,0],"translation":[-0.5,3,0.75],"scale":[0.2,0.2,0.2]},"firstperson_righthand":{"rotation":[0,-63,0],"translation":[16.75,1,-15.25]},"firstperson_lefthand":{"rotation":[0,-63,0],"translation":[16.75,1,-15.25]},"ground":{"translation":[0,1.75,0],"scale":[0.2,0.2,0.2]},"gui":{"rotation":[30,-45,0],"translation":[-0.75,1.5,0],"scale":[0.45,0.45,0.45]},"head":{"rotation":[0,180,0],"translation":[0,15.75,0]},"fixed":{"rotation":[-90,180,0],"translation":[0,-2,-38],"scale":[2,2,2]}},"groups":[0,1,2,3,4,5,6,7,8,9,10,{"name":"group","origin":[8,8,8],"children":[11,12]}]}