{"credit":"Made with Blockbench","textures":{"0":"block_model:custom/farmer","1":"block_model:custom/pumpkins","particle":"block_model:custom/farmer"},"elements":[{"from":[3,13,3],"to":[13,23,13],"rotation":{"angle":0,"axis":"z","origin":[8,13.2,8]},"faces":{"north":{"uv":[4,4,8,8],"texture":"#1"},"east":{"uv":[0,0,4,4],"texture":"#1"},"south":{"uv":[0,0,4,4],"texture":"#1"},"west":{"uv":[0,0,4,4],"texture":"#1"},"up":{"uv":[4,0,8,4],"texture":"#1"},"down":{"uv":[4,0,8,4],"texture":"#1"}}},{"from":[-3,23.1,-3],"to":[19,23.1,19],"rotation":{"angle":0,"axis":"z","origin":[8,13.2,8]},"faces":{"up":{"uv":[10,1.5,15.5,7],"texture":"#0"},"down":{"uv":[10,1.5,15.5,7],"rotation":270,"texture":"#0"}}},{"from":[3,23,3],"to":[13,28,13],"rotation":{"angle":0,"axis":"z","origin":[8,13.2,8]},"faces":{"north":{"uv":[11.5,0.25,14,1.5],"texture":"#0"},"east":{"uv":[11.5,0.25,14,1.5],"texture":"#0"},"south":{"uv":[11.5,0.25,14,1.5],"texture":"#0"},"west":{"uv":[11.5,0.25,14,1.5],"texture":"#0"},"up":{"uv":[11.5,3,14,5.5],"texture":"#0"}}},{"from":[2.75,22.75,2.75],"to":[13.25,28.25,13.25],"rotation":{"angle":0,"axis":"z","origin":[8,13.2,8]},"faces":{"north":{"uv":[11.5,7,14,8.25],"texture":"#0","tintindex":1},"east":{"uv":[11.5,7,14,8.25],"texture":"#0","tintindex":1},"south":{"uv":[11.5,7,14,8.25],"texture":"#0","tintindex":1},"west":{"uv":[11.5,7,14,8.25],"texture":"#0","tintindex":1}}},{"from":[4,-4,10],"to":[12,1,10],"rotation":{"angle":-22.5,"axis":"x","origin":[8,1,10]},"faces":{"north":{"uv":[6,3.75,8,5],"texture":"#0"},"south":{"uv":[6,3.75,8,5],"texture":"#0"}}},{"from":[6.5,-16,6.5],"to":[9.5,0,9.5],"rotation":{"angle":0,"axis":"x","origin":[8,0,8]},"faces":{"north":{"uv":[4.25,4,5,8],"texture":"#0"},"east":{"uv":[4.25,4,5,8],"texture":"#0"},"south":{"uv":[4.25,4,5,8],"texture":"#0"},"west":{"uv":[4.25,4,5,8],"texture":"#0"},"up":{"uv":[4.25,8,5,8.75],"texture":"#0"},"down":{"uv":[4.25,8,5,8.75],"texture":"#0"}}},{"from":[4,-4,6],"to":[12,1,6],"rotation":{"angle":22.5,"axis":"x","origin":[8,1,6]},"faces":{"north":{"uv":[6,3.75,8,5],"texture":"#0"},"south":{"uv":[6,3.75,8,5],"texture":"#0"}}},{"from":[8,-11.5,6],"to":[12,0.5,10],"rotation":{"angle":22.5,"axis":"z","origin":[10,1,8]},"faces":{"north":{"uv":[2,5,1,8],"texture":"#0"},"east":{"uv":[0,5,1,8],"texture":"#0"},"south":{"uv":[4,5,3,8],"texture":"#0"},"west":{"uv":[2,5,3,8],"texture":"#0"},"up":{"uv":[1,4,2,5],"texture":"#0"}}},{"from":[4,-11.5,6],"to":[8,0.5,10],"rotation":{"angle":-22.5,"axis":"z","origin":[6,1.5,8.05]},"faces":{"north":{"uv":[1,5,2,8],"texture":"#0"},"east":{"uv":[0,5,1,8],"texture":"#0"},"south":{"uv":[3,5,4,8],"texture":"#0"},"west":{"uv":[2,5,3,8],"texture":"#0"},"up":{"uv":[1,4,2,5],"texture":"#0"}}},{"from":[4,1,6],"to":[12,13,10],"rotation":{"angle":0,"axis":"y","origin":[8,-7,8]},"faces":{"north":{"uv":[5,1,3,4],"texture":"#0","tintindex":1},"east":{"uv":[2,1,3,4],"texture":"#0","tintindex":1},"south":{"uv":[3,1,5,4],"texture":"#0","tintindex":1},"west":{"uv":[2,1,3,4],"texture":"#0","tintindex":1},"up":{"uv":[0,0,2,1],"rotation":180,"texture":"#0"},"down":{"uv":[0.75,0.75,1,1],"texture":"#0","tintindex":1}}},{"from":[-9,10,6.1],"to":[-4,14,10.1],"rotation":{"angle":22.5,"axis":"z","origin":[4,10,8]},"faces":{"north":{"uv":[6,3.75,7,5],"rotation":270,"texture":"#0"},"south":{"uv":[8,3.75,9,5],"rotation":90,"texture":"#0"},"up":{"uv":[7,3.75,8,5],"rotation":90,"texture":"#0"},"down":{"uv":[5,3.75,6,5],"rotation":90,"texture":"#0"}}},{"from":[-4,10,6.1],"to":[7,14,10.1],"rotation":{"angle":22.5,"axis":"z","origin":[4,10,8]},"faces":{"north":{"uv":[7,1,6,3.75],"rotation":270,"texture":"#0","tintindex":1},"east":{"uv":[6,0,7,1],"rotation":90,"texture":"#0","tintindex":1},"south":{"uv":[6,1,7,3.75],"rotation":90,"texture":"#0","tintindex":1},"west":{"uv":[7,0,8,1],"rotation":90,"texture":"#0","tintindex":1},"up":{"uv":[5,1,6,3.75],"rotation":90,"texture":"#0","tintindex":1},"down":{"uv":[7,1,8,3.75],"rotation":90,"texture":"#0","tintindex":1}}},{"from":[20,10,6.1],"to":[25,14,10.1],"rotation":{"angle":-22.5,"axis":"z","origin":[12,10,8]},"faces":{"north":{"uv":[8,3.75,9,5],"rotation":90,"texture":"#0"},"south":{"uv":[6,3.75,7,5],"rotation":270,"texture":"#0"},"up":{"uv":[7,3.75,8,5],"rotation":270,"texture":"#0"},"down":{"uv":[5,3.75,6,5],"rotation":270,"texture":"#0"}}},{"from":[9,10,6.1],"to":[20,14,10.1],"rotation":{"angle":-22.5,"axis":"z","origin":[12,10,8]},"faces":{"north":{"uv":[6,1,7,3.75],"rotation":90,"texture":"#0","tintindex":1},"east":{"uv":[7,0,8,1],"rotation":90,"texture":"#0","tintindex":1},"south":{"uv":[7,1,6,3.75],"rotation":270,"texture":"#0","tintindex":1},"west":{"uv":[6,0,7,1],"rotation":90,"texture":"#0","tintindex":1},"up":{"uv":[5,1,6,3.75],"rotation":270,"texture":"#0","tintindex":1},"down":{"uv":[7,1,8,3.75],"rotation":270,"texture":"#0","tintindex":1}}},{"from":[3.75,0.75,5.75],"to":[12.25,13.25,10.25],"rotation":{"angle":0,"axis":"y","origin":[0,8,8]},"faces":{"north":{"uv":[0,1,2,4],"texture":"#0"},"up":{"uv":[0,0,2,1],"rotation":180,"texture":"#0"}}},{"from":[-4,14,10.1],"to":[-9,10,6.1],"rotation":{"angle":22.5,"axis":"z","origin":[4,10,8]},"faces":{"north":{"uv":[6,3.75,7,5],"rotation":90,"texture":"#0"},"south":{"uv":[8,3.75,9,5],"rotation":270,"texture":"#0"},"up":{"uv":[5,3.75,6,5],"rotation":270,"texture":"#0"},"down":{"uv":[8,3.75,7,5],"rotation":270,"texture":"#0"}}},{"from":[25,14,10.1],"to":[20,10,6.1],"rotation":{"angle":-22.5,"axis":"z","origin":[12,10,8]},"faces":{"north":{"uv":[8,3.75,9,5],"rotation":270,"texture":"#0"},"south":{"uv":[6,3.75,7,5],"rotation":90,"texture":"#0"},"up":{"uv":[5,3.75,6,5],"rotation":90,"texture":"#0"},"down":{"uv":[8,3.75,7,5],"rotation":90,"texture":"#0"}}},{"from":[8,0.5,10],"to":[4,-11.5,6],"rotation":{"angle":-22.5,"axis":"z","origin":[6,1.5,8.05]},"faces":{"north":{"uv":[4,5,3,8],"rotation":180,"texture":"#0"},"east":{"uv":[3,5,2,8],"rotation":180,"texture":"#0"},"south":{"uv":[2,5,1,8],"rotation":180,"texture":"#0"},"west":{"uv":[1,5,0,8],"rotation":180,"texture":"#0"},"down":{"uv":[1,4,2,5],"rotation":180,"texture":"#0"}}},{"from":[12,0.5,10],"to":[8,-11.5,6],"rotation":{"angle":22.5,"axis":"z","origin":[10,1,8]},"faces":{"north":{"uv":[4,5,3,8],"rotation":180,"texture":"#0"},"east":{"uv":[3,5,2,8],"rotation":180,"texture":"#0"},"south":{"uv":[2,5,1,8],"rotation":180,"texture":"#0"},"west":{"uv":[1,5,0,8],"rotation":180,"texture":"#0"},"down":{"uv":[1,4,2,5],"rotation":180,"texture":"#0"}}}],"display":{"thirdperson_righthand":{"rotation":[46,0,0],"translation":[0,1.25,1.25],"scale":[0.3,0.3,0.3]},"thirdperson_lefthand":{"rotation":[46,0,0],"translation":[0,1.25,1.25],"scale":[0.3,0.3,0.3]},"firstperson_righthand":{"rotation":[0,139,0],"translation":[18.5,-2.5,-13.5]},"firstperson_lefthand":{"rotation":[0,139,0],"translation":[18.5,-2.5,-13.5]},"ground":{"translation":[0,9.5,0],"scale":[0.3,0.3,0.3]},"gui":{"rotation":[30,135,0],"translation":[0,0.25,0],"scale":[0.4,0.4,0.4]},"head":{"translation":[0,30,0]},"fixed":{"rotation":[-90,0,0],"translation":[0,0,-16],"scale":[2,2,2]}},"groups":[{"name":"group","origin":[8,8,8],"children":[{"name":"group","origin":[8,13,8],"children":[0,1,2,3]},4,5,6,{"name":"group","origin":[10,0,8],"children":[7]},{"name":"group","origin":[6,0,8],"children":[8]},9,{"name":"group","origin":[8,8,8],"children":[10,11]},{"name":"group","origin":[8,8,8],"children":[12,13]},14]},{"name":"group","origin":[4,10,8],"children":[15,16,17,18]}]}