{"credit":"Made with Blockbench","textures":{"0":"block_model:custom/sofa_chair_1","particle":"block_model:custom/sofa_chair_1"},"elements":[{"from":[-8,-1,14],"to":[-6,16,16],"rotation":{"angle":0,"axis":"y","origin":[8,9,8]},"faces":{"north":{"uv":[7.5,0.25,8,4.5],"texture":"#0"},"east":{"uv":[7.5,0.25,8,4.5],"texture":"#0"},"south":{"uv":[7.5,0.25,8,4.5],"texture":"#0"},"west":{"uv":[7.5,0.25,8,4.5],"texture":"#0"},"up":{"uv":[7.5,0.25,7.75,0.5],"texture":"#0"},"down":{"uv":[7.5,3.25,7.75,3.5],"texture":"#0"}}},{"from":[22,-1,0],"to":[24,1,14],"rotation":{"angle":0,"axis":"x","origin":[8,9,8]},"faces":{"north":{"uv":[7.5,0.25,7.75,0.5],"rotation":180,"texture":"#0"},"east":{"uv":[7.5,0.25,8,3.75],"rotation":270,"texture":"#0"},"south":{"uv":[7.5,3.25,7.75,3.5],"texture":"#0"},"west":{"uv":[7.5,0.25,8,3.75],"rotation":270,"texture":"#0"},"up":{"uv":[7.5,0.25,8,3.75],"texture":"#0"},"down":{"uv":[7.5,0.25,8,3.75],"rotation":180,"texture":"#0"}}},{"from":[-8,-1,0],"to":[-6,1,14],"rotation":{"angle":0,"axis":"x","origin":[8,9,8]},"faces":{"north":{"uv":[7.5,0.25,7.75,0.5],"rotation":180,"texture":"#0"},"east":{"uv":[7.5,0.25,8,3.75],"rotation":270,"texture":"#0"},"south":{"uv":[7.5,3.25,7.75,3.5],"texture":"#0"},"west":{"uv":[7.5,0.25,8,3.75],"rotation":270,"texture":"#0"},"up":{"uv":[7.5,0.25,8,3.75],"texture":"#0"},"down":{"uv":[7.5,0.25,8,3.75],"rotation":180,"texture":"#0"}}},{"from":[22,-1,14],"to":[24,16,16],"rotation":{"angle":0,"axis":"y","origin":[8,9,8]},"faces":{"north":{"uv":[7.5,0.25,8,4.5],"texture":"#0"},"east":{"uv":[7.5,0.25,8,4.5],"texture":"#0"},"south":{"uv":[7.5,0.25,8,4.5],"texture":"#0"},"west":{"uv":[7.5,0.25,8,4.5],"texture":"#0"},"up":{"uv":[7.5,0.25,7.75,0.5],"texture":"#0"},"down":{"uv":[7.5,3.25,7.75,3.5],"texture":"#0"}}},{"from":[8,-1,-2],"to":[22,3,12],"rotation":{"angle":0,"axis":"y","origin":[8,9,8]},"faces":{"north":{"uv":[0.5,8,4,9],"texture":"#0","tintindex":1},"east":{"uv":[0.5,0,4,1],"texture":"#0","tintindex":1},"south":{"uv":[0.5,0,4,1],"texture":"#0","tintindex":1},"west":{"uv":[0.5,0,4,1],"texture":"#0","tintindex":1},"up":{"uv":[0.5,4.5,4,8],"rotation":180,"texture":"#0","tintindex":1},"down":{"uv":[4,0,7.5,3.5],"rotation":180,"texture":"#0","tintindex":1}}},{"from":[-6,-1,-2],"to":[8,3,12],"rotation":{"angle":0,"axis":"y","origin":[8,9,8]},"faces":{"north":{"uv":[0.5,8,4,9],"texture":"#0","tintindex":1},"east":{"uv":[0.5,0,4,1],"texture":"#0","tintindex":1},"south":{"uv":[0.5,0,4,1],"texture":"#0","tintindex":1},"west":{"uv":[0.5,0,4,1],"texture":"#0","tintindex":1},"up":{"uv":[0.5,4.5,4,8],"rotation":180,"texture":"#0","tintindex":1},"down":{"uv":[4,0,7.5,3.5],"rotation":180,"texture":"#0","tintindex":1}}},{"from":[8,-1,12],"to":[22,17,16],"rotation":{"angle":0,"axis":"y","origin":[8,9,8]},"faces":{"north":{"uv":[0.5,0,4,4.5],"texture":"#0","tintindex":1},"east":{"uv":[3,0,4,4.5],"texture":"#0","tintindex":1},"south":{"uv":[4,0,7.5,4.5],"texture":"#0","tintindex":1},"west":{"uv":[4,0,3,4.5],"texture":"#0","tintindex":1},"up":{"uv":[0.5,0,4,1],"texture":"#0","tintindex":1},"down":{"uv":[0.5,3.75,4,4.75],"texture":"#0","tintindex":1}}},{"from":[-6,-1,12],"to":[8,17,16],"rotation":{"angle":0,"axis":"y","origin":[8,9,8]},"faces":{"north":{"uv":[0.5,0,4,4.5],"texture":"#0","tintindex":1},"east":{"uv":[3,0,4,4.5],"texture":"#0","tintindex":1},"south":{"uv":[4,0,7.5,4.5],"texture":"#0","tintindex":1},"west":{"uv":[4,0,3,4.5],"texture":"#0","tintindex":1},"up":{"uv":[0.5,0,4,1],"texture":"#0","tintindex":1},"down":{"uv":[0.5,3.75,4,4.75],"texture":"#0","tintindex":1}}},{"from":[-8,-8,0],"to":[-6,-1,2],"rotation":{"angle":0,"axis":"y","origin":[8,9,8]},"faces":{"north":{"uv":[7.5,1.75,8,3.5],"texture":"#0"},"east":{"uv":[7.5,1.75,8,3.5],"texture":"#0"},"south":{"uv":[7.5,1.75,8,3.5],"texture":"#0"},"west":{"uv":[7.5,1.75,8,3.5],"texture":"#0"},"up":{"uv":[7.5,3.25,7.75,3.5],"texture":"#0"},"down":{"uv":[7.5,3.25,7.75,3.5],"texture":"#0"}}},{"from":[-8,-8,14],"to":[-6,-1,16],"rotation":{"angle":0,"axis":"y","origin":[8,9,8]},"faces":{"north":{"uv":[7.5,1.75,8,3.5],"texture":"#0"},"east":{"uv":[7.5,1.75,8,3.5],"texture":"#0"},"south":{"uv":[7.5,1.75,8,3.5],"texture":"#0"},"west":{"uv":[7.5,1.75,8,3.5],"texture":"#0"},"up":{"uv":[7.5,3.25,7.75,3.5],"texture":"#0"},"down":{"uv":[7.5,3.25,7.75,3.5],"texture":"#0"}}},{"from":[22,-8,14],"to":[24,-1,16],"rotation":{"angle":0,"axis":"y","origin":[8,9,8]},"faces":{"north":{"uv":[7.5,1.75,8,3.5],"texture":"#0"},"east":{"uv":[7.5,1.75,8,3.5],"texture":"#0"},"south":{"uv":[7.5,1.75,8,3.5],"texture":"#0"},"west":{"uv":[7.5,1.75,8,3.5],"texture":"#0"},"up":{"uv":[7.5,3.25,7.75,3.5],"texture":"#0"},"down":{"uv":[7.5,3.25,7.75,3.5],"texture":"#0"}}},{"from":[22,-8,0],"to":[24,-1,2],"rotation":{"angle":0,"axis":"y","origin":[8,9,8]},"faces":{"north":{"uv":[7.5,1.75,8,3.5],"texture":"#0"},"east":{"uv":[7.5,1.75,8,3.5],"texture":"#0"},"south":{"uv":[7.5,1.75,8,3.5],"texture":"#0"},"west":{"uv":[7.5,1.75,8,3.5],"texture":"#0"},"up":{"uv":[7.5,3.25,7.75,3.5],"texture":"#0"},"down":{"uv":[7.5,3.25,7.75,3.5],"texture":"#0"}}},{"from":[-8,1,0],"to":[-6,8,2],"rotation":{"angle":0,"axis":"y","origin":[8,9,8]},"faces":{"north":{"uv":[7.5,1.75,8,3.5],"texture":"#0"},"east":{"uv":[7.5,1.75,8,3.5],"texture":"#0"},"south":{"uv":[7.5,1.75,8,3.5],"texture":"#0"},"west":{"uv":[7.5,1.75,8,3.5],"texture":"#0"},"up":{"uv":[7.5,3.25,7.75,3.5],"texture":"#0"},"down":{"uv":[7.5,3.25,7.75,3.5],"texture":"#0"}}},{"from":[22,1,0],"to":[24,8,2],"rotation":{"angle":0,"axis":"y","origin":[8,9,8]},"faces":{"north":{"uv":[7.5,1.75,8,3.5],"texture":"#0"},"east":{"uv":[7.5,1.75,8,3.5],"texture":"#0"},"south":{"uv":[7.5,1.75,8,3.5],"texture":"#0"},"west":{"uv":[7.5,1.75,8,3.5],"texture":"#0"},"up":{"uv":[7.5,3.25,7.75,3.5],"texture":"#0"},"down":{"uv":[7.5,3.25,7.75,3.5],"texture":"#0"}}},{"from":[-9,7,-2.1],"to":[-5,9,15.9],"rotation":{"angle":0,"axis":"y","origin":[8,9,8]},"faces":{"north":{"uv":[3,0,4,0.5],"texture":"#0","tintindex":1},"east":{"uv":[1,0,0.5,4.5],"rotation":90,"texture":"#0","tintindex":1},"south":{"uv":[0.5,4,1.5,4.5],"texture":"#0","tintindex":1},"west":{"uv":[0.5,0,1,4.5],"rotation":270,"texture":"#0","tintindex":1},"up":{"uv":[0.5,0,1.5,4.5],"texture":"#0","tintindex":1},"down":{"uv":[3.75,2.25,7.5,3.25],"rotation":270,"texture":"#0","tintindex":1}}},{"from":[21,7.1,-2.2],"to":[25,9.1,15.8],"rotation":{"angle":0,"axis":"y","origin":[8,9,8]},"faces":{"north":{"uv":[4,0,3,0.5],"texture":"#0","tintindex":1},"east":{"uv":[1,0,0.5,4.5],"rotation":90,"texture":"#0","tintindex":1},"south":{"uv":[0.5,4,1.5,4.5],"texture":"#0","tintindex":1},"west":{"uv":[0.5,0,1,4.5],"rotation":270,"texture":"#0","tintindex":1},"up":{"uv":[1.5,0,0.5,4.5],"texture":"#0","tintindex":1},"down":{"uv":[3.75,2.25,7.5,3.25],"rotation":270,"texture":"#0","tintindex":1}}},{"from":[-6,8,15.01],"to":[8,10,16.01],"faces":{"east":{"uv":[4,1.75,4,2.25],"texture":"#0"},"south":{"uv":[4,1.75,7.5,2.25],"texture":"#0"},"west":{"uv":[4,1.75,4,2.25],"texture":"#0"},"up":{"uv":[4,1.75,7.5,2],"texture":"#0"},"down":{"uv":[4,2,7.5,2.25],"texture":"#0"}}},{"from":[8,8,15.01],"to":[22,10,16.01],"faces":{"east":{"uv":[4,1.75,4,2.25],"texture":"#0"},"south":{"uv":[4,1.75,7.5,2.25],"texture":"#0"},"west":{"uv":[4,1.75,4,2.25],"texture":"#0"},"up":{"uv":[4,1.75,7.5,2],"texture":"#0"},"down":{"uv":[4,2,7.5,2.25],"texture":"#0"}}},{"from":[-6,2,15.01],"to":[8,4,16.01],"faces":{"east":{"uv":[4,1.75,4,2.25],"texture":"#0"},"south":{"uv":[4,1.75,7.5,2.25],"texture":"#0"},"west":{"uv":[4,1.75,4,2.25],"texture":"#0"},"up":{"uv":[4,1.75,7.5,2],"texture":"#0"},"down":{"uv":[4,2,7.5,2.25],"texture":"#0"}}},{"from":[8,2,15.01],"to":[22,4,16.01],"faces":{"east":{"uv":[4,1.75,4,2.25],"texture":"#0"},"south":{"uv":[4,1.75,7.5,2.25],"texture":"#0"},"west":{"uv":[4,1.75,4,2.25],"texture":"#0"},"up":{"uv":[4,1.75,7.5,2],"texture":"#0"},"down":{"uv":[4,2,7.5,2.25],"texture":"#0"}}},{"from":[8,-1.001,5],"to":[22,-0.001,7],"faces":{"north":{"uv":[4,2,7.5,2.25],"rotation":180,"texture":"#0"},"east":{"uv":[4,1.75,4,2.25],"rotation":270,"texture":"#0"},"south":{"uv":[4,1.75,7.5,2],"texture":"#0"},"west":{"uv":[4,1.75,4,2.25],"rotation":90,"texture":"#0"},"down":{"uv":[4,1.75,7.5,2.25],"rotation":180,"texture":"#0"}}},{"from":[-6,-1.001,5],"to":[8,-0.001,7],"faces":{"north":{"uv":[4,2,7.5,2.25],"rotation":180,"texture":"#0"},"east":{"uv":[4,1.75,4,2.25],"rotation":270,"texture":"#0"},"south":{"uv":[4,1.75,7.5,2],"texture":"#0"},"west":{"uv":[4,1.75,4,2.25],"rotation":90,"texture":"#0"},"down":{"uv":[4,1.75,7.5,2.25],"rotation":180,"texture":"#0"}}},{"from":[-6,-1.001,11],"to":[8,-0.001,13],"faces":{"north":{"uv":[4,2,7.5,2.25],"rotation":180,"texture":"#0"},"east":{"uv":[4,1.75,4,2.25],"rotation":270,"texture":"#0"},"south":{"uv":[4,1.75,7.5,2],"texture":"#0"},"west":{"uv":[4,1.75,4,2.25],"rotation":90,"texture":"#0"},"down":{"uv":[4,1.75,7.5,2.25],"rotation":180,"texture":"#0"}}},{"from":[8,-1.001,11],"to":[22,-0.001,13],"faces":{"north":{"uv":[4,2,7.5,2.25],"rotation":180,"texture":"#0"},"east":{"uv":[4,1.75,4,2.25],"rotation":270,"texture":"#0"},"south":{"uv":[4,1.75,7.5,2],"texture":"#0"},"west":{"uv":[4,1.75,4,2.25],"rotation":90,"texture":"#0"},"down":{"uv":[4,1.75,7.5,2.25],"rotation":180,"texture":"#0"}}},{"from":[-8,6.999,1],"to":[-6,7.999,15],"faces":{"north":{"uv":[4,1.75,4,2.25],"rotation":270,"texture":"#0"},"east":{"uv":[4,1.75,7.5,2],"texture":"#0"},"south":{"uv":[4,1.75,4,2.25],"rotation":90,"texture":"#0"},"west":{"uv":[4,2,7.5,2.25],"rotation":180,"texture":"#0"},"down":{"uv":[4,1.75,7.5,2.25],"rotation":90,"texture":"#0"}}},{"from":[22,6.999,1],"to":[24,7.999,15],"faces":{"north":{"uv":[4,1.75,4,2.25],"rotation":270,"texture":"#0"},"east":{"uv":[4,1.75,7.5,2],"texture":"#0"},"south":{"uv":[4,1.75,4,2.25],"rotation":90,"texture":"#0"},"west":{"uv":[4,2,7.5,2.25],"rotation":180,"texture":"#0"},"down":{"uv":[4,1.75,7.5,2.25],"rotation":90,"texture":"#0"}}}],"display":{"thirdperson_righthand":{"rotation":[0,165,0],"translation":[0,0.5,0],"scale":[0.1,0.1,0.1]},"thirdperson_lefthand":{"rotation":[0,165,0],"translation":[0,0.5,0],"scale":[0.1,0.1,0.1]},"firstperson_righthand":{"rotation":[0,152,0],"translation":[17.75,-3.75,-10.75]},"firstperson_lefthand":{"rotation":[0,152,0],"translation":[17.75,-3.75,-10.75]},"ground":{"translation":[0,2.75,0],"scale":[0.2,0.2,0.2]},"gui":{"rotation":[30,135,0],"translation":[0,1,0],"scale":[0.4,0.4,0.4]},"head":{"translation":[0,12.25,0],"scale":[0.4,0.4,0.4]},"fixed":{"rotation":[-90,0,0],"translation":[-16,0,-31],"scale":[2,2,2]}},"groups":[{"name":"group","origin":[8,8,8],"children":[0,1,2,3,4,5,6,7,8,9,10,11,12,13,14,15,16,17,18,19,20,21,22,23,24,25]}]}