{"credit":"Made with Blockbench","textures":{"0":"block_model:custom/stack_of_papers","particle":"block_model:custom/stack_of_papers"},"elements":[{"from":[4,0,2.25],"to":[12,0,13.25],"rotation":{"angle":0,"axis":"y","origin":[6,8,9.25]},"faces":{"up":{"uv":[9,6,13,11.5],"rotation":180,"texture":"#0"}}},{"from":[4,0.5,4.25],"to":[12,0.5,15.25],"rotation":{"angle":45,"axis":"y","origin":[6,8,9.25]},"faces":{"up":{"uv":[0,0,4,5.5],"rotation":180,"texture":"#0"}}}],"gui_light":"front","display":{"thirdperson_righthand":{"rotation":[-30,0,0],"translation":[0,3.5,-1],"scale":[0.45,0.45,0.45]},"thirdperson_lefthand":{"rotation":[-30,-180,0],"translation":[0,3.25,-1.25],"scale":[0.45,0.45,0.45]},"firstperson_righthand":{"rotation":[75,0,30]},"firstperson_lefthand":{"rotation":[75,0,30]},"ground":{"translation":[0,1.75,0],"scale":[0.49,0.49,0.49]},"gui":{"rotation":[90,-180,0],"translation":[0,-0.25,0],"scale":[1.1,1.1,1.1]},"head":{"translation":[0,15,0]},"fixed":{"rotation":[-90,0,0],"translation":[0,0,-16.75],"scale":[2,2,2]}}}