{"credit":"Made with Blockbench","textures":{"0":"block_model:custom/wooden_cart","1":"block_model:custom/wall_tarp_red","particle":"block_model:custom/wooden_cart"},"elements":[{"from":[3.23,4.82,-2.6],"to":[12.77,8,18.07],"rotation":{"angle":0,"axis":"y","origin":[3.76,3.76,3.76]},"faces":{"north":{"uv":[10.25,6.25,14.75,7.75],"texture":"#0"},"up":{"uv":[10.25,5.5,0.5,10],"rotation":90,"texture":"#0"},"down":{"uv":[0.5,5.5,10.25,10],"rotation":90,"texture":"#0"}}},{"from":[2.17,4.82,-2.6],"to":[3.23,8.005,19.13],"rotation":{"angle":0,"axis":"y","origin":[3.76,3.76,3.76]},"faces":{"north":{"uv":[9.75,2,10.25,3.8125],"texture":"#0"},"east":{"uv":[10.25,2,0,3.8125],"texture":"#0"},"south":{"uv":[0,2,0.5,3.8125],"texture":"#0"},"west":{"uv":[0,2,10.25,3.8125],"texture":"#0"},"up":{"uv":[0,2.5,10.25,2],"rotation":90,"texture":"#0"},"down":{"uv":[0,5.5,10.25,5],"rotation":90,"texture":"#0"}}},{"from":[12.77,4.82,-2.6],"to":[13.83,8.005,19.13],"rotation":{"angle":0,"axis":"y","origin":[12.24,3.76,3.76]},"faces":{"north":{"uv":[5.5,2,5,3.8125],"texture":"#0"},"east":{"uv":[10.25,2,0,3.8125],"texture":"#0"},"south":{"uv":[0.5,2,0,3.8125],"texture":"#0"},"west":{"uv":[0,2,10.25,3.8125],"texture":"#0"},"up":{"uv":[0,2,10.25,2.5],"rotation":90,"texture":"#0"},"down":{"uv":[0,5,10.25,5.5],"rotation":90,"texture":"#0"}}},{"from":[3.235,4.82,18.07],"to":[12.765,8.005,19.13],"rotation":{"angle":0,"axis":"y","origin":[3.76,3.76,3.76]},"faces":{"north":{"uv":[0.5,2,5,3.8125],"texture":"#0"},"south":{"uv":[5,2,0.5,3.8125],"texture":"#0"},"up":{"uv":[5,2,0.5,2.5],"texture":"#0"},"down":{"uv":[10.25,10,9.75,5.5],"rotation":90,"texture":"#0"}}},{"from":[13.883,0.27,12.24],"to":[15.473,8.75,20.72],"rotation":{"angle":0,"axis":"y","origin":[12.24,3.76,3.76]},"faces":{"north":{"uv":[15,2.25,14.25,6.25],"texture":"#0"},"east":{"uv":[14.25,2.25,10.25,6.25],"texture":"#0"},"south":{"uv":[15,2.25,14.25,6.25],"texture":"#0"},"west":{"uv":[14.25,2.25,10.25,6.25],"texture":"#0"},"up":{"uv":[10.25,2.25,14.25,1.5],"rotation":90,"texture":"#0"},"down":{"uv":[10.75,5.75,11.75,6],"rotation":90,"texture":"#0"}}},{"name":"cube inverted","from":[15.473,8.75,20.72],"to":[13.883,0.27,12.24],"rotation":{"angle":0,"axis":"y","origin":[12.24,3.76,3.76]},"faces":{"north":{"uv":[15,6.25,14.25,2.25],"texture":"#0"},"east":{"uv":[14.25,6.25,10.25,2.25],"texture":"#0"},"south":{"uv":[15,6.25,14.25,2.25],"texture":"#0"},"west":{"uv":[14.25,6.25,10.25,2.25],"texture":"#0"},"up":{"uv":[10.75,6,11.75,5.75],"rotation":90,"texture":"#0"},"down":{"uv":[10.25,1.5,14.25,2.25],"rotation":90,"texture":"#0"}}},{"from":[0.527,0.27,12.24],"to":[2.117,8.75,20.72],"rotation":{"angle":0,"axis":"y","origin":[3.76,3.76,3.76]},"faces":{"north":{"uv":[14.25,2.25,15,6.25],"texture":"#0"},"east":{"uv":[10.25,2.25,14.25,6.25],"texture":"#0"},"south":{"uv":[14.25,2.25,15,6.25],"texture":"#0"},"west":{"uv":[10.25,2.25,14.25,6.25],"texture":"#0"},"up":{"uv":[10.25,1.5,14.25,2.25],"rotation":90,"texture":"#0"},"down":{"uv":[10.75,5.75,11.75,6],"rotation":90,"texture":"#0"}}},{"name":"cube inverted","from":[2.117,8.75,20.72],"to":[0.527,0.27,12.24],"rotation":{"angle":0,"axis":"y","origin":[3.76,3.76,3.76]},"faces":{"north":{"uv":[14.25,6.25,15,2.25],"texture":"#0"},"east":{"uv":[10.25,6.25,14.25,2.25],"texture":"#0"},"south":{"uv":[14.25,6.25,15,2.25],"texture":"#0"},"west":{"uv":[10.25,6.25,14.25,2.25],"texture":"#0"},"up":{"uv":[10.75,6,11.75,5.75],"rotation":90,"texture":"#0"},"down":{"uv":[10.25,2.25,14.25,1.5],"rotation":90,"texture":"#0"}}},{"from":[3,5,-10],"to":[4,6.5,-2],"faces":{"north":{"uv":[13.75,0.75,14.25,1.5],"texture":"#0"},"east":{"uv":[10.25,0.75,14.25,1.5],"texture":"#0"},"west":{"uv":[14.25,0.75,10.25,1.5],"texture":"#0"},"up":{"uv":[14.25,0.75,10.25,1.25],"rotation":90,"texture":"#0"},"down":{"uv":[10.25,1.25,14.25,1.5],"rotation":90,"texture":"#0"}}},{"from":[12,5,-10],"to":[13,6.5,-2],"rotation":{"angle":0,"axis":"y","origin":[16,0,0]},"faces":{"north":{"uv":[14.25,0.75,13.75,1.5],"texture":"#0"},"east":{"uv":[10.25,0.75,14.25,1.5],"texture":"#0"},"west":{"uv":[14.25,0.75,10.25,1.5],"texture":"#0"},"up":{"uv":[14.25,1.25,10.25,0.75],"rotation":90,"texture":"#0"},"down":{"uv":[10.25,1.5,14.25,1.25],"rotation":90,"texture":"#0"}}},{"from":[-0.45,22.1,-3.45],"to":[15.45,22.1,20.45],"rotation":{"angle":22.5,"axis":"z","origin":[3.13746,21.1,8.5]},"faces":{"up":{"uv":[4,5.25,10,9.25],"rotation":270,"texture":"#1"},"down":{"uv":[4,5.25,10,9.25],"rotation":90,"texture":"#1"}}},{"from":[0.025,17.625,-3.475],"to":[15.975,22.575,20.475],"rotation":{"angle":22.5,"axis":"z","origin":[3.13746,21.1,8.5]},"faces":{"north":{"uv":[0,5.25,4,6.5],"texture":"#1"},"up":{"uv":[0,0,6,4],"rotation":90,"texture":"#1"}}},{"from":[-0.10637,14.99214,-3.475],"to":[-0.10637,19.94214,20.475],"rotation":{"angle":-22.5,"axis":"z","origin":[3.13746,21.1,8.5]},"faces":{"east":{"uv":[6,4,0,5.25],"texture":"#1"},"west":{"uv":[0,4,6,5.25],"texture":"#1"}}},{"from":[14.41863,22.44214,-3.475],"to":[14.41863,27.39214,20.475],"rotation":{"angle":22.5,"axis":"z","origin":[14.41863,27.41714,8.5]},"faces":{"east":{"uv":[6,4,0,5.25],"texture":"#1"},"west":{"uv":[0,4,6,5.25],"texture":"#1"}}},{"name":"cube inverted","from":[15.975,22.575,20.475],"to":[0.025,17.625,-3.475],"rotation":{"angle":22.5,"axis":"z","origin":[3.13746,21.1,8.5]},"faces":{"south":{"uv":[0,6.5,4,5.25],"texture":"#1"},"down":{"uv":[6,0,0,4],"rotation":270,"texture":"#1"}}},{"from":[0.025,17.625,-3.475],"to":[15.975,22.575,20.475],"rotation":{"angle":22.5,"axis":"z","origin":[3.13746,21.1,8.5]},"faces":{"south":{"uv":[4,5.25,0,6.5],"texture":"#1","tintindex":1},"up":{"uv":[6,0,12,4],"rotation":90,"texture":"#1","tintindex":1}}},{"from":[-0.10637,14.99214,-3.475],"to":[-0.10637,19.94214,20.475],"rotation":{"angle":-22.5,"axis":"z","origin":[3.13746,21.1,8.5]},"faces":{"east":{"uv":[12,4,6,5.25],"texture":"#1","tintindex":1},"west":{"uv":[6,4,12,5.25],"texture":"#1","tintindex":1}}},{"from":[14.41863,22.44214,-3.475],"to":[14.41863,27.39214,20.475],"rotation":{"angle":22.5,"axis":"z","origin":[14.41863,27.41714,8.5]},"faces":{"east":{"uv":[12,4,6,5.25],"texture":"#1","tintindex":1},"west":{"uv":[6,4,12,5.25],"texture":"#1","tintindex":1}}},{"name":"cube inverted","from":[15.975,22.575,20.475],"to":[0.025,17.625,-3.475],"rotation":{"angle":22.5,"axis":"z","origin":[3.13746,21.1,8.5]},"faces":{"north":{"uv":[4,6.5,0,5.25],"texture":"#1","tintindex":1},"down":{"uv":[12,0,6,4],"rotation":270,"texture":"#1","tintindex":1}}},{"from":[2.15,0,-2.675],"to":[3.75,20,-1.075],"faces":{"north":{"uv":[16,10,15.2625,0],"texture":"#0"},"east":{"uv":[15.2625,0,16,10],"texture":"#0"},"south":{"uv":[15.2625,10,16,0],"texture":"#0"},"west":{"uv":[15.2625,0,16,10],"texture":"#0"},"up":{"uv":[15.2625,9.75,16,10.46875],"texture":"#0"},"down":{"uv":[15.2625,9.75,16,10.46875],"texture":"#0"}}},{"from":[12.25,0,-2.675],"to":[13.85,20,-1.075],"rotation":{"angle":0,"axis":"y","origin":[16,0,0]},"faces":{"north":{"uv":[15.2625,10,16,0],"texture":"#0"},"east":{"uv":[16,0,15.2625,10],"texture":"#0"},"south":{"uv":[16,10,15.2625,0],"texture":"#0"},"west":{"uv":[16,0,15.2625,10],"texture":"#0"},"up":{"uv":[16,9.75,15.2625,10.46875],"texture":"#0"},"down":{"uv":[16,9.75,15.2625,10.46875],"texture":"#0"}}},{"from":[2.15,4.75,17.575],"to":[3.75,22,19.175],"faces":{"north":{"uv":[15.2625,8.5,16,0],"texture":"#0"},"east":{"uv":[15.2625,0,16,8.5],"texture":"#0"},"south":{"uv":[16,8.5,15.2625,0],"texture":"#0"},"west":{"uv":[15.2625,0,16,8.5],"texture":"#0"},"up":{"uv":[15.2625,9.75,16,10.46875],"texture":"#0"},"down":{"uv":[15.2625,9.75,16,10.46875],"texture":"#0"}}},{"from":[12.25,4.75,17.575],"to":[13.85,22,19.175],"rotation":{"angle":0,"axis":"y","origin":[16,0,0]},"faces":{"north":{"uv":[16,8.5,15.2625,0],"texture":"#0"},"east":{"uv":[16,0,15.2625,8.5],"texture":"#0"},"south":{"uv":[15.2625,8.5,16,0],"texture":"#0"},"west":{"uv":[16,0,15.2625,8.5],"texture":"#0"},"up":{"uv":[16,9.75,15.2625,10.46875],"texture":"#0"},"down":{"uv":[16,9.75,15.2625,10.46875],"texture":"#0"}}},{"from":[2.15,20,-2.675],"to":[3.75,22,-1.075],"faces":{"north":{"uv":[15.2625,0,16,0.25],"texture":"#0"},"east":{"uv":[15.2625,0,16,0.25],"texture":"#0"},"south":{"uv":[15.2625,0,16,0.25],"texture":"#0"},"west":{"uv":[15.2625,0,16,0.25],"texture":"#0"},"up":{"uv":[15.2625,9.75,16,10.46875],"texture":"#0"},"down":{"uv":[15.2625,9.75,16,10.46875],"texture":"#0"}}},{"from":[12.25,20,-2.675],"to":[13.85,26.25,-1.075],"rotation":{"angle":0,"axis":"y","origin":[16,0,0]},"faces":{"north":{"uv":[16,3.25,15.2625,0],"texture":"#0"},"east":{"uv":[16,3.25,15.2625,0],"texture":"#0"},"south":{"uv":[16,3.25,15.2625,0],"texture":"#0"},"west":{"uv":[16,3.25,15.2625,0],"texture":"#0"},"up":{"uv":[16,9.75,15.2625,10.46875],"texture":"#0"},"down":{"uv":[16,9.75,15.2625,10.46875],"texture":"#0"}}},{"from":[12.25,22,17.575],"to":[13.85,26.25,19.175],"rotation":{"angle":0,"axis":"y","origin":[16,0,16]},"faces":{"north":{"uv":[15.2625,2.25,16,0],"texture":"#0"},"east":{"uv":[15.2625,2.25,16,0],"texture":"#0"},"south":{"uv":[15.2625,2.25,16,0],"texture":"#0"},"west":{"uv":[15.2625,2.25,16,0],"texture":"#0"},"up":{"uv":[16,10.46875,15.2625,9.75],"texture":"#0"},"down":{"uv":[16,10.46875,15.2625,9.75],"texture":"#0"}}}],"display":{"thirdperson_righthand":{"rotation":[54,-74,0],"translation":[0,2.5,0],"scale":[0.46,0.46,0.46]},"thirdperson_lefthand":{"rotation":[54,105,0],"translation":[0,2.5,0],"scale":[0.46,0.46,0.46]},"firstperson_righthand":{"rotation":[0,50,0],"translation":[20.25,-2.25,-12]},"firstperson_lefthand":{"rotation":[0,-155,0],"translation":[20.25,-2.25,-12]},"ground":{"translation":[0,3.75,0],"scale":[0.41,0.41,0.41]},"gui":{"rotation":[30,135,0],"translation":[-0.25,-2,0],"scale":[0.4,0.4,0.4]},"head":{"translation":[0,1,0],"scale":[1.18,1.18,1.18]},"fixed":{"rotation":[90,0,0],"translation":[0,-15,0.25],"scale":[4,4,4]}},"groups":[{"name":"group","origin":[8,8,8],"color":0,"children":[0,1,2,3,{"name":"group","origin":[0,0,0],"color":0,"children":[]},{"name":"group","origin":[0,0,0],"color":0,"children":[]},{"name":"group","origin":[0,0,0],"color":0,"children":[4,5]},{"name":"group","origin":[0,0,0],"color":0,"children":[6,7]}]},8,9,{"name":"group","origin":[8,8,8],"color":0,"children":[{"name":"group","origin":[8,8,8],"color":0,"children":[10,11,12,13,14]},{"name":"group","origin":[-8,-11,-8],"color":0,"children":[15,16,17,18]}]},19,20,21,22,23,24,25]}