{"credit":"Made with Blockbench","textures":{"1":"block_model:custom/wall_tarp"},"elements":[{"from":[-15.9,13,-7.9],"to":[15.9,13,23.9],"rotation":{"angle":0,"axis":"y","origin":[0,11,1.025]},"faces":{"up":{"uv":[5.875,5.25,10,9.25],"texture":"#1"},"down":{"uv":[5.875,5.25,10,9.25],"texture":"#1"}}},{"from":[-15.95,4.05,-6.95],"to":[15.95,13.95,24.95],"rotation":{"angle":0,"axis":"y","origin":[0,11,1.025]},"faces":{"east":{"uv":[0,5.25,4,6.5],"texture":"#1"},"up":{"uv":[2,0,6,4],"rotation":180,"texture":"#1"}}},{"from":[-15.95,4.05,-6.95],"to":[15.95,13.95,-6.95],"rotation":{"angle":45,"axis":"x","origin":[0,13.95,-6.95]},"faces":{"north":{"uv":[2,4,6,5.25],"texture":"#1"},"south":{"uv":[6,4,2,5.25],"texture":"#1"}}},{"name":"cube inverted","from":[15.95,13.95,24.95],"to":[-15.95,4.05,-6.95],"rotation":{"angle":0,"axis":"y","origin":[0,11,1.025]},"faces":{"west":{"uv":[0,6.5,4,5.25],"texture":"#1"},"down":{"uv":[6,0,2,4],"rotation":180,"texture":"#1"}}},{"from":[-15.95,4.05,-6.95],"to":[15.95,13.95,24.95],"rotation":{"angle":0,"axis":"y","origin":[8,11,17]},"faces":{"west":{"uv":[4,5.25,0,6.5],"texture":"#1","tintindex":1},"up":{"uv":[8,0,12,4],"rotation":180,"texture":"#1","tintindex":1}}},{"from":[-15.95,4.05,-6.95],"to":[15.95,13.95,-6.95],"rotation":{"angle":45,"axis":"x","origin":[0,13.95,-6.95]},"faces":{"north":{"uv":[8,4,12,5.25],"texture":"#1","tintindex":1},"south":{"uv":[12,4,8,5.25],"texture":"#1","tintindex":1}}},{"name":"cube inverted","from":[15.95,13.95,24.95],"to":[-15.95,4.05,-6.95],"rotation":{"angle":0,"axis":"y","origin":[-8,-11,1]},"faces":{"east":{"uv":[4,6.5,0,5.25],"texture":"#1","tintindex":1},"down":{"uv":[12,0,8,4],"rotation":180,"texture":"#1","tintindex":1}}}],"display":{"thirdperson_righthand":{"rotation":[43,21,0],"translation":[1,0.5,0.5],"scale":[0.1,0.1,0.1]},"thirdperson_lefthand":{"rotation":[43,21,0],"translation":[-0.5,0.5,0.5],"scale":[0.1,0.1,0.1]},"firstperson_righthand":{"rotation":[10,116,0],"translation":[34.75,-10.75,-27]},"firstperson_lefthand":{"rotation":[10,116,0],"translation":[50,-16.5,-27]},"ground":{"translation":[2,3,1.25],"scale":[0.2,0.2,0.2]},"gui":{"rotation":[37,135,-11],"translation":[-1.25,0.25,0],"scale":[0.3,0.3,0.3]},"head":{"rotation":[16,0,0],"translation":[7.25,2.75,0]},"fixed":{"rotation":[-120,0,0],"translation":[0,-7.25,27.25],"scale":[2,2,2]}},"groups":[{"name":"group","origin":[8,8,8],"color":0,"children":[0,1,2,3]},{"name":"group","origin":[8,11,8],"color":0,"children":[4,5,6]}]}