{
	"credit": "Made with Blockbench",
	"textures": {
		"2": "block_model:custom/box"
	},
	"elements": [
		{
			"from": [3, 0, 3],
			"to": [13, 10, 13],
			"faces": {
				"north": {"uv": [0, 0, 16, 16], "texture": "#2"},
				"east": {"uv": [0, 0, 16, 16], "texture": "#2"},
				"south": {"uv": [0, 0, 16, 16], "texture": "#2"},
				"west": {"uv": [0, 0, 16, 16], "texture": "#2"},
				"up": {"uv": [0, 0, 16, 16], "texture": "#2"},
				"down": {"uv": [0, 0, 16, 16], "texture": "#2"}
			}
		}
	],
	"display": {
		"thirdperson_righthand": {
			"rotation": [71.52, 8.48, 13.89],
			"translation": [0, 0.75, -1],
			"scale": [0.20508, 0.20508, 0.20508]
		},
		"thirdperson_lefthand": {
			"rotation": [71.52, 8.48, 13.89],
			"translation": [0, 0.75, -1],
			"scale": [0.20508, 0.20508, 0.20508]
		},
		"firstperson_righthand": {
			"rotation": [0, 25, 0],
			"translation": [2, -0.5, 0],
			"scale": [0.28477, 0.28477, 0.28477]
		},
		"firstperson_lefthand": {
			"rotation": [0, 25, 0],
			"translation": [2, -0.5, 0],
			"scale": [0.28477, 0.28477, 0.28477]
		},
		"ground": {
			"translation": [0, 2, 0],
			"scale": [0.5, 0.5, 0.5]
		},
		"gui": {
			"rotation": [21, -35.96, 0.53],
			"translation": [0.5, 1.9, 0],
			"scale": [0.58398, 0.58398, 0.58398]
		},
		"head": {
			"translation": [0, -30.4, 0],
			"scale": [1.6, 1.6, 1.6]
		},
		"fixed": {
			"rotation": [-90, 180, 0],
			"translation": [0, 0, -14],
			"scale": [2.01, 2.01, 2.01]
		}
	}
}