{"credit":"Made with Blockbench","textures":{"0":"block_model:custom/table_lamp","particle":"block_model:custom/table_lamp"},"elements":[{"from":[3,7,3],"to":[13,17,13],"rotation":{"angle":0,"axis":"y","origin":[8,6,8]},"faces":{"north":{"uv":[5,0,10,5],"texture":"#0","tintindex":1},"east":{"uv":[5,0,10,5],"texture":"#0","tintindex":1},"south":{"uv":[5,0,10,5],"texture":"#0","tintindex":1},"west":{"uv":[5,0,10,5],"texture":"#0","tintindex":1},"up":{"uv":[0,0,5,5],"texture":"#0","tintindex":1},"down":{"uv":[0,5,5,10],"texture":"#0","tintindex":1}}},{"from":[13,17,13],"to":[3,7,3],"rotation":{"angle":0,"axis":"y","origin":[8,6,8]},"faces":{"north":{"uv":[5,0,10,5],"rotation":180,"texture":"#0","tintindex":1},"east":{"uv":[5,0,10,5],"rotation":180,"texture":"#0","tintindex":1},"south":{"uv":[5,0,10,5],"rotation":180,"texture":"#0","tintindex":1},"west":{"uv":[5,0,10,5],"rotation":180,"texture":"#0","tintindex":1},"up":{"uv":[0,5,5,10],"texture":"#0","tintindex":1},"down":{"uv":[0,0,5,5],"texture":"#0","tintindex":1}}},{"from":[3,16,3],"to":[13,16,13],"rotation":{"angle":0,"axis":"y","origin":[8,6,8]},"faces":{"up":{"uv":[5,5,10,10],"texture":"#0"},"down":{"uv":[5,5,10,10],"texture":"#0"}}},{"from":[6,0,6],"to":[10,4,10],"rotation":{"angle":0,"axis":"y","origin":[8,6,8]},"faces":{"north":{"uv":[11,2,13,4],"texture":"#0"},"east":{"uv":[11,2,13,4],"texture":"#0"},"south":{"uv":[11,2,13,4],"texture":"#0"},"west":{"uv":[11,2,13,4],"texture":"#0"},"up":{"uv":[11,0,13,2],"texture":"#0"},"down":{"uv":[12,3,13,3.5],"texture":"#0"}}},{"from":[7,4,7],"to":[9,14,9],"rotation":{"angle":0,"axis":"y","origin":[8,6,8]},"faces":{"north":{"uv":[10,0,11,5],"texture":"#0"},"east":{"uv":[10,0,11,5],"texture":"#0"},"south":{"uv":[10,0,11,5],"texture":"#0"},"west":{"uv":[10,0,11,5],"texture":"#0"},"up":{"uv":[10,0,11,1],"texture":"#0"}}}],"display":{"thirdperson_righthand":{"rotation":[0,43,0],"translation":[0,1,0],"scale":[0.4,0.4,0.4]},"thirdperson_lefthand":{"rotation":[0,43,0],"translation":[0,1,0],"scale":[0.4,0.4,0.4]},"firstperson_righthand":{"rotation":[0,35,0],"translation":[12,-0.5,-8.25]},"firstperson_lefthand":{"rotation":[0,35,0],"translation":[12,-0.5,-8.25]},"ground":{"translation":[0,4.75,0],"scale":[0.4,0.4,0.4]},"gui":{"rotation":[30,45,0],"translation":[0,-1.25,0],"scale":[0.8,0.8,0.8]},"head":{"translation":[0,-3,0],"scale":[1.4,1.4,1.4]},"fixed":{"rotation":[-90,0,0],"translation":[0,0,-16],"scale":[2,2,2]}},"groups":[{"name":"group","origin":[8,8,8],"children":[0,1,2,3,4]}]}