{"credit":"Made with Blockbench","textures":{"0":"block_model:custom/tall_torch","1":"block_model:custom/torch_fire","particle":"block_model:custom/tall_torch"},"elements":[{"from":[5.9999,13.0009,10.9999],"to":[10.0001,17.0011,15.0001],"rotation":{"angle":-22.5,"axis":"x","origin":[8,3,8]},"faces":{"north":{"uv":[2,4,4,6],"texture":"#0"},"east":{"uv":[2,4,4,6],"texture":"#0"},"south":{"uv":[2,4,4,6],"texture":"#0"},"west":{"uv":[2,4,4,6],"texture":"#0"},"down":{"uv":[2,5.5,2.5,6],"texture":"#0"}}},{"from":[9.9999,17.0009,14.9999],"to":[5.9997,13.0007,10.9997],"rotation":{"angle":-22.5,"axis":"x","origin":[8,3,8]},"faces":{"north":{"uv":[2,4,4,6],"rotation":180,"texture":"#0"},"east":{"uv":[2,4,4,6],"rotation":180,"texture":"#0"},"south":{"uv":[2,4,4,6],"rotation":180,"texture":"#0"},"west":{"uv":[2,4,4,6],"rotation":180,"texture":"#0"},"up":{"uv":[2,5.5,2.5,6],"texture":"#0"}}},{"from":[6.99,-7.01,11.99],"to":[9.01,13.01,14.01],"rotation":{"angle":-22.5,"axis":"x","origin":[8,3,8]},"faces":{"north":{"uv":[2.5,6,3.5,16],"texture":"#0"},"east":{"uv":[2.5,6,3.5,16],"texture":"#0"},"south":{"uv":[2.5,6,3.5,16],"texture":"#0"},"west":{"uv":[2.5,6,3.5,16],"texture":"#0"},"up":{"uv":[2.5,15,3.5,16],"texture":"#0"},"down":{"uv":[2.5,15.5,3.5,16],"texture":"#0"}}},{"from":[5.5,0,11.5],"to":[10.5,3,17.5],"faces":{"north":{"uv":[0.5,2.5,3,4],"texture":"#0"},"east":{"uv":[0,2.5,3,4],"texture":"#0"},"south":{"uv":[0,0.5,1,2],"texture":"#0"},"west":{"uv":[0,2.5,3,4],"texture":"#0"},"up":{"uv":[0,0,3,2.5],"rotation":270,"texture":"#0"},"down":{"uv":[0,0,3,2.5],"rotation":90,"texture":"#0"}}},{"from":[0,15.4,8],"to":[16,31.4,8],"rotation":{"angle":45,"axis":"y","origin":[7.97312,23.39995,8.02692]},"faces":{"north":{"uv":[0,0,16,16],"texture":"#1"},"south":{"uv":[0,0,16,16],"texture":"#1"}}},{"from":[7.9462,15.4,0.00005],"to":[7.9462,31.4,16.00005],"rotation":{"angle":45,"axis":"y","origin":[7.97312,23.39995,8.02692]},"faces":{"east":{"uv":[0,0,16,16],"texture":"#1"},"west":{"uv":[0,0,16,16],"texture":"#1"}}}],"display":{"thirdperson_righthand":{"rotation":[39,0,0],"translation":[0,1.75,-0.75],"scale":[0.8,0.8,0.8]},"thirdperson_lefthand":{"rotation":[39,0,0],"translation":[0,1.75,-0.75],"scale":[0.8,0.8,0.8]},"firstperson_righthand":{"rotation":[-9,-66,0],"translation":[7.25,0,-4.25]},"firstperson_lefthand":{"rotation":[-9,-66,0],"translation":[7.25,0,-4.25]},"ground":{"translation":[0,5.5,-2.25],"scale":[0.4,0.4,0.4]},"gui":{"rotation":[26,-135,0],"translation":[0,-2.5,0],"scale":[0.6,0.6,0.6]},"head":{"translation":[0,19.25,-11.25],"scale":[1.6,1.6,1.6]},"fixed":{"translation":[0,1,-17],"scale":[2,2,2]}},"groups":[{"name":"group","origin":[8,8,8],"color":0,"children":[0,1,2,3]},4,5]}