{"credit":"Made with Blockbench","textures":{"0":"block_model:custom/umbrella","particle":"block_model:custom/umbrella"},"elements":[{"from":[31.9,13.9,31.9],"to":[-15.9,4.1,-15.9],"rotation":{"angle":0,"axis":"y","origin":[8,-14,8]},"faces":{"north":{"uv":[0,6,6,7.25],"rotation":180,"texture":"#0"},"east":{"uv":[0,6,6,7.25],"rotation":180,"texture":"#0"},"south":{"uv":[0,6,6,7.25],"rotation":180,"texture":"#0"},"west":{"uv":[0,6,6,7.25],"rotation":180,"texture":"#0"},"down":{"uv":[0,0,6,6],"texture":"#0"}}},{"from":[-15.9,4.1,-15.9],"to":[31.9,13.9,31.9],"rotation":{"angle":0,"axis":"y","origin":[8,-14,8]},"faces":{"north":{"uv":[0,6,6,7.25],"texture":"#0"},"east":{"uv":[0,6,6,7.25],"texture":"#0"},"south":{"uv":[0,6,6,7.25],"texture":"#0"},"west":{"uv":[0,6,6,7.25],"texture":"#0"},"up":{"uv":[0,0,6,6],"texture":"#0"}}},{"from":[-15.9,9,-15.9],"to":[31.9,9,31.9],"faces":{"up":{"uv":[6.25,6.125,12.25,12.125],"texture":"#0"},"down":{"uv":[6.25,6.125,12.25,12.125],"texture":"#0"}}},{"from":[-15.9,4.1,-15.9],"to":[31.9,13.9,31.9],"rotation":{"angle":0,"axis":"y","origin":[8,-14,8]},"faces":{"north":{"uv":[0,7.25,6,8.5],"texture":"#0","tintindex":1},"east":{"uv":[0,7.25,6,8.5],"texture":"#0","tintindex":1},"south":{"uv":[0,7.25,6,8.5],"texture":"#0","tintindex":1},"west":{"uv":[0,7.25,6,8.5],"texture":"#0","tintindex":1},"up":{"uv":[6.25,0,12.25,6],"texture":"#0","tintindex":1}}},{"name":"cube inverted","from":[31.9,13.9,31.9],"to":[-15.9,4.1,-15.9],"rotation":{"angle":0,"axis":"y","origin":[-8,14,-8]},"faces":{"north":{"uv":[0,8.5,6,7.25],"texture":"#0","tintindex":1},"east":{"uv":[0,8.5,6,7.25],"texture":"#0","tintindex":1},"south":{"uv":[0,8.5,6,7.25],"texture":"#0","tintindex":1},"west":{"uv":[0,8.5,6,7.25],"texture":"#0","tintindex":1},"down":{"uv":[12.25,0,6.25,6],"texture":"#0","tintindex":1}}}],"display":{"thirdperson_righthand":{"rotation":[43,21,0],"translation":[0,1.25,-1],"scale":[0.1,0.1,0.1]},"thirdperson_lefthand":{"rotation":[43,21,0],"translation":[0,1.25,-1],"scale":[0.1,0.1,0.1]},"firstperson_righthand":{"rotation":[10,40,0],"translation":[34.75,-10.75,-27]},"firstperson_lefthand":{"rotation":[10,40,0],"translation":[34.75,-10.75,-27]},"ground":{"translation":[0,3,0],"scale":[0.2,0.2,0.2]},"gui":{"rotation":[30,45,0],"scale":[0.2,0.2,0.2]},"head":{"rotation":[16,0,0],"translation":[0,2.75,0]},"fixed":{"rotation":[-90,0,0],"translation":[0,0,11.5],"scale":[2,2,2]}},"groups":[{"name":"group","origin":[8,8,8],"children":[0,1,2]},3,4]}