{"credit":"Made with Blockbench","textures":{"1":"block_model:custom/wall_tarp"},"elements":[{"from":[-15.9,13,-15.9],"to":[31.9,13,15.9],"rotation":{"angle":0,"axis":"x","origin":[8,11,8]},"faces":{"up":{"uv":[4,5.25,10,9.25],"texture":"#1"},"down":{"uv":[4,5.25,10,9.25],"texture":"#1"}}},{"from":[-15.95,4.05,-15.95],"to":[31.95,13.95,15.95],"rotation":{"angle":0,"axis":"y","origin":[8,11,8]},"faces":{"north":{"uv":[0,4,6,5.25],"texture":"#1"},"east":{"uv":[0,5.25,4,6.5],"texture":"#1"},"up":{"uv":[0,0,6,4],"rotation":180,"texture":"#1"}}},{"name":"cube inverted","from":[31.95,13.95,15.95],"to":[-15.95,4.05,-15.95],"rotation":{"angle":0,"axis":"y","origin":[-8,-11,-8]},"faces":{"south":{"uv":[0,5.25,6,4],"texture":"#1"},"west":{"uv":[0,6.5,4,5.25],"texture":"#1"},"down":{"uv":[6,0,0,4],"rotation":180,"texture":"#1"}}},{"from":[-15.95,4.05,-15.95],"to":[31.95,13.95,15.95],"rotation":{"angle":0,"axis":"y","origin":[8,11,8]},"faces":{"north":{"uv":[6,4,12,5.25],"texture":"#1","tintindex":1},"west":{"uv":[4,5.25,0,6.5],"texture":"#1","tintindex":1},"up":{"uv":[6,0,12,4],"rotation":180,"texture":"#1","tintindex":1}}},{"name":"cube inverted","from":[31.95,13.95,15.95],"to":[-15.95,4.05,-15.95],"rotation":{"angle":0,"axis":"y","origin":[-8,-11,-8]},"faces":{"east":{"uv":[4,6.5,0,5.25],"texture":"#1","tintindex":1},"south":{"uv":[6,5.25,12,4],"texture":"#1","tintindex":1},"down":{"uv":[12,0,6,4],"rotation":180,"texture":"#1","tintindex":1}}}],"display":{"thirdperson_righthand":{"rotation":[43,21,0],"translation":[0,0.5,0.5],"scale":[0.1,0.1,0.1]},"thirdperson_lefthand":{"rotation":[43,21,0],"translation":[0,0.5,0.5],"scale":[0.1,0.1,0.1]},"firstperson_righthand":{"rotation":[10,116,0],"translation":[34.75,-10.75,-27]},"firstperson_lefthand":{"rotation":[10,116,0],"translation":[34.75,-10.75,-27]},"ground":{"translation":[0,3,1.25],"scale":[0.2,0.2,0.2]},"gui":{"rotation":[30,135,0],"translation":[1.5,0.5,0],"scale":[0.25,0.25,0.25]},"head":{"rotation":[16,0,0],"translation":[0,2.75,0]},"fixed":{"rotation":[-90,0,0],"translation":[0,0,11.5],"scale":[2,2,2]}},"groups":[{"name":"group","origin":[8,8,8],"children":[0,1,2]},{"name":"group","origin":[-8,-11,-8],"children":[3,4]}]}