{"credit":"Made with Blockbench","textures":{"0":"block_model:custom/water_statue","particle":"block_model:custom/water_statue"},"elements":[{"from":[4,0,8],"to":[12,11,16],"rotation":{"angle":-22.5,"axis":"x","origin":[8,6,10]},"faces":{"north":{"uv":[8,0,12,5.5],"texture":"#0"},"east":{"uv":[8,0,4,5.5],"texture":"#0"},"south":{"uv":[0,0,4,5.5],"texture":"#0"},"west":{"uv":[4,0,8,5.5],"texture":"#0"},"up":{"uv":[6,9,10,13],"rotation":180,"texture":"#0"},"down":{"uv":[10,9,14,13],"texture":"#0"}}},{"from":[5,11,8],"to":[11,13,14],"rotation":{"angle":-22.5,"axis":"x","origin":[8,6,10]},"faces":{"north":{"uv":[12.5,3.5,15.5,4.5],"texture":"#0"},"east":{"uv":[12.5,3.5,15.5,4.5],"texture":"#0"},"south":{"uv":[12.5,3.5,15.5,4.5],"texture":"#0"},"west":{"uv":[12.5,3.5,15.5,4.5],"texture":"#0"},"up":{"uv":[12.5,0.5,15.5,3.5],"texture":"#0"}}},{"from":[7,1,15],"to":[9,8,22],"rotation":{"angle":0,"axis":"x","origin":[8,6,10]},"faces":{"north":{"uv":[4.5,5.5,8.5,6.5],"rotation":270,"texture":"#0"},"east":{"uv":[1,9,4.5,5.5],"texture":"#0"},"south":{"uv":[0.5,5.5,1.5,9],"texture":"#0"},"west":{"uv":[1,9,4.5,5.5],"rotation":180,"texture":"#0"},"up":{"uv":[1,9,4.5,10],"rotation":270,"texture":"#0"},"down":{"uv":[1,9,4.5,10],"rotation":270,"texture":"#0"}}},{"from":[12,2,9.1],"to":[19,4,16.1],"rotation":{"angle":-22.5,"axis":"z","origin":[11.51656,3.00527,12.47818]},"faces":{"north":{"uv":[1,9,4.5,10],"texture":"#0"},"east":{"uv":[0,5.5,1,9],"rotation":270,"texture":"#0"},"south":{"uv":[4.5,9,1,10],"texture":"#0"},"west":{"uv":[11.5,4.5,8,5.5],"rotation":180,"texture":"#0"},"up":{"uv":[1,5.5,4.5,9],"rotation":180,"texture":"#0"},"down":{"uv":[1,5.5,4.5,9],"rotation":180,"texture":"#0"}}},{"from":[-3,2,9.2],"to":[4,4,16.2],"rotation":{"angle":22.5,"axis":"z","origin":[4.5166,2.97905,12.50431]},"faces":{"north":{"uv":[4.5,9,1,10],"texture":"#0"},"east":{"uv":[11.5,4.5,8,5.5],"rotation":180,"texture":"#0"},"south":{"uv":[1,9,4.5,10],"texture":"#0"},"west":{"uv":[0,5.5,1,9],"rotation":270,"texture":"#0"},"up":{"uv":[1,9,4.5,5.5],"texture":"#0"},"down":{"uv":[1,5.5,4.5,9],"texture":"#0"}}},{"from":[5,-7,12],"to":[11,2,18],"faces":{"north":{"uv":[11,10,13,12],"texture":"#0"},"east":{"uv":[3,10,6,14.5],"texture":"#0"},"south":{"uv":[0,10,3,14.5],"texture":"#0"},"west":{"uv":[6,10,3,14.5],"texture":"#0"},"up":{"uv":[10.5,9.5,13.5,12.5],"rotation":180,"texture":"#0"},"down":{"uv":[10.5,9.5,13.5,12.5],"texture":"#0"}}},{"from":[4,-16,16],"to":[12,-14,23],"faces":{"north":{"uv":[10,12,14,13],"texture":"#0"},"east":{"uv":[7.5,5.5,8.5,9],"rotation":90,"texture":"#0"},"south":{"uv":[8,4,12,5],"texture":"#0"},"west":{"uv":[7.5,9,8.5,5.5],"rotation":90,"texture":"#0"},"up":{"uv":[4.5,5.5,8.5,9],"texture":"#0"},"down":{"uv":[4.5,5.5,8.5,9],"rotation":180,"texture":"#0"}}},{"from":[6,-14,14],"to":[10,-7,18],"faces":{"north":{"uv":[11,10.5,13,13],"texture":"#0"},"east":{"uv":[10.5,5.5,12.5,9],"texture":"#0"},"south":{"uv":[8.5,5.5,10.5,9],"texture":"#0"},"west":{"uv":[12.5,5.5,10.5,9],"texture":"#0"},"up":{"uv":[7,10.5,9,12.5],"texture":"#0"},"down":{"uv":[7,10.5,9,12.5],"texture":"#0"}}}],"display":{"thirdperson_righthand":{"rotation":[40,139,0],"translation":[0,2,5],"scale":[0.5,0.5,0.5]},"thirdperson_lefthand":{"rotation":[40,139,0],"translation":[0,2,5],"scale":[0.5,0.5,0.5]},"firstperson_righthand":{"rotation":[0,100,0],"translation":[6.5,0,-10]},"firstperson_lefthand":{"rotation":[0,100,0],"translation":[6.5,0,-10]},"ground":{"translation":[0,8.25,-2.25],"scale":[0.3,0.3,0.3]},"gui":{"rotation":[11,60,34],"translation":[-3.75,3.75,0],"scale":[0.5,0.5,0.5]},"head":{"translation":[0,13.75,0]},"fixed":{"rotation":[0,180,0],"translation":[0,32,16],"scale":[2,2,2]}},"groups":[{"name":"group","origin":[8,8,8],"color":0,"children":[0,1,2,3,4]},5,6,7]}