{"credit":"Made with Blockbench","textures":{"0":"block_model:custom/wheel_barrel_iron","particle":"block_model:custom/wheel_barrel_iron"},"elements":[{"from":[14,4,2],"to":[16,16,14],"rotation":{"angle":0,"axis":"y","origin":[8,6,8]},"faces":{"north":{"uv":[8,0,16,6],"texture":"#0"},"east":{"uv":[9,0,15,6],"texture":"#0"},"south":{"uv":[8,0,16,6],"texture":"#0"},"west":{"uv":[9,0,15,6],"texture":"#0"},"up":{"uv":[1,0,7,1],"rotation":90,"texture":"#0"}}},{"from":[0,4,2],"to":[2,16,14],"rotation":{"angle":0,"axis":"y","origin":[8,6,8]},"faces":{"north":{"uv":[8,0,16,6],"texture":"#0"},"east":{"uv":[9,0,15,6],"texture":"#0"},"south":{"uv":[8,0,16,6],"texture":"#0"},"west":{"uv":[9,0,15,6],"texture":"#0"},"up":{"uv":[1,0,7,1],"rotation":270,"texture":"#0"}}},{"from":[0,4,14],"to":[16,16,16],"rotation":{"angle":0,"axis":"y","origin":[8,6,8]},"faces":{"north":{"uv":[8,0,16,6],"texture":"#0"},"east":{"uv":[8,0,9,6],"texture":"#0"},"south":{"uv":[8,0,16,6],"texture":"#0"},"west":{"uv":[15,0,16,6],"texture":"#0"},"up":{"uv":[0,0,8,1],"rotation":180,"texture":"#0"}}},{"from":[0,4,0],"to":[16,16,2],"rotation":{"angle":0,"axis":"y","origin":[8,6,8]},"faces":{"north":{"uv":[8,0,16,6],"texture":"#0"},"east":{"uv":[15,0,16,6],"texture":"#0"},"south":{"uv":[8,0,16,6],"texture":"#0"},"west":{"uv":[8,0,9,6],"texture":"#0"},"up":{"uv":[0,0,8,1],"texture":"#0"}}},{"from":[0,4,0],"to":[16,4,16],"faces":{"up":{"uv":[0,1,8,9],"texture":"#0"},"down":{"uv":[0,1,8,9],"texture":"#0"}}},{"from":[6,2,19],"to":[10,8,21],"rotation":{"angle":0,"axis":"y","origin":[8,8,10]},"faces":{"north":{"uv":[14,7,16,10],"texture":"#0"},"east":{"uv":[14,7,13,10],"rotation":180,"texture":"#0"},"south":{"uv":[11,6,13,11],"rotation":180,"texture":"#0"},"west":{"uv":[13,7,14,10],"rotation":180,"texture":"#0"}}},{"from":[6,2,27],"to":[10,8,29],"rotation":{"angle":0,"axis":"x","origin":[8,8,10]},"faces":{"north":{"uv":[11,6,13,11],"rotation":180,"texture":"#0"},"east":{"uv":[13,7,14,10],"rotation":180,"texture":"#0"},"south":{"uv":[14,7,16,10],"texture":"#0"},"west":{"uv":[14,7,13,10],"rotation":180,"texture":"#0"}}},{"from":[6,8,19],"to":[10,10,29],"rotation":{"angle":0,"axis":"y","origin":[8,8,10]},"faces":{"north":{"uv":[14,6,16,7],"texture":"#0"},"east":{"uv":[13,6,14,11],"rotation":270,"texture":"#0"},"south":{"uv":[14,6,16,7],"texture":"#0"},"up":{"uv":[14,6,16,11],"texture":"#0"},"down":{"uv":[11,6,13,11],"texture":"#0"}}},{"from":[6,0,19],"to":[10,2,29],"rotation":{"angle":0,"axis":"z","origin":[8,8,10]},"faces":{"north":{"uv":[14,6,16,7],"rotation":180,"texture":"#0"},"east":{"uv":[13,6,14,11],"rotation":90,"texture":"#0"},"south":{"uv":[14,6,16,7],"rotation":180,"texture":"#0"},"west":{"uv":[13,6,14,11],"rotation":90,"texture":"#0"},"up":{"uv":[11,6,13,11],"rotation":180,"texture":"#0"},"down":{"uv":[14,6,16,11],"rotation":180,"texture":"#0"}}},{"from":[6,8,19],"to":[10,10,29],"rotation":{"angle":0,"axis":"y","origin":[8,8,10]},"faces":{"north":{"uv":[14,6,16,7],"texture":"#0"},"east":{"uv":[13,6,14,11],"rotation":270,"texture":"#0"},"south":{"uv":[14,6,16,7],"texture":"#0"},"west":{"uv":[13,6,14,11],"rotation":270,"texture":"#0"},"up":{"uv":[14,6,16,11],"texture":"#0"},"down":{"uv":[11,6,13,11],"texture":"#0"}}},{"from":[8,2,21],"to":[8,8,27],"faces":{"east":{"uv":[0,10,3,13],"texture":"#0"},"west":{"uv":[0,10,3,13],"texture":"#0"}}},{"from":[4,4,23],"to":[12,6,25],"faces":{"north":{"uv":[2,9,6,10],"texture":"#0"},"east":{"uv":[7,9,6,10],"texture":"#0"},"south":{"uv":[2,9,6,10],"texture":"#0"},"west":{"uv":[7,9,6,10],"texture":"#0"},"up":{"uv":[2,9,6,10],"texture":"#0"},"down":{"uv":[2,9,6,10],"texture":"#0"}}},{"from":[10,10,14],"to":[11,13,26],"rotation":{"angle":22.5,"axis":"x","origin":[8,8,8]},"faces":{"north":{"uv":[15.5,11,16,12.5],"texture":"#0"},"east":{"uv":[10,11,16,12.5],"texture":"#0"},"south":{"uv":[10,11,10.5,12.5],"texture":"#0"},"west":{"uv":[16,11,10,12.5],"texture":"#0"},"up":{"uv":[10,11,16,11.5],"rotation":270,"texture":"#0"},"down":{"uv":[10,12,16,12.5],"rotation":270,"texture":"#0"}}},{"from":[11,13,-12],"to":[14,15,0],"faces":{"north":{"uv":[10,14.5,11,13],"rotation":90,"texture":"#0"},"east":{"uv":[16,14.5,10,15.5],"texture":"#0"},"south":{"uv":[10,11,10.5,12.5],"texture":"#0"},"west":{"uv":[10,14.5,16,15.5],"texture":"#0"},"up":{"uv":[10,13,16,14.5],"rotation":90,"texture":"#0"},"down":{"uv":[10,13,16,14.5],"rotation":270,"texture":"#0"}}},{"from":[2,13,-12],"to":[5,15,0],"faces":{"north":{"uv":[10,14.5,11,13],"rotation":90,"texture":"#0"},"east":{"uv":[16,14.5,10,15.5],"texture":"#0"},"south":{"uv":[10,11,10.5,12.5],"texture":"#0"},"west":{"uv":[10,14.5,16,15.5],"texture":"#0"},"up":{"uv":[10,13,16,14.5],"rotation":90,"texture":"#0"},"down":{"uv":[10,13,16,14.5],"rotation":270,"texture":"#0"}}},{"from":[5,10,14],"to":[6,13,26],"rotation":{"angle":22.5,"axis":"x","origin":[8,8,8]},"faces":{"north":{"uv":[15.5,11,16,12.5],"texture":"#0"},"east":{"uv":[10,11,16,12.5],"texture":"#0"},"south":{"uv":[10,11,10.5,12.5],"texture":"#0"},"west":{"uv":[16,11,10,12.5],"texture":"#0"},"up":{"uv":[10,11,16,11.5],"rotation":270,"texture":"#0"},"down":{"uv":[10,12,16,12.5],"rotation":270,"texture":"#0"}}},{"from":[1,12,-0.1],"to":[6,15,-0.1],"faces":{"north":{"uv":[7,9,9.5,10.5],"texture":"#0"}}},{"from":[10,12,-0.1],"to":[15,15,-0.1],"faces":{"north":{"uv":[7,9,9.5,10.5],"texture":"#0"}}},{"from":[4,6,16.1],"to":[7,11,16.1],"faces":{"south":{"uv":[7,10.5,8.5,13],"texture":"#0"}}},{"from":[9,6,16.1],"to":[12,11,16.1],"faces":{"south":{"uv":[7,10.5,8.5,13],"texture":"#0"}}},{"from":[3,0,1],"to":[5,4,4],"faces":{"north":{"uv":[14,13,16,14],"rotation":270,"texture":"#0"},"east":{"uv":[14,13,16,14.5],"rotation":270,"texture":"#0"},"south":{"uv":[14,13,16,14],"rotation":270,"texture":"#0"},"west":{"uv":[14,13,16,14.5],"rotation":270,"texture":"#0"},"down":{"uv":[13,13,14.5,14],"texture":"#0"}}},{"from":[11,0,1],"to":[13,4,4],"faces":{"north":{"uv":[14,13,16,14],"rotation":270,"texture":"#0"},"east":{"uv":[14,13,16,14.5],"rotation":270,"texture":"#0"},"south":{"uv":[14,13,16,14],"rotation":270,"texture":"#0"},"west":{"uv":[14,13,16,14.5],"rotation":270,"texture":"#0"},"down":{"uv":[13,13,14.5,14],"texture":"#0"}}}],"display":{"thirdperson_righthand":{"rotation":[32,-138,0],"translation":[0,3.25,0.75],"scale":[0.3,0.3,0.3]},"thirdperson_lefthand":{"rotation":[32,-138,0],"translation":[0,3.25,0.75],"scale":[0.3,0.3,0.3]},"firstperson_righthand":{"rotation":[0,-144,0],"translation":[16.5,-9,-20]},"firstperson_lefthand":{"rotation":[0,-144,0],"translation":[16.5,-9,-20]},"ground":{"translation":[0,3,0],"scale":[0.3,0.3,0.3]},"gui":{"rotation":[30,-43,0],"translation":[-0.5,-0.25,0],"scale":[0.45,0.45,0.45]},"head":{"rotation":[0,180,0]},"fixed":{"rotation":[-90,180,0],"translation":[0,0,-16],"scale":[2,2,2]}},"groups":[{"name":"group","origin":[8,8,8],"children":[0,1,2,3,4]},{"name":"group","origin":[8,8,8],"children":[5,6,7,8,9]},10,11,12,13,14,15,16,17,18,19,20,21]}