{"variants":{"attached=false,east=false,north=false,south=false,disarmed=false,west=false,powered=false":{"model":"minecraft:block/tripwire_attached_n"},"attached=false,east=false,north=false,south=true,disarmed=true,west=false,powered=false":{"model":"minecraft:block/tripwire_attached_n"},"attached=false,east=false,north=false,south=true,disarmed=true,west=false,powered=true":{"model":"minecraft:block/tripwire_attached_n"},"attached=false,east=false,north=false,south=true,disarmed=true,west=true,powered=true":{"model":"minecraft:block/tripwire_attached_n"},"attached=false,east=false,north=true,south=false,disarmed=false,west=false,powered=false":{"model":"minecraft:block/tripwire_attached_n"},"attached=false,east=false,north=true,south=false,disarmed=false,west=false,powered=true":{"model":"minecraft:block/tripwire_attached_n"},"attached=false,east=false,north=true,south=false,disarmed=false,west=true,powered=false":{"model":"minecraft:block/tripwire_attached_n"},"attached=false,east=false,north=true,south=false,disarmed=false,west=true,powered=true":{"model":"minecraft:block/tripwire_attached_n"},"attached=false,east=false,north=true,south=false,disarmed=true,west=false,powered=false":{"model":"minecraft:block/tripwire_attached_n"},"attached=false,east=false,north=true,south=false,disarmed=true,west=false,powered=true":{"model":"minecraft:block/tripwire_attached_n"},"attached=false,east=false,north=true,south=false,disarmed=true,west=true,powered=false":{"model":"minecraft:block/tripwire_attached_n"},"attached=false,east=false,north=true,south=false,disarmed=true,west=true,powered=true":{"model":"minecraft:block/tripwire_attached_n"},"attached=false,east=false,north=true,south=true,disarmed=false,west=false,powered=false":{"model":"minecraft:block/tripwire_attached_n"},"attached=false,east=false,north=true,south=true,disarmed=false,west=false,powered=true":{"model":"minecraft:block/tripwire_attached_n"},"attached=false,east=false,north=true,south=true,disarmed=false,west=true,powered=false":{"model":"minecraft:block/tripwire_attached_n"},"attached=false,east=false,north=true,south=true,disarmed=false,west=true,powered=true":{"model":"minecraft:block/tripwire_attached_n"},"attached=false,east=false,north=true,south=true,disarmed=true,west=false,powered=false":{"model":"minecraft:block/tripwire_attached_n"},"attached=false,east=false,north=true,south=true,disarmed=true,west=false,powered=true":{"model":"minecraft:block/tripwire_attached_n"},"attached=false,east=false,north=true,south=true,disarmed=true,west=true,powered=false":{"model":"minecraft:block/tripwire_attached_n"},"attached=false,east=false,north=true,south=true,disarmed=true,west=true,powered=true":{"model":"minecraft:block/tripwire_attached_n"},"attached=false,east=true,north=false,south=false,disarmed=false,west=false,powered=false":{"model":"minecraft:block/tripwire_attached_n"},"attached=false,east=true,north=false,south=false,disarmed=false,west=false,powered=true":{"model":"minecraft:block/tripwire_attached_n"},"attached=false,east=true,north=false,south=false,disarmed=false,west=true,powered=false":{"model":"minecraft:block/tripwire_attached_n"},"attached=false,east=true,north=false,south=false,disarmed=false,west=true,powered=true":{"model":"minecraft:block/tripwire_attached_n"},"attached=false,east=true,north=false,south=false,disarmed=true,west=false,powered=false":{"model":"minecraft:block/tripwire_attached_n"},"attached=false,east=true,north=false,south=false,disarmed=true,west=false,powered=true":{"model":"minecraft:block/tripwire_attached_n"},"attached=false,east=true,north=false,south=false,disarmed=true,west=true,powered=false":{"model":"minecraft:block/tripwire_attached_n"},"attached=false,east=true,north=false,south=false,disarmed=true,west=true,powered=true":{"model":"minecraft:block/tripwire_attached_n"},"attached=false,east=true,north=false,south=true,disarmed=false,west=false,powered=false":{"model":"minecraft:block/tripwire_attached_n"},"attached=false,east=true,north=false,south=true,disarmed=false,west=false,powered=true":{"model":"minecraft:block/tripwire_attached_n"},"attached=false,east=true,north=false,south=true,disarmed=false,west=true,powered=false":{"model":"minecraft:block/tripwire_attached_n"},"attached=false,east=true,north=false,south=true,disarmed=false,west=true,powered=true":{"model":"minecraft:block/tripwire_attached_n"},"attached=false,east=true,north=false,south=true,disarmed=true,west=false,powered=false":{"model":"minecraft:block/tripwire_attached_n"},"attached=false,east=true,north=false,south=true,disarmed=true,west=false,powered=true":{"model":"minecraft:block/tripwire_attached_n"},"attached=false,east=true,north=false,south=true,disarmed=true,west=true,powered=false":{"model":"minecraft:block/tripwire_attached_n"},"attached=false,east=true,north=false,south=true,disarmed=true,west=true,powered=true":{"model":"minecraft:block/tripwire_attached_n"},"attached=false,east=true,north=true,south=false,disarmed=false,west=false,powered=false":{"model":"minecraft:block/tripwire_attached_n"},"attached=false,east=true,north=true,south=false,disarmed=false,west=false,powered=true":{"model":"minecraft:block/tripwire_attached_n"},"attached=false,east=true,north=true,south=false,disarmed=false,west=true,powered=false":{"model":"minecraft:block/tripwire_attached_n"},"attached=false,east=true,north=true,south=false,disarmed=false,west=true,powered=true":{"model":"minecraft:block/tripwire_attached_n"},"attached=false,east=true,north=true,south=false,disarmed=true,west=false,powered=false":{"model":"minecraft:block/tripwire_attached_n"},"attached=false,east=true,north=true,south=false,disarmed=true,west=false,powered=true":{"model":"minecraft:block/tripwire_attached_n"},"attached=false,east=true,north=true,south=false,disarmed=true,west=true,powered=false":{"model":"minecraft:block/tripwire_attached_n"},"attached=false,east=true,north=true,south=false,disarmed=true,west=true,powered=true":{"model":"minecraft:block/tripwire_attached_n"},"attached=false,east=true,north=true,south=true,disarmed=false,west=false,powered=false":{"model":"minecraft:block/tripwire_attached_n"},"attached=false,east=true,north=true,south=true,disarmed=false,west=false,powered=true":{"model":"minecraft:block/tripwire_attached_n"},"attached=false,east=true,north=true,south=true,disarmed=false,west=true,powered=false":{"model":"minecraft:block/tripwire_attached_n"},"attached=false,east=true,north=true,south=true,disarmed=false,west=true,powered=true":{"model":"minecraft:block/tripwire_attached_n"},"attached=false,east=true,north=true,south=true,disarmed=true,west=false,powered=false":{"model":"minecraft:block/tripwire_attached_n"},"attached=false,east=true,north=true,south=true,disarmed=true,west=false,powered=true":{"model":"minecraft:block/tripwire_attached_n"},"attached=false,east=true,north=true,south=true,disarmed=true,west=true,powered=false":{"model":"minecraft:block/tripwire_attached_n"},"attached=false,east=true,north=true,south=true,disarmed=true,west=true,powered=true":{"model":"minecraft:block/tripwire_attached_n"},"attached=true,east=false,north=false,south=false,disarmed=false,west=false,powered=false":{"model":"minecraft:block/tripwire_attached_n"},"attached=true,east=false,north=false,south=false,disarmed=false,west=false,powered=true":{"model":"minecraft:block/tripwire_attached_n"},"attached=true,east=false,north=false,south=false,disarmed=false,west=true,powered=false":{"model":"minecraft:block/tripwire_attached_n"},"attached=true,east=false,north=false,south=false,disarmed=false,west=true,powered=true":{"model":"minecraft:block/tripwire_attached_n"},"attached=true,east=false,north=false,south=false,disarmed=true,west=false,powered=false":{"model":"minecraft:block/tripwire_attached_n"},"attached=true,east=false,north=false,south=false,disarmed=true,west=false,powered=true":{"model":"minecraft:block/tripwire_attached_n"},"attached=true,east=false,north=false,south=false,disarmed=true,west=true,powered=false":{"model":"minecraft:block/tripwire_attached_n"},"attached=true,east=false,north=false,south=false,disarmed=true,west=true,powered=true":{"model":"minecraft:block/tripwire_attached_n"},"attached=true,east=false,north=false,south=true,disarmed=false,west=false,powered=false":{"model":"minecraft:block/tripwire_attached_n"},"attached=true,east=false,north=false,south=true,disarmed=false,west=false,powered=true":{"model":"minecraft:block/tripwire_attached_n"},"attached=true,east=false,north=false,south=true,disarmed=false,west=true,powered=false":{"model":"minecraft:block/tripwire_attached_n"},"attached=true,east=false,north=false,south=true,disarmed=false,west=true,powered=true":{"model":"minecraft:block/tripwire_attached_n"},"attached=true,east=false,north=false,south=true,disarmed=true,west=false,powered=false":{"model":"minecraft:block/tripwire_attached_n"},"attached=true,east=false,north=false,south=true,disarmed=true,west=false,powered=true":{"model":"minecraft:block/tripwire_attached_n"},"attached=true,east=false,north=false,south=true,disarmed=true,west=true,powered=false":{"model":"minecraft:block/tripwire_attached_n"},"attached=true,east=false,north=false,south=true,disarmed=true,west=true,powered=true":{"model":"minecraft:block/tripwire_attached_n"},"attached=true,east=false,north=true,south=false,disarmed=false,west=false,powered=false":{"model":"minecraft:block/tripwire_attached_n"},"attached=true,east=false,north=true,south=false,disarmed=false,west=false,powered=true":{"model":"minecraft:block/tripwire_attached_n"},"attached=true,east=false,north=true,south=false,disarmed=false,west=true,powered=false":{"model":"minecraft:block/tripwire_attached_n"},"attached=true,east=false,north=true,south=false,disarmed=false,west=true,powered=true":{"model":"minecraft:block/tripwire_attached_n"},"attached=true,east=false,north=true,south=false,disarmed=true,west=false,powered=false":{"model":"minecraft:block/tripwire_attached_n"},"attached=true,east=false,north=true,south=false,disarmed=true,west=false,powered=true":{"model":"minecraft:block/tripwire_attached_n"},"attached=true,east=false,north=true,south=false,disarmed=true,west=true,powered=false":{"model":"minecraft:block/tripwire_attached_n"},"attached=true,east=false,north=true,south=false,disarmed=true,west=true,powered=true":{"model":"minecraft:block/tripwire_attached_n"},"attached=true,east=false,north=true,south=true,disarmed=false,west=false,powered=false":{"model":"minecraft:block/tripwire_attached_n"},"attached=true,east=false,north=true,south=true,disarmed=false,west=false,powered=true":{"model":"minecraft:block/tripwire_attached_n"},"attached=true,east=false,north=true,south=true,disarmed=false,west=true,powered=false":{"model":"minecraft:block/tripwire_attached_n"},"attached=true,east=false,north=true,south=true,disarmed=false,west=true,powered=true":{"model":"minecraft:block/tripwire_attached_n"},"attached=true,east=false,north=true,south=true,disarmed=true,west=false,powered=false":{"model":"minecraft:block/tripwire_attached_n"},"attached=true,east=false,north=true,south=true,disarmed=true,west=false,powered=true":{"model":"minecraft:block/tripwire_attached_n"},"attached=true,east=false,north=true,south=true,disarmed=true,west=true,powered=false":{"model":"minecraft:block/tripwire_attached_n"},"attached=true,east=false,north=true,south=true,disarmed=true,west=true,powered=true":{"model":"minecraft:block/tripwire_attached_n"},"attached=true,east=true,north=false,south=false,disarmed=false,west=false,powered=false":{"model":"minecraft:block/tripwire_attached_n"},"attached=true,east=true,north=false,south=false,disarmed=false,west=false,powered=true":{"model":"minecraft:block/tripwire_attached_n"},"attached=true,east=true,north=false,south=false,disarmed=false,west=true,powered=false":{"model":"minecraft:block/tripwire_attached_n"},"attached=true,east=true,north=false,south=false,disarmed=false,west=true,powered=true":{"model":"minecraft:block/tripwire_attached_n"},"attached=true,east=true,north=false,south=false,disarmed=true,west=false,powered=false":{"model":"minecraft:block/tripwire_attached_n"},"attached=true,east=true,north=false,south=false,disarmed=true,west=false,powered=true":{"model":"minecraft:block/tripwire_attached_n"},"attached=true,east=true,north=false,south=false,disarmed=true,west=true,powered=false":{"model":"minecraft:block/tripwire_attached_n"},"attached=true,east=true,north=false,south=false,disarmed=true,west=true,powered=true":{"model":"minecraft:block/tripwire_attached_n"},"attached=true,east=true,north=false,south=true,disarmed=false,west=false,powered=false":{"model":"minecraft:block/tripwire_attached_n"},"attached=true,east=true,north=false,south=true,disarmed=false,west=false,powered=true":{"model":"minecraft:block/tripwire_attached_n"},"attached=true,east=true,north=false,south=true,disarmed=false,west=true,powered=false":{"model":"minecraft:block/tripwire_attached_n"},"attached=true,east=true,north=false,south=true,disarmed=false,west=true,powered=true":{"model":"minecraft:block/tripwire_attached_n"},"attached=true,east=true,north=false,south=true,disarmed=true,west=false,powered=false":{"model":"minecraft:block/tripwire_attached_n"},"attached=true,east=true,north=false,south=true,disarmed=true,west=false,powered=true":{"model":"minecraft:block/tripwire_attached_n"},"attached=true,east=true,north=false,south=true,disarmed=true,west=true,powered=false":{"model":"minecraft:block/tripwire_attached_n"},"attached=true,east=true,north=false,south=true,disarmed=true,west=true,powered=true":{"model":"minecraft:block/tripwire_attached_n"},"attached=true,east=true,north=true,south=false,disarmed=false,west=false,powered=false":{"model":"minecraft:block/tripwire_attached_n"},"attached=true,east=true,north=true,south=false,disarmed=false,west=false,powered=true":{"model":"minecraft:block/tripwire_attached_n"},"attached=true,east=true,north=true,south=false,disarmed=false,west=true,powered=false":{"model":"minecraft:block/tripwire_attached_n"},"attached=true,east=true,north=true,south=false,disarmed=false,west=true,powered=true":{"model":"minecraft:block/tripwire_attached_n"},"attached=true,east=true,north=true,south=false,disarmed=true,west=false,powered=false":{"model":"minecraft:block/tripwire_attached_n"},"attached=true,east=true,north=true,south=false,disarmed=true,west=false,powered=true":{"model":"minecraft:block/tripwire_attached_n"},"attached=true,east=true,north=true,south=false,disarmed=true,west=true,powered=false":{"model":"minecraft:block/tripwire_attached_n"},"attached=true,east=true,north=true,south=false,disarmed=true,west=true,powered=true":{"model":"minecraft:block/tripwire_attached_n"},"attached=true,east=true,north=true,south=true,disarmed=false,west=false,powered=false":{"model":"minecraft:block/tripwire_attached_n"},"attached=true,east=true,north=true,south=true,disarmed=false,west=false,powered=true":{"model":"minecraft:block/tripwire_attached_n"},"attached=true,east=true,north=true,south=true,disarmed=false,west=true,powered=false":{"model":"minecraft:block/tripwire_attached_n"},"attached=true,east=true,north=true,south=true,disarmed=false,west=true,powered=true":{"model":"minecraft:block/tripwire_attached_n"},"attached=true,east=true,north=true,south=true,disarmed=true,west=false,powered=false":{"model":"minecraft:block/tripwire_attached_n"},"attached=true,east=true,north=true,south=true,disarmed=true,west=false,powered=true":{"model":"minecraft:block/tripwire_attached_n"},"attached=true,east=true,north=true,south=true,disarmed=true,west=true,powered=false":{"model":"minecraft:block/tripwire_attached_n"},"attached=true,east=true,north=true,south=true,disarmed=true,west=true,powered=true":{"model":"minecraft:block/tripwire_attached_n"},"attached=false,east=false,north=false,south=false,disarmed=false,west=false,powered=true":{"model":"minecraft:block/tripwire_attached_n"},"attached=false,east=false,north=false,south=false,disarmed=false,west=true,powered=false":{"model":"minecraft:block/tripwire_attached_n"},"attached=false,east=false,north=false,south=false,disarmed=false,west=true,powered=true":{"model":"minecraft:block/tripwire_attached_n"},"attached=false,east=false,north=false,south=false,disarmed=true,west=false,powered=false":{"model":"minecraft:block/tripwire_attached_n"},"attached=false,east=false,north=false,south=false,disarmed=true,west=false,powered=true":{"model":"minecraft:block/tripwire_attached_n"},"attached=false,east=false,north=false,south=false,disarmed=true,west=true,powered=false":{"model":"minecraft:block/tripwire_attached_n"},"attached=false,east=false,north=false,south=false,disarmed=true,west=true,powered=true":{"model":"minecraft:block/tripwire_attached_n"},"attached=false,east=false,north=false,south=true,disarmed=false,west=false,powered=false":{"model":"minecraft:block/tripwire_attached_n"},"attached=false,east=false,north=false,south=true,disarmed=false,west=false,powered=true":{"model":"minecraft:block/tripwire_attached_n"},"attached=false,east=false,north=false,south=true,disarmed=false,west=true,powered=false":{"model":"minecraft:block/tripwire_attached_n"},"attached=false,east=false,north=false,south=true,disarmed=false,west=true,powered=true":{"model":"minecraft:block/tripwire_attached_n"},"attached=false,east=false,north=false,south=true,disarmed=true,west=true,powered=false":{"model":"minecraft:block/tripwire_attached_n"}}}