{
	"credit": "Made with Blockbench",
	"textures": {
		"1": "block_model:custom/apple",
		"2": "block_model:custom/box",
		"particle": "block_model:custom/apple"
	},
	"elements": [
		{
			"from": [1, 6, -2],
			"to": [15, 9, 12],
			"rotation": {"angle": 22.5, "axis": "x", "origin": [0, 0, 0]},
			"faces": {
				"north": {"uv": [0, 0, 14, 3], "texture": "#2"},
				"east": {"uv": [0, 0, 14, 3], "texture": "#2"},
				"south": {"uv": [0, 0, 14, 3], "texture": "#2"},
				"west": {"uv": [0, 0, 14, 3], "texture": "#2"},
				"up": {"uv": [0, 0, 14, 14], "texture": "#2"},
				"down": {"uv": [0, 0, 14, 14], "texture": "#2"}
			}
		},
		{
			"from": [0, 9.5, -3],
			"to": [7, 9.6, 4],
			"rotation": {"angle": 22.5, "axis": "x", "origin": [0, 0, 0]},
			"faces": {
				"north": {"uv": [0, 0, 10, 3], "texture": "#1"},
				"east": {"uv": [0, 0, 11, 3], "texture": "#1"},
				"south": {"uv": [0, 0, 10, 3], "texture": "#1"},
				"west": {"uv": [0, 0, 11, 3], "texture": "#1"},
				"up": {"uv": [0, 0, 16, 16], "texture": "#1"},
				"down": {"uv": [0, 0, 16, 16], "texture": "#1"}
			}
		},
		{
			"from": [3.7, 10.2, -3],
			"to": [10.7, 10.3, 4],
			"rotation": {"angle": 22.5, "axis": "x", "origin": [0, 0, 0]},
			"faces": {
				"north": {"uv": [0, 0, 10, 3], "texture": "#1"},
				"east": {"uv": [0, 0, 11, 3], "texture": "#1"},
				"south": {"uv": [0, 0, 10, 3], "texture": "#1"},
				"west": {"uv": [0, 0, 11, 3], "texture": "#1"},
				"up": {"uv": [0, 0, 16, 16], "texture": "#1"},
				"down": {"uv": [0, 0, 16, 16], "texture": "#1"}
			}
		},
		{
			"from": [8.3, 10, -3],
			"to": [15.3, 10.1, 4],
			"rotation": {"angle": 22.5, "axis": "x", "origin": [0, 0, 0]},
			"faces": {
				"north": {"uv": [0, 0, 10, 3], "texture": "#1"},
				"east": {"uv": [0, 0, 11, 3], "texture": "#1"},
				"south": {"uv": [0, 0, 10, 3], "texture": "#1"},
				"west": {"uv": [0, 0, 11, 3], "texture": "#1"},
				"up": {"uv": [0, 0, 16, 16], "texture": "#1"},
				"down": {"uv": [0, 0, 16, 16], "texture": "#1"}
			}
		},
		{
			"from": [4.8, 9.6, -0.5],
			"to": [11.8, 9.7, 6.5],
			"rotation": {"angle": 22.5, "axis": "x", "origin": [0, 0, 0]},
			"faces": {
				"north": {"uv": [0, 0, 10, 3], "texture": "#1"},
				"east": {"uv": [0, 0, 11, 3], "texture": "#1"},
				"south": {"uv": [0, 0, 10, 3], "texture": "#1"},
				"west": {"uv": [0, 0, 11, 3], "texture": "#1"},
				"up": {"uv": [0, 0, 16, 16], "texture": "#1"},
				"down": {"uv": [0, 0, 16, 16], "texture": "#1"}
			}
		},
		{
			"from": [1.4, 9.2, -0.5],
			"to": [8.4, 9.3, 6.5],
			"rotation": {"angle": 22.5, "axis": "x", "origin": [0, 0, 0]},
			"faces": {
				"north": {"uv": [0, 0, 10, 3], "texture": "#1"},
				"east": {"uv": [0, 0, 11, 3], "texture": "#1"},
				"south": {"uv": [0, 0, 10, 3], "texture": "#1"},
				"west": {"uv": [0, 0, 11, 3], "texture": "#1"},
				"up": {"uv": [0, 0, 16, 16], "texture": "#1"},
				"down": {"uv": [0, 0, 16, 16], "texture": "#1"}
			}
		},
		{
			"from": [1.4, 9.9, 3.1],
			"to": [8.4, 10, 10.1],
			"rotation": {"angle": 22.5, "axis": "x", "origin": [0, 0, 0]},
			"faces": {
				"north": {"uv": [0, 0, 10, 3], "texture": "#1"},
				"east": {"uv": [0, 0, 11, 3], "texture": "#1"},
				"south": {"uv": [0, 0, 10, 3], "texture": "#1"},
				"west": {"uv": [0, 0, 11, 3], "texture": "#1"},
				"up": {"uv": [0, 0, 16, 16], "texture": "#1"},
				"down": {"uv": [0, 0, 16, 16], "texture": "#1"}
			}
		},
		{
			"from": [6.3, 9.4, 3.1],
			"to": [13.3, 9.5, 10.1],
			"rotation": {"angle": 22.5, "axis": "x", "origin": [0, 0, 0]},
			"faces": {
				"north": {"uv": [0, 0, 10, 3], "texture": "#1"},
				"east": {"uv": [0, 0, 11, 3], "texture": "#1"},
				"south": {"uv": [0, 0, 10, 3], "texture": "#1"},
				"west": {"uv": [0, 0, 11, 3], "texture": "#1"},
				"up": {"uv": [0, 0, 16, 16], "texture": "#1"},
				"down": {"uv": [0, 0, 16, 16], "texture": "#1"}
			}
		},
		{
			"from": [9.4, 9.5, 0.7],
			"to": [16.4, 9.6, 7.7],
			"rotation": {"angle": 22.5, "axis": "x", "origin": [0, 0, 0]},
			"faces": {
				"north": {"uv": [0, 0, 10, 3], "texture": "#1"},
				"east": {"uv": [0, 0, 11, 3], "texture": "#1"},
				"south": {"uv": [0, 0, 10, 3], "texture": "#1"},
				"west": {"uv": [0, 0, 11, 3], "texture": "#1"},
				"up": {"uv": [0, 0, 16, 16], "texture": "#1"},
				"down": {"uv": [0, 0, 16, 16], "texture": "#1"}
			}
		},
		{
			"from": [9.4, 9.6, 4.9],
			"to": [16.4, 9.7, 11.9],
			"rotation": {"angle": 22.5, "axis": "x", "origin": [0, 0, 0]},
			"faces": {
				"north": {"uv": [0, 0, 10, 3], "texture": "#1"},
				"east": {"uv": [0, 0, 11, 3], "texture": "#1"},
				"south": {"uv": [0, 0, 10, 3], "texture": "#1"},
				"west": {"uv": [0, 0, 11, 3], "texture": "#1"},
				"up": {"uv": [0, 0, 16, 16], "texture": "#1"},
				"down": {"uv": [0, 0, 16, 16], "texture": "#1"}
			}
		},
		{
			"from": [4.6, 10, 5.8],
			"to": [11.6, 10.1, 12.8],
			"rotation": {"angle": 22.5, "axis": "x", "origin": [0, 0, 0]},
			"faces": {
				"north": {"uv": [0, 0, 10, 3], "texture": "#1"},
				"east": {"uv": [0, 0, 11, 3], "texture": "#1"},
				"south": {"uv": [0, 0, 10, 3], "texture": "#1"},
				"west": {"uv": [0, 0, 11, 3], "texture": "#1"},
				"up": {"uv": [0, 0, 16, 16], "texture": "#1"},
				"down": {"uv": [0, 0, 16, 16], "texture": "#1"}
			}
		},
		{
			"from": [0.6, 9.7, 5.8],
			"to": [7.6, 9.8, 12.8],
			"rotation": {"angle": 22.5, "axis": "x", "origin": [0, 0, 0]},
			"faces": {
				"north": {"uv": [0, 0, 10, 3], "texture": "#1"},
				"east": {"uv": [0, 0, 11, 3], "texture": "#1"},
				"south": {"uv": [0, 0, 10, 3], "texture": "#1"},
				"west": {"uv": [0, 0, 11, 3], "texture": "#1"},
				"up": {"uv": [0, 0, 16, 16], "texture": "#1"},
				"down": {"uv": [0, 0, 16, 16], "texture": "#1"}
			}
		},
		{
			"from": [0, 6, -3],
			"to": [1, 11, 12],
			"rotation": {"angle": 22.5, "axis": "x", "origin": [0, 0, 0]},
			"faces": {
				"north": {"uv": [0, 0, 1, 5], "texture": "#2"},
				"east": {"uv": [0, 0, 15, 5], "texture": "#2"},
				"south": {"uv": [0, 0, 1, 5], "texture": "#2"},
				"west": {"uv": [0, 0, 16, 5], "texture": "#2"},
				"up": {"uv": [0, 0, 1, 15], "texture": "#2"},
				"down": {"uv": [0, 0, 1, 15], "texture": "#2"}
			}
		},
		{
			"from": [15, 6, -3],
			"to": [16, 11, 12],
			"rotation": {"angle": 22.5, "axis": "x", "origin": [0, 0, 0]},
			"faces": {
				"north": {"uv": [0, 0, 1, 5], "texture": "#2"},
				"east": {"uv": [0, 0, 16, 5], "texture": "#2"},
				"south": {"uv": [0, 0, 1, 5], "texture": "#2"},
				"west": {"uv": [0, 0, 15, 5], "texture": "#2"},
				"up": {"uv": [0, 0, 1, 15], "texture": "#2"},
				"down": {"uv": [0, 0, 1, 15], "texture": "#2"}
			}
		},
		{
			"from": [1, 6, -3],
			"to": [15, 11, -2],
			"rotation": {"angle": 22.5, "axis": "x", "origin": [0, 0, 0]},
			"faces": {
				"north": {"uv": [0, 0, 16, 5], "texture": "#2"},
				"east": {"uv": [0, 0, 1, 5], "texture": "#2"},
				"south": {"uv": [0, 0, 14, 5], "texture": "#2"},
				"west": {"uv": [0, 0, 1, 5], "texture": "#2"},
				"up": {"uv": [0, 0, 14, 1], "texture": "#2"},
				"down": {"uv": [0, 0, 14, 1], "texture": "#2"}
			}
		},
		{
			"from": [1, 0, 2],
			"to": [15, 6, 3],
			"faces": {
				"north": {"uv": [0, 0, 16, 6], "texture": "#2"},
				"east": {"uv": [0, 0, 1, 6], "texture": "#2"},
				"south": {"uv": [0, 0, 14, 6], "texture": "#2"},
				"west": {"uv": [0, 0, 1, 6], "texture": "#2"},
				"up": {"uv": [0, 0, 14, 1], "texture": "#2"},
				"down": {"uv": [0, 0, 14, 1], "texture": "#2"}
			}
		},
		{
			"from": [0, 6, 12],
			"to": [16, 11, 13],
			"rotation": {"angle": 22.5, "axis": "x", "origin": [0, 0, 0]},
			"faces": {
				"north": {"uv": [0, 0, 16, 5], "texture": "#2"},
				"east": {"uv": [0, 0, 2.5, 5], "texture": "#2"},
				"south": {"uv": [0, 0, 16, 5], "texture": "#2"},
				"west": {"uv": [0, 0, 1, 5], "texture": "#2"},
				"up": {"uv": [0, 0, 16, 1], "texture": "#2"},
				"down": {"uv": [0, 0, 16, 1], "texture": "#2"}
			}
		}
	],
	"display": {
		"thirdperson_righthand": {
			"rotation": [71.52, 8.48, 13.89],
			"translation": [0, 0.75, -1],
			"scale": [0.20508, 0.20508, 0.20508]
		},
		"thirdperson_lefthand": {
			"rotation": [71.52, 8.48, 13.89],
			"translation": [0, 0.75, -1],
			"scale": [0.20508, 0.20508, 0.20508]
		},
		"firstperson_righthand": {
			"rotation": [0, 25, 0],
			"translation": [2, -0.5, 0],
			"scale": [0.28477, 0.28477, 0.28477]
		},
		"firstperson_lefthand": {
			"rotation": [0, 25, 0],
			"translation": [2, -0.5, 0],
			"scale": [0.28477, 0.28477, 0.28477]
		},
		"ground": {
			"translation": [0, 2, 0],
			"scale": [0.5, 0.5, 0.5]
		},
		"gui": {
			"rotation": [13.85, -35.3, 4.13],
			"translation": [0.5, -2.35, 0],
			"scale": [0.58398, 0.58398, 0.58398]
		},
		"head": {
			"translation": [0, -30.4, 0],
			"scale": [1.6, 1.6, 1.6]
		},
		"fixed": {
			"rotation": [-90, 180, 0],
			"translation": [0, 0, -14],
			"scale": [2.01, 2.01, 2.01]
		}
	}
}