{
	"credit": "Made with Blockbench",
	"textures": {
		"2": "block_model:custom/box",
		"3": "block_model:custom/logs/acacia_log",
		"4": "block_model:custom/logs/acacia_log_top",
		"5": "block_model:custom/logs/birch_log_top",
		"6": "block_model:custom/logs/birch_log",
		"7": "block_model:custom/logs/dark_oak_log",
		"8": "block_model:custom/logs/dark_oak_log_top",
		"9": "block_model:custom/logs/jungle_log",
		"10": "block_model:custom/logs/jungle_log_top",
		"11": "block_model:custom/logs/oak_log_top",
		"12": "block_model:custom/logs/oak_log",
		"13": "block_model:custom/logs/spruce_log",
		"14": "block_model:custom/logs/spruce_log_top",
		"particle": "block_model:custom/logs/acacia_log_top"
	},
	"elements": [
		{
			"from": [1, 6, -2],
			"to": [15, 9, 12],
			"rotation": {"angle": 22.5, "axis": "x", "origin": [0, 0, 0]},
			"faces": {
				"north": {"uv": [0, 0, 14, 3], "texture": "#2"},
				"east": {"uv": [0, 0, 14, 3], "texture": "#2"},
				"south": {"uv": [0, 0, 14, 3], "texture": "#2"},
				"west": {"uv": [0, 0, 14, 3], "texture": "#2"},
				"up": {"uv": [3, 3, 13, 13], "texture": "#5"},
				"down": {"uv": [0, 0, 14, 14], "texture": "#2"}
			}
		},
		{
			"from": [6.3, 7, -0.8],
			"to": [10.3, 13.3, 3.2],
			"rotation": {"angle": 22.5, "axis": "x", "origin": [0, 0, 0]},
			"faces": {
				"north": {"uv": [0, 0, 9.8, 9.2], "texture": "#6"},
				"east": {"uv": [0, 0, 9.8, 8.2], "texture": "#6"},
				"south": {"uv": [0, 0, 10.8, 9.2], "texture": "#6"},
				"west": {"uv": [0, 0, 10.8, 8.2], "texture": "#6"},
				"up": {"uv": [0, 0, 16, 16], "texture": "#5"},
				"down": {"uv": [0, 0, 4.8, 4.8], "texture": "#6"}
			}
		},
		{
			"from": [10.7, 7, 0],
			"to": [14.7, 13.3, 4],
			"rotation": {"angle": 22.5, "axis": "x", "origin": [0, 0, 0]},
			"faces": {
				"north": {"uv": [0, 0, 9.8, 9.2], "texture": "#7"},
				"east": {"uv": [0, 0, 9.8, 8.2], "texture": "#7"},
				"south": {"uv": [0, 0, 10.8, 9.2], "texture": "#7"},
				"west": {"uv": [0, 0, 10.8, 8.2], "texture": "#7"},
				"up": {"uv": [0, 0, 16, 16], "texture": "#8"},
				"down": {"uv": [0, 0, 4.8, 4.8], "texture": "#7"}
			}
		},
		{
			"from": [10.7, 7, 5.2],
			"to": [14.7, 13.3, 9.2],
			"rotation": {"angle": 22.5, "axis": "x", "origin": [0, 0, 0]},
			"faces": {
				"north": {"uv": [0, 0, 9.8, 9.2], "texture": "#9"},
				"east": {"uv": [0, 0, 9.8, 8.2], "texture": "#9"},
				"south": {"uv": [0, 0, 10.8, 9.2], "texture": "#9"},
				"west": {"uv": [0, 0, 10.8, 8.2], "texture": "#9"},
				"up": {"uv": [0, 0, 16, 16], "texture": "#10"},
				"down": {"uv": [0, 0, 4.8, 4.8], "texture": "#9"}
			}
		},
		{
			"from": [6.3, 7, 6.5],
			"to": [10.3, 13.3, 10.5],
			"rotation": {"angle": 22.5, "axis": "x", "origin": [0, 0, 0]},
			"faces": {
				"north": {"uv": [0, 0, 9.8, 9.2], "texture": "#12"},
				"east": {"uv": [0, 0, 9.8, 8.2], "texture": "#12"},
				"south": {"uv": [0, 0, 10.8, 9.2], "texture": "#12"},
				"west": {"uv": [0, 0, 10.8, 8.2], "texture": "#12"},
				"up": {"uv": [0, 0, 16, 16], "texture": "#11"},
				"down": {"uv": [0, 0, 4.8, 4.8], "texture": "#12"}
			}
		},
		{
			"from": [2, 7, 6.1],
			"to": [6, 13.3, 10.1],
			"rotation": {"angle": 22.5, "axis": "x", "origin": [0, 0, 0]},
			"faces": {
				"north": {"uv": [0, 0, 9.8, 9.2], "texture": "#13"},
				"east": {"uv": [0, 0, 9.8, 8.2], "texture": "#13"},
				"south": {"uv": [0, 0, 10.8, 9.2], "texture": "#13"},
				"west": {"uv": [0, 0, 10.8, 8.2], "texture": "#13"},
				"up": {"uv": [0, 0, 16, 16], "texture": "#14"},
				"down": {"uv": [0, 0, 4.8, 4.8], "texture": "#13"}
			}
		},
		{
			"from": [1.8, 7, -0.3],
			"to": [5.8, 13.3, 3.7],
			"rotation": {"angle": 22.5, "axis": "x", "origin": [0, 0, 0]},
			"faces": {
				"north": {"uv": [0, 0, 9.8, 9.2], "texture": "#3"},
				"east": {"uv": [0, 0, 9.8, 8.2], "texture": "#3"},
				"south": {"uv": [0, 0, 10.8, 9.2], "texture": "#3"},
				"west": {"uv": [0, 0, 10.8, 8.2], "texture": "#3"},
				"up": {"uv": [0, 0, 16, 16], "texture": "#4"},
				"down": {"uv": [0, 0, 4.8, 4.8], "texture": "#3"}
			}
		},
		{
			"from": [0, 6, -3],
			"to": [1, 11, 12],
			"rotation": {"angle": 22.5, "axis": "x", "origin": [0, 0, 0]},
			"faces": {
				"north": {"uv": [0, 0, 1, 5], "texture": "#2"},
				"east": {"uv": [0, 0, 15, 5], "texture": "#2"},
				"south": {"uv": [0, 0, 1, 5], "texture": "#2"},
				"west": {"uv": [0, 0, 16, 5], "texture": "#2"},
				"up": {"uv": [0, 0, 1, 15], "texture": "#2"},
				"down": {"uv": [0, 0, 1, 15], "texture": "#2"}
			}
		},
		{
			"from": [15, 6, -3],
			"to": [16, 11, 12],
			"rotation": {"angle": 22.5, "axis": "x", "origin": [0, 0, 0]},
			"faces": {
				"north": {"uv": [0, 0, 1, 5], "texture": "#2"},
				"east": {"uv": [0, 0, 16, 5], "texture": "#2"},
				"south": {"uv": [0, 0, 1, 5], "texture": "#2"},
				"west": {"uv": [0, 0, 15, 5], "texture": "#2"},
				"up": {"uv": [0, 0, 1, 15], "texture": "#2"},
				"down": {"uv": [0, 0, 1, 15], "texture": "#2"}
			}
		},
		{
			"from": [1, 6, -3],
			"to": [15, 11, -2],
			"rotation": {"angle": 22.5, "axis": "x", "origin": [0, 0, 0]},
			"faces": {
				"north": {"uv": [0, 0, 16, 5], "texture": "#2"},
				"east": {"uv": [0, 0, 1, 5], "texture": "#2"},
				"south": {"uv": [0, 0, 14, 5], "texture": "#2"},
				"west": {"uv": [0, 0, 1, 5], "texture": "#2"},
				"up": {"uv": [0, 0, 14, 1], "texture": "#2"},
				"down": {"uv": [0, 0, 14, 1], "texture": "#2"}
			}
		},
		{
			"from": [1, 0, 2],
			"to": [15, 6, 3],
			"faces": {
				"north": {"uv": [0, 0, 16, 6], "texture": "#2"},
				"east": {"uv": [0, 0, 1, 6], "texture": "#2"},
				"south": {"uv": [0, 0, 14, 6], "texture": "#2"},
				"west": {"uv": [0, 0, 1, 6], "texture": "#2"},
				"up": {"uv": [0, 0, 14, 1], "texture": "#2"},
				"down": {"uv": [0, 0, 14, 1], "texture": "#2"}
			}
		},
		{
			"from": [0, 6, 12],
			"to": [16, 11, 13],
			"rotation": {"angle": 22.5, "axis": "x", "origin": [0, 0, 0]},
			"faces": {
				"north": {"uv": [0, 0, 16, 5], "texture": "#2"},
				"east": {"uv": [0, 0, 2.5, 5], "texture": "#2"},
				"south": {"uv": [0, 0, 16, 5], "texture": "#2"},
				"west": {"uv": [0, 0, 1, 5], "texture": "#2"},
				"up": {"uv": [0, 0, 16, 1], "texture": "#2"},
				"down": {"uv": [0, 0, 16, 1], "texture": "#2"}
			}
		}
	],
	"display": {
		"thirdperson_righthand": {
			"rotation": [71.52, 8.48, 13.89],
			"translation": [0, 0.75, -1],
			"scale": [0.20508, 0.20508, 0.20508]
		},
		"thirdperson_lefthand": {
			"rotation": [71.52, 8.48, 13.89],
			"translation": [0, 0.75, -1],
			"scale": [0.20508, 0.20508, 0.20508]
		},
		"firstperson_righthand": {
			"rotation": [0, 25, 0],
			"translation": [2, -0.5, 0],
			"scale": [0.28477, 0.28477, 0.28477]
		},
		"firstperson_lefthand": {
			"rotation": [0, 25, 0],
			"translation": [2, -0.5, 0],
			"scale": [0.28477, 0.28477, 0.28477]
		},
		"ground": {
			"translation": [0, 2, 0],
			"scale": [0.5, 0.5, 0.5]
		},
		"gui": {
			"rotation": [13.85, -35.3, 4.13],
			"translation": [0.5, -2.35, 0],
			"scale": [0.58398, 0.58398, 0.58398]
		},
		"head": {
			"translation": [0, -30.4, 0],
			"scale": [1.6, 1.6, 1.6]
		},
		"fixed": {
			"rotation": [-90, 180, 0],
			"translation": [0, 0, -14],
			"scale": [2.01, 2.01, 2.01]
		}
	}
}