{"textures":{"0":"modelengine:entity/cizha_the_scarecrow_head"},"elements":[{"from":[-0.63747597,-1.144,-0.9609299],"to":[16.562525,12.856001,16.63907],"rotation":{"angle":0.0,"axis":"y","origin":[7.980722,12.6293335,8.187424]},"faces":{"east":{"uv":[0.0,6.5625,2.75,8.75],"rotation":0,"texture":"#0","tintindex":0},"south":{"uv":[0.0,6.5625,2.6875,8.75],"rotation":0,"texture":"#0","tintindex":0},"north":{"uv":[7.375,0.0,10.0625,2.1875],"rotation":0,"texture":"#0","tintindex":0},"west":{"uv":[2.75,6.5625,0.0,8.75],"rotation":0,"texture":"#0","tintindex":0},"up":{"uv":[8.3125,9.25,5.625,6.5],"rotation":0,"texture":"#0","tintindex":0},"down":{"uv":[8.3125,6.5,5.625,9.25],"rotation":0,"texture":"#0","tintindex":0}}},{"from":[16.809212,-2.3440008,8.478899],"to":[24.00921,9.2560005,8.518899],"rotation":{"angle":22.5,"axis":"y","origin":[7.980722,12.6293335,8.187424]},"faces":{"east":{"uv":[10.875,11.375,10.9375,13.1875],"rotation":0,"texture":"#0","tintindex":0},"south":{"uv":[6.1875,11.0,5.0625,12.8125],"rotation":0,"texture":"#0","tintindex":0},"north":{"uv":[5.0625,11.0,6.1875,12.8125],"rotation":0,"texture":"#0","tintindex":0},"west":{"uv":[10.9375,11.375,11.0,13.1875],"rotation":0,"texture":"#0","tintindex":0},"up":{"uv":[13.375,6.8125,12.25,6.75],"rotation":0,"texture":"#0","tintindex":0},"down":{"uv":[13.375,6.8125,12.25,6.875],"rotation":0,"texture":"#0","tintindex":0}}},{"from":[16.196918,-0.74400043,9.957107],"to":[23.396915,10.856,9.997107],"rotation":{"angle":22.5,"axis":"y","origin":[7.980722,12.6293335,8.187424]},"faces":{"east":{"uv":[10.875,11.375,10.9375,13.1875],"rotation":0,"texture":"#0","tintindex":0},"south":{"uv":[6.1875,11.0,5.0625,12.8125],"rotation":0,"texture":"#0","tintindex":0},"north":{"uv":[5.0625,11.0,6.1875,12.8125],"rotation":0,"texture":"#0","tintindex":0},"west":{"uv":[10.9375,11.375,11.0,13.1875],"rotation":0,"texture":"#0","tintindex":0},"up":{"uv":[13.375,6.8125,12.25,6.75],"rotation":0,"texture":"#0","tintindex":0},"down":{"uv":[13.375,6.8125,12.25,6.875],"rotation":0,"texture":"#0","tintindex":0}}},{"from":[16.809212,-2.3440008,7.8559484],"to":[24.00921,9.2560005,7.8959484],"rotation":{"angle":-22.5,"axis":"y","origin":[7.980722,12.6293335,8.187424]},"faces":{"east":{"uv":[10.9375,11.375,10.875,13.1875],"rotation":0,"texture":"#0","tintindex":0},"south":{"uv":[6.1875,11.0,5.0625,12.8125],"rotation":0,"texture":"#0","tintindex":0},"north":{"uv":[5.0625,11.0,6.1875,12.8125],"rotation":0,"texture":"#0","tintindex":0},"west":{"uv":[11.0,11.375,10.9375,13.1875],"rotation":0,"texture":"#0","tintindex":0},"up":{"uv":[13.375,6.75,12.25,6.8125],"rotation":0,"texture":"#0","tintindex":0},"down":{"uv":[13.375,6.875,12.25,6.8125],"rotation":0,"texture":"#0","tintindex":0}}},{"from":[16.196918,-0.74400043,6.377741],"to":[23.396915,10.856,6.417741],"rotation":{"angle":-22.5,"axis":"y","origin":[7.980722,12.6293335,8.187424]},"faces":{"east":{"uv":[10.9375,11.375,10.875,13.1875],"rotation":0,"texture":"#0","tintindex":0},"south":{"uv":[6.1875,11.0,5.0625,12.8125],"rotation":0,"texture":"#0","tintindex":0},"north":{"uv":[5.0625,11.0,6.1875,12.8125],"rotation":0,"texture":"#0","tintindex":0},"west":{"uv":[11.0,11.375,10.9375,13.1875],"rotation":0,"texture":"#0","tintindex":0},"up":{"uv":[13.375,6.75,12.25,6.8125],"rotation":0,"texture":"#0","tintindex":0},"down":{"uv":[13.375,6.875,12.25,6.8125],"rotation":0,"texture":"#0","tintindex":0}}},{"from":[16.562525,1.2559996,8.099071],"to":[24.962524,12.456,8.1390705],"rotation":{"angle":0.0,"axis":"y","origin":[7.980722,12.6293335,8.187424]},"faces":{"east":{"uv":[11.375,0.0,11.4375,1.75],"rotation":0,"texture":"#0","tintindex":0},"south":{"uv":[2.8125,8.75,1.5,10.5],"rotation":0,"texture":"#0","tintindex":0},"north":{"uv":[1.5,8.75,2.8125,10.5],"rotation":0,"texture":"#0","tintindex":0},"west":{"uv":[11.4375,0.0,11.5,1.75],"rotation":0,"texture":"#0","tintindex":0},"up":{"uv":[13.5625,5.8125,12.25,5.75],"rotation":0,"texture":"#0","tintindex":0},"down":{"uv":[13.5625,5.8125,12.25,5.875],"rotation":0,"texture":"#0","tintindex":0}}},{"from":[16.562525,-1.144,7.4190702],"to":[24.962524,10.056,7.4590707],"rotation":{"angle":0.0,"axis":"y","origin":[7.980722,12.6293335,8.187424]},"faces":{"east":{"uv":[11.375,0.0,11.4375,1.75],"rotation":0,"texture":"#0","tintindex":0},"south":{"uv":[2.8125,8.75,1.5,10.5],"rotation":0,"texture":"#0","tintindex":0},"north":{"uv":[1.5,8.75,2.8125,10.5],"rotation":0,"texture":"#0","tintindex":0},"west":{"uv":[11.4375,0.0,11.5,1.75],"rotation":0,"texture":"#0","tintindex":0},"up":{"uv":[13.5625,5.8125,12.25,5.75],"rotation":0,"texture":"#0","tintindex":0},"down":{"uv":[13.5625,5.8125,12.25,5.875],"rotation":0,"texture":"#0","tintindex":0}}},{"from":[16.562525,-1.144,8.955776],"to":[24.962524,10.056,8.995777],"rotation":{"angle":0.0,"axis":"y","origin":[7.980722,12.6293335,8.187424]},"faces":{"east":{"uv":[11.4375,0.0,11.375,1.75],"rotation":0,"texture":"#0","tintindex":0},"south":{"uv":[2.8125,8.75,1.5,10.5],"rotation":0,"texture":"#0","tintindex":0},"north":{"uv":[1.5,8.75,2.8125,10.5],"rotation":0,"texture":"#0","tintindex":0},"west":{"uv":[11.5,0.0,11.4375,1.75],"rotation":0,"texture":"#0","tintindex":0},"up":{"uv":[13.5625,5.75,12.25,5.8125],"rotation":0,"texture":"#0","tintindex":0},"down":{"uv":[13.5625,5.875,12.25,5.8125],"rotation":0,"texture":"#0","tintindex":0}}},{"from":[-8.047766,-2.3440008,8.478899],"to":[-0.8477669,9.2560005,8.518899],"rotation":{"angle":-22.5,"axis":"y","origin":[7.980722,12.6293335,8.187424]},"faces":{"east":{"uv":[11.0,11.375,10.9375,13.1875],"rotation":0,"texture":"#0","tintindex":0},"south":{"uv":[5.0625,11.0,6.1875,12.8125],"rotation":0,"texture":"#0","tintindex":0},"north":{"uv":[6.1875,11.0,5.0625,12.8125],"rotation":0,"texture":"#0","tintindex":0},"west":{"uv":[10.9375,11.375,10.875,13.1875],"rotation":0,"texture":"#0","tintindex":0},"up":{"uv":[12.25,6.8125,13.375,6.75],"rotation":0,"texture":"#0","tintindex":0},"down":{"uv":[12.25,6.8125,13.375,6.875],"rotation":0,"texture":"#0","tintindex":0}}},{"from":[-7.4354734,-0.74400043,9.957107],"to":[-0.23547268,10.856,9.997107],"rotation":{"angle":-22.5,"axis":"y","origin":[7.980722,12.6293335,8.187424]},"faces":{"east":{"uv":[11.0,11.375,10.9375,13.1875],"rotation":0,"texture":"#0","tintindex":0},"south":{"uv":[5.0625,11.0,6.1875,12.8125],"rotation":0,"texture":"#0","tintindex":0},"north":{"uv":[6.1875,11.0,5.0625,12.8125],"rotation":0,"texture":"#0","tintindex":0},"west":{"uv":[10.9375,11.375,10.875,13.1875],"rotation":0,"texture":"#0","tintindex":0},"up":{"uv":[12.25,6.8125,13.375,6.75],"rotation":0,"texture":"#0","tintindex":0},"down":{"uv":[12.25,6.8125,13.375,6.875],"rotation":0,"texture":"#0","tintindex":0}}},{"from":[-8.047766,-2.3440008,7.8559484],"to":[-0.8477669,9.2560005,7.8959484],"rotation":{"angle":22.5,"axis":"y","origin":[7.980722,12.6293335,8.187424]},"faces":{"east":{"uv":[10.9375,11.375,11.0,13.1875],"rotation":0,"texture":"#0","tintindex":0},"south":{"uv":[5.0625,11.0,6.1875,12.8125],"rotation":0,"texture":"#0","tintindex":0},"north":{"uv":[6.1875,11.0,5.0625,12.8125],"rotation":0,"texture":"#0","tintindex":0},"west":{"uv":[10.875,11.375,10.9375,13.1875],"rotation":0,"texture":"#0","tintindex":0},"up":{"uv":[12.25,6.75,13.375,6.8125],"rotation":0,"texture":"#0","tintindex":0},"down":{"uv":[12.25,6.875,13.375,6.8125],"rotation":0,"texture":"#0","tintindex":0}}},{"from":[-7.4354734,-0.74400043,6.377741],"to":[-0.23547268,10.856,6.417741],"rotation":{"angle":22.5,"axis":"y","origin":[7.980722,12.6293335,8.187424]},"faces":{"east":{"uv":[10.9375,11.375,11.0,13.1875],"rotation":0,"texture":"#0","tintindex":0},"south":{"uv":[5.0625,11.0,6.1875,12.8125],"rotation":0,"texture":"#0","tintindex":0},"north":{"uv":[6.1875,11.0,5.0625,12.8125],"rotation":0,"texture":"#0","tintindex":0},"west":{"uv":[10.875,11.375,10.9375,13.1875],"rotation":0,"texture":"#0","tintindex":0},"up":{"uv":[12.25,6.75,13.375,6.8125],"rotation":0,"texture":"#0","tintindex":0},"down":{"uv":[12.25,6.875,13.375,6.8125],"rotation":0,"texture":"#0","tintindex":0}}},{"from":[-9.001081,1.2559996,8.099071],"to":[-0.6010809,12.456,8.1390705],"rotation":{"angle":0.0,"axis":"y","origin":[7.980722,12.6293335,8.187424]},"faces":{"east":{"uv":[11.5,0.0,11.4375,1.75],"rotation":0,"texture":"#0","tintindex":0},"south":{"uv":[1.5,8.75,2.8125,10.5],"rotation":0,"texture":"#0","tintindex":0},"north":{"uv":[2.8125,8.75,1.5,10.5],"rotation":0,"texture":"#0","tintindex":0},"west":{"uv":[11.4375,0.0,11.375,1.75],"rotation":0,"texture":"#0","tintindex":0},"up":{"uv":[12.25,5.8125,13.5625,5.75],"rotation":0,"texture":"#0","tintindex":0},"down":{"uv":[12.25,5.8125,13.5625,5.875],"rotation":0,"texture":"#0","tintindex":0}}},{"from":[-9.001081,-1.144,7.4190702],"to":[-0.6010809,10.056,7.4590707],"rotation":{"angle":0.0,"axis":"y","origin":[7.980722,12.6293335,8.187424]},"faces":{"east":{"uv":[11.5,0.0,11.4375,1.75],"rotation":0,"texture":"#0","tintindex":0},"south":{"uv":[1.5,8.75,2.8125,10.5],"rotation":0,"texture":"#0","tintindex":0},"north":{"uv":[2.8125,8.75,1.5,10.5],"rotation":0,"texture":"#0","tintindex":0},"west":{"uv":[11.4375,0.0,11.375,1.75],"rotation":0,"texture":"#0","tintindex":0},"up":{"uv":[12.25,5.8125,13.5625,5.75],"rotation":0,"texture":"#0","tintindex":0},"down":{"uv":[12.25,5.8125,13.5625,5.875],"rotation":0,"texture":"#0","tintindex":0}}},{"from":[-9.001081,-1.144,8.955776],"to":[-0.6010809,10.056,8.995777],"rotation":{"angle":0.0,"axis":"y","origin":[7.980722,12.6293335,8.187424]},"faces":{"east":{"uv":[11.4375,0.0,11.5,1.75],"rotation":0,"texture":"#0","tintindex":0},"south":{"uv":[1.5,8.75,2.8125,10.5],"rotation":0,"texture":"#0","tintindex":0},"north":{"uv":[2.8125,8.75,1.5,10.5],"rotation":0,"texture":"#0","tintindex":0},"west":{"uv":[11.375,0.0,11.4375,1.75],"rotation":0,"texture":"#0","tintindex":0},"up":{"uv":[12.25,5.75,13.5625,5.8125],"rotation":0,"texture":"#0","tintindex":0},"down":{"uv":[12.25,5.875,13.5625,5.8125],"rotation":0,"texture":"#0","tintindex":0}}},{"from":[-1.0374756,12.616,-1.3609304],"to":[16.962524,15.416,16.67907],"rotation":{"angle":0.0,"axis":"y","origin":[7.980722,12.6293335,8.187424]},"faces":{"east":{"uv":[12.25,4.9375,15.0625,5.375],"rotation":0,"texture":"#0","tintindex":0},"south":{"uv":[12.25,4.9375,15.0625,5.375],"rotation":0,"texture":"#0","tintindex":0},"north":{"uv":[12.25,4.9375,15.0625,5.375],"rotation":0,"texture":"#0","tintindex":0},"west":{"uv":[12.25,4.9375,15.0625,5.375],"rotation":0,"texture":"#0","tintindex":0},"up":{"uv":[5.625,6.5625,2.8125,3.75],"rotation":0,"texture":"#0","tintindex":0},"down":{"uv":[5.625,3.75,2.8125,6.5625],"rotation":0,"texture":"#0","tintindex":0}}},{"from":[-3.8774757,12.456,-4.4809294],"to":[19.722525,12.616,19.51907],"rotation":{"angle":0.0,"axis":"y","origin":[7.980722,12.6293335,8.187424]},"faces":{"east":{"uv":[12.25,5.375,16.0,5.4375],"rotation":0,"texture":"#0","tintindex":0},"south":{"uv":[12.25,5.5625,15.9375,5.625],"rotation":0,"texture":"#0","tintindex":0},"north":{"uv":[12.25,5.5,15.9375,5.5625],"rotation":0,"texture":"#0","tintindex":0},"west":{"uv":[12.25,5.4375,16.0,5.5],"rotation":0,"texture":"#0","tintindex":0},"up":{"uv":[3.3125,3.375,0.0,0.0],"rotation":0,"texture":"#0","tintindex":0},"down":{"uv":[3.3125,0.0,0.0,3.375],"rotation":0,"texture":"#0","tintindex":0}}},{"from":[3.770722,15.402666,7.7190704],"to":[13.370722,28.202667,7.7590704],"rotation":{"angle":0.0,"axis":"y","origin":[7.980722,12.6293335,8.187424]},"faces":{"east":{"uv":[5.5,6.5625,5.5625,8.5625],"rotation":0,"texture":"#0","tintindex":0},"south":{"uv":[9.8125,4.375,8.3125,6.375],"rotation":0,"texture":"#0","tintindex":0},"north":{"uv":[8.3125,4.375,9.8125,6.375],"rotation":0,"texture":"#0","tintindex":0},"west":{"uv":[5.5625,6.5625,5.625,8.5625],"rotation":0,"texture":"#0","tintindex":0},"up":{"uv":[13.75,5.6875,12.25,5.625],"rotation":0,"texture":"#0","tintindex":0},"down":{"uv":[13.75,5.6875,12.25,5.75],"rotation":0,"texture":"#0","tintindex":0}}},{"from":[7.869075,15.402666,2.2374234],"to":[7.909075,28.202667,11.837423],"rotation":{"angle":0.0,"axis":"y","origin":[7.980722,12.6293335,8.187424]},"faces":{"east":{"uv":[9.8125,8.375,8.3125,10.375],"rotation":0,"texture":"#0","tintindex":0},"south":{"uv":[10.5,11.375,10.5625,13.375],"rotation":0,"texture":"#0","tintindex":0},"north":{"uv":[10.5625,11.375,10.625,13.375],"rotation":0,"texture":"#0","tintindex":0},"west":{"uv":[8.3125,8.375,9.8125,10.375],"rotation":0,"texture":"#0","tintindex":0},"up":{"uv":[8.3125,3.6875,8.25,2.1875],"rotation":180,"texture":"#0","tintindex":0},"down":{"uv":[1.1875,10.75,1.125,12.25],"rotation":180,"texture":"#0","tintindex":0}}},{"from":[6.562525,15.402666,6.2390704],"to":[9.362525,21.402668,9.03907],"rotation":{"angle":0.0,"axis":"y","origin":[7.980722,12.6293335,8.187424]},"faces":{"east":{"uv":[7.375,2.1875,7.8125,3.125],"rotation":0,"texture":"#0","tintindex":0},"south":{"uv":[7.375,2.1875,7.8125,3.125],"rotation":0,"texture":"#0","tintindex":0},"north":{"uv":[7.375,2.1875,7.8125,3.125],"rotation":0,"texture":"#0","tintindex":0},"west":{"uv":[7.375,2.1875,7.8125,3.125],"rotation":0,"texture":"#0","tintindex":0},"up":{"uv":[7.375,2.1875,7.8125,2.625],"rotation":0,"texture":"#0","tintindex":0},"down":{"uv":[7.375,2.1875,7.8125,2.625],"rotation":0,"texture":"#0","tintindex":0}}}],"display":{"head":{"translation":[0.0,-6.4,0.0],"scale":[4.0,4.0,4.0]}}}