{"textures":{"0":"modelengine:entity/cizha_the_scarecrow_head"},"elements":[{"from":[-0.5574751,2.6933312,-0.9209299],"to":[16.442524,16.69333,16.55907],"rotation":{"angle":0.0,"axis":"y","origin":[7.940722,16.456665,8.187424]},"faces":{"east":{"uv":[0.0,6.5625,2.75,8.75],"rotation":0,"texture":"#0","tintindex":0},"south":{"uv":[0.0,6.5625,2.6875,8.75],"rotation":0,"texture":"#0","tintindex":0},"north":{"uv":[4.4375,0.0,7.125,2.1875],"rotation":0,"texture":"#0","tintindex":0},"west":{"uv":[2.75,6.5625,0.0,8.75],"rotation":0,"texture":"#0","tintindex":0},"up":{"uv":[8.3125,9.25,5.625,6.5],"rotation":0,"texture":"#0","tintindex":0},"down":{"uv":[8.3125,6.5,5.625,9.25],"rotation":0,"texture":"#0","tintindex":0}}},{"from":[16.62139,1.493331,8.417669],"to":[23.82139,13.093331,8.457669],"rotation":{"angle":22.5,"axis":"y","origin":[7.940722,16.456665,8.187424]},"faces":{"east":{"uv":[10.875,11.375,10.9375,13.1875],"rotation":0,"texture":"#0","tintindex":0},"south":{"uv":[6.1875,11.0,5.0625,12.8125],"rotation":0,"texture":"#0","tintindex":0},"north":{"uv":[5.0625,11.0,6.1875,12.8125],"rotation":0,"texture":"#0","tintindex":0},"west":{"uv":[10.9375,11.375,11.0,13.1875],"rotation":0,"texture":"#0","tintindex":0},"up":{"uv":[13.375,6.8125,12.25,6.75],"rotation":0,"texture":"#0","tintindex":0},"down":{"uv":[13.375,6.8125,12.25,6.875],"rotation":0,"texture":"#0","tintindex":0}}},{"from":[16.009096,3.0933309,9.895877],"to":[23.209095,14.693331,9.935877],"rotation":{"angle":22.5,"axis":"y","origin":[7.940722,16.456665,8.187424]},"faces":{"east":{"uv":[10.875,11.375,10.9375,13.1875],"rotation":0,"texture":"#0","tintindex":0},"south":{"uv":[6.1875,11.0,5.0625,12.8125],"rotation":0,"texture":"#0","tintindex":0},"north":{"uv":[5.0625,11.0,6.1875,12.8125],"rotation":0,"texture":"#0","tintindex":0},"west":{"uv":[10.9375,11.375,11.0,13.1875],"rotation":0,"texture":"#0","tintindex":0},"up":{"uv":[13.375,6.8125,12.25,6.75],"rotation":0,"texture":"#0","tintindex":0},"down":{"uv":[13.375,6.8125,12.25,6.875],"rotation":0,"texture":"#0","tintindex":0}}},{"from":[16.62139,1.493331,7.9171777],"to":[23.82139,13.093331,7.9571776],"rotation":{"angle":-22.5,"axis":"y","origin":[7.940722,16.456665,8.187424]},"faces":{"east":{"uv":[10.9375,11.375,10.875,13.1875],"rotation":0,"texture":"#0","tintindex":0},"south":{"uv":[6.1875,11.0,5.0625,12.8125],"rotation":0,"texture":"#0","tintindex":0},"north":{"uv":[5.0625,11.0,6.1875,12.8125],"rotation":0,"texture":"#0","tintindex":0},"west":{"uv":[11.0,11.375,10.9375,13.1875],"rotation":0,"texture":"#0","tintindex":0},"up":{"uv":[13.375,6.75,12.25,6.8125],"rotation":0,"texture":"#0","tintindex":0},"down":{"uv":[13.375,6.875,12.25,6.8125],"rotation":0,"texture":"#0","tintindex":0}}},{"from":[16.009096,3.0933309,6.4389706],"to":[23.209095,14.693331,6.4789705],"rotation":{"angle":-22.5,"axis":"y","origin":[7.940722,16.456665,8.187424]},"faces":{"east":{"uv":[10.9375,11.375,10.875,13.1875],"rotation":0,"texture":"#0","tintindex":0},"south":{"uv":[6.1875,11.0,5.0625,12.8125],"rotation":0,"texture":"#0","tintindex":0},"north":{"uv":[5.0625,11.0,6.1875,12.8125],"rotation":0,"texture":"#0","tintindex":0},"west":{"uv":[11.0,11.375,10.9375,13.1875],"rotation":0,"texture":"#0","tintindex":0},"up":{"uv":[13.375,6.75,12.25,6.8125],"rotation":0,"texture":"#0","tintindex":0},"down":{"uv":[13.375,6.875,12.25,6.8125],"rotation":0,"texture":"#0","tintindex":0}}},{"from":[16.362526,5.0933313,8.099071],"to":[24.762526,16.293331,8.1390705],"rotation":{"angle":0.0,"axis":"y","origin":[7.940722,16.456665,8.187424]},"faces":{"east":{"uv":[11.375,0.0,11.4375,1.75],"rotation":0,"texture":"#0","tintindex":0},"south":{"uv":[2.8125,8.75,1.5,10.5],"rotation":0,"texture":"#0","tintindex":0},"north":{"uv":[1.5,8.75,2.8125,10.5],"rotation":0,"texture":"#0","tintindex":0},"west":{"uv":[11.4375,0.0,11.5,1.75],"rotation":0,"texture":"#0","tintindex":0},"up":{"uv":[13.5625,5.8125,12.25,5.75],"rotation":0,"texture":"#0","tintindex":0},"down":{"uv":[13.5625,5.8125,12.25,5.875],"rotation":0,"texture":"#0","tintindex":0}}},{"from":[16.362526,2.6933312,7.4190702],"to":[24.762526,13.893331,7.4590707],"rotation":{"angle":0.0,"axis":"y","origin":[7.940722,16.456665,8.187424]},"faces":{"east":{"uv":[11.375,0.0,11.4375,1.75],"rotation":0,"texture":"#0","tintindex":0},"south":{"uv":[2.8125,8.75,1.5,10.5],"rotation":0,"texture":"#0","tintindex":0},"north":{"uv":[1.5,8.75,2.8125,10.5],"rotation":0,"texture":"#0","tintindex":0},"west":{"uv":[11.4375,0.0,11.5,1.75],"rotation":0,"texture":"#0","tintindex":0},"up":{"uv":[13.5625,5.8125,12.25,5.75],"rotation":0,"texture":"#0","tintindex":0},"down":{"uv":[13.5625,5.8125,12.25,5.875],"rotation":0,"texture":"#0","tintindex":0}}},{"from":[16.362526,2.6933312,8.955776],"to":[24.762526,13.893331,8.995777],"rotation":{"angle":0.0,"axis":"y","origin":[7.940722,16.456665,8.187424]},"faces":{"east":{"uv":[11.4375,0.0,11.375,1.75],"rotation":0,"texture":"#0","tintindex":0},"south":{"uv":[2.8125,8.75,1.5,10.5],"rotation":0,"texture":"#0","tintindex":0},"north":{"uv":[1.5,8.75,2.8125,10.5],"rotation":0,"texture":"#0","tintindex":0},"west":{"uv":[11.5,0.0,11.4375,1.75],"rotation":0,"texture":"#0","tintindex":0},"up":{"uv":[13.5625,5.75,12.25,5.8125],"rotation":0,"texture":"#0","tintindex":0},"down":{"uv":[13.5625,5.875,12.25,5.8125],"rotation":0,"texture":"#0","tintindex":0}}},{"from":[-7.939946,1.493331,8.417669],"to":[-0.73994637,13.093331,8.457669],"rotation":{"angle":-22.5,"axis":"y","origin":[7.940722,16.456665,8.187424]},"faces":{"east":{"uv":[11.0,11.375,10.9375,13.1875],"rotation":0,"texture":"#0","tintindex":0},"south":{"uv":[5.0625,11.0,6.1875,12.8125],"rotation":0,"texture":"#0","tintindex":0},"north":{"uv":[6.1875,11.0,5.0625,12.8125],"rotation":0,"texture":"#0","tintindex":0},"west":{"uv":[10.9375,11.375,10.875,13.1875],"rotation":0,"texture":"#0","tintindex":0},"up":{"uv":[12.25,6.8125,13.375,6.75],"rotation":0,"texture":"#0","tintindex":0},"down":{"uv":[12.25,6.8125,13.375,6.875],"rotation":0,"texture":"#0","tintindex":0}}},{"from":[-7.327652,3.0933309,9.895877],"to":[-0.12765217,14.693331,9.935877],"rotation":{"angle":-22.5,"axis":"y","origin":[7.940722,16.456665,8.187424]},"faces":{"east":{"uv":[11.0,11.375,10.9375,13.1875],"rotation":0,"texture":"#0","tintindex":0},"south":{"uv":[5.0625,11.0,6.1875,12.8125],"rotation":0,"texture":"#0","tintindex":0},"north":{"uv":[6.1875,11.0,5.0625,12.8125],"rotation":0,"texture":"#0","tintindex":0},"west":{"uv":[10.9375,11.375,10.875,13.1875],"rotation":0,"texture":"#0","tintindex":0},"up":{"uv":[12.25,6.8125,13.375,6.75],"rotation":0,"texture":"#0","tintindex":0},"down":{"uv":[12.25,6.8125,13.375,6.875],"rotation":0,"texture":"#0","tintindex":0}}},{"from":[-7.939946,1.493331,7.9171777],"to":[-0.73994637,13.093331,7.9571776],"rotation":{"angle":22.5,"axis":"y","origin":[7.940722,16.456665,8.187424]},"faces":{"east":{"uv":[10.9375,11.375,11.0,13.1875],"rotation":0,"texture":"#0","tintindex":0},"south":{"uv":[5.0625,11.0,6.1875,12.8125],"rotation":0,"texture":"#0","tintindex":0},"north":{"uv":[6.1875,11.0,5.0625,12.8125],"rotation":0,"texture":"#0","tintindex":0},"west":{"uv":[10.875,11.375,10.9375,13.1875],"rotation":0,"texture":"#0","tintindex":0},"up":{"uv":[12.25,6.75,13.375,6.8125],"rotation":0,"texture":"#0","tintindex":0},"down":{"uv":[12.25,6.875,13.375,6.8125],"rotation":0,"texture":"#0","tintindex":0}}},{"from":[-7.327652,3.0933309,6.4389706],"to":[-0.12765217,14.693331,6.4789705],"rotation":{"angle":22.5,"axis":"y","origin":[7.940722,16.456665,8.187424]},"faces":{"east":{"uv":[10.9375,11.375,11.0,13.1875],"rotation":0,"texture":"#0","tintindex":0},"south":{"uv":[5.0625,11.0,6.1875,12.8125],"rotation":0,"texture":"#0","tintindex":0},"north":{"uv":[6.1875,11.0,5.0625,12.8125],"rotation":0,"texture":"#0","tintindex":0},"west":{"uv":[10.875,11.375,10.9375,13.1875],"rotation":0,"texture":"#0","tintindex":0},"up":{"uv":[12.25,6.75,13.375,6.8125],"rotation":0,"texture":"#0","tintindex":0},"down":{"uv":[12.25,6.875,13.375,6.8125],"rotation":0,"texture":"#0","tintindex":0}}},{"from":[-8.881081,5.0933313,8.099071],"to":[-0.48108196,16.293331,8.1390705],"rotation":{"angle":0.0,"axis":"y","origin":[7.940722,16.456665,8.187424]},"faces":{"east":{"uv":[11.5,0.0,11.4375,1.75],"rotation":0,"texture":"#0","tintindex":0},"south":{"uv":[1.5,8.75,2.8125,10.5],"rotation":0,"texture":"#0","tintindex":0},"north":{"uv":[2.8125,8.75,1.5,10.5],"rotation":0,"texture":"#0","tintindex":0},"west":{"uv":[11.4375,0.0,11.375,1.75],"rotation":0,"texture":"#0","tintindex":0},"up":{"uv":[12.25,5.8125,13.5625,5.75],"rotation":0,"texture":"#0","tintindex":0},"down":{"uv":[12.25,5.8125,13.5625,5.875],"rotation":0,"texture":"#0","tintindex":0}}},{"from":[-8.881081,2.6933312,7.4190702],"to":[-0.48108196,13.893331,7.4590707],"rotation":{"angle":0.0,"axis":"y","origin":[7.940722,16.456665,8.187424]},"faces":{"east":{"uv":[11.5,0.0,11.4375,1.75],"rotation":0,"texture":"#0","tintindex":0},"south":{"uv":[1.5,8.75,2.8125,10.5],"rotation":0,"texture":"#0","tintindex":0},"north":{"uv":[2.8125,8.75,1.5,10.5],"rotation":0,"texture":"#0","tintindex":0},"west":{"uv":[11.4375,0.0,11.375,1.75],"rotation":0,"texture":"#0","tintindex":0},"up":{"uv":[12.25,5.8125,13.5625,5.75],"rotation":0,"texture":"#0","tintindex":0},"down":{"uv":[12.25,5.8125,13.5625,5.875],"rotation":0,"texture":"#0","tintindex":0}}},{"from":[-8.881081,2.6933312,8.955776],"to":[-0.48108196,13.893331,8.995777],"rotation":{"angle":0.0,"axis":"y","origin":[7.940722,16.456665,8.187424]},"faces":{"east":{"uv":[11.4375,0.0,11.5,1.75],"rotation":0,"texture":"#0","tintindex":0},"south":{"uv":[1.5,8.75,2.8125,10.5],"rotation":0,"texture":"#0","tintindex":0},"north":{"uv":[2.8125,8.75,1.5,10.5],"rotation":0,"texture":"#0","tintindex":0},"west":{"uv":[11.375,0.0,11.4375,1.75],"rotation":0,"texture":"#0","tintindex":0},"up":{"uv":[12.25,5.75,13.5625,5.8125],"rotation":0,"texture":"#0","tintindex":0},"down":{"uv":[12.25,5.875,13.5625,5.8125],"rotation":0,"texture":"#0","tintindex":0}}},{"from":[-0.9974756,16.453331,-1.2809296],"to":[16.922523,19.253332,16.63907],"rotation":{"angle":0.0,"axis":"y","origin":[7.940722,16.456665,8.187424]},"faces":{"east":{"uv":[12.25,4.9375,15.0625,5.375],"rotation":0,"texture":"#0","tintindex":0},"south":{"uv":[12.25,4.9375,15.0625,5.375],"rotation":0,"texture":"#0","tintindex":0},"north":{"uv":[12.25,4.9375,15.0625,5.375],"rotation":0,"texture":"#0","tintindex":0},"west":{"uv":[12.25,4.9375,15.0625,5.375],"rotation":0,"texture":"#0","tintindex":0},"up":{"uv":[5.625,6.5625,2.8125,3.75],"rotation":0,"texture":"#0","tintindex":0},"down":{"uv":[5.625,3.75,2.8125,6.5625],"rotation":0,"texture":"#0","tintindex":0}}},{"from":[-3.8374758,16.41333,-4.4409294],"to":[19.682526,16.493332,19.47907],"rotation":{"angle":0.0,"axis":"y","origin":[7.940722,16.456665,8.187424]},"faces":{"east":{"uv":[12.25,5.375,16.0,5.4375],"rotation":0,"texture":"#0","tintindex":0},"south":{"uv":[12.25,5.5625,15.9375,5.625],"rotation":0,"texture":"#0","tintindex":0},"north":{"uv":[12.25,5.5,15.9375,5.5625],"rotation":0,"texture":"#0","tintindex":0},"west":{"uv":[12.25,5.4375,16.0,5.5],"rotation":0,"texture":"#0","tintindex":0},"up":{"uv":[3.3125,3.375,0.0,0.0],"rotation":0,"texture":"#0","tintindex":0},"down":{"uv":[3.3125,0.0,0.0,3.375],"rotation":0,"texture":"#0","tintindex":0}}},{"from":[3.8107214,19.239998,7.7190704],"to":[13.330722,32.0,7.7590704],"rotation":{"angle":0.0,"axis":"y","origin":[7.940722,16.456665,8.187424]},"faces":{"east":{"uv":[5.5,6.5625,5.5625,8.5625],"rotation":0,"texture":"#0","tintindex":0},"south":{"uv":[9.8125,4.375,8.3125,6.375],"rotation":0,"texture":"#0","tintindex":0},"north":{"uv":[8.3125,4.375,9.8125,6.375],"rotation":0,"texture":"#0","tintindex":0},"west":{"uv":[5.5625,6.5625,5.625,8.5625],"rotation":0,"texture":"#0","tintindex":0},"up":{"uv":[13.75,5.6875,12.25,5.625],"rotation":0,"texture":"#0","tintindex":0},"down":{"uv":[13.75,5.6875,12.25,5.75],"rotation":0,"texture":"#0","tintindex":0}}},{"from":[7.869075,19.239998,2.3174233],"to":[7.909075,32.0,11.797423],"rotation":{"angle":0.0,"axis":"y","origin":[7.940722,16.456665,8.187424]},"faces":{"east":{"uv":[9.8125,8.375,8.3125,10.375],"rotation":0,"texture":"#0","tintindex":0},"south":{"uv":[10.5,11.375,10.5625,13.375],"rotation":0,"texture":"#0","tintindex":0},"north":{"uv":[10.5625,11.375,10.625,13.375],"rotation":0,"texture":"#0","tintindex":0},"west":{"uv":[8.3125,8.375,9.8125,10.375],"rotation":0,"texture":"#0","tintindex":0},"up":{"uv":[8.3125,3.6875,8.25,2.1875],"rotation":180,"texture":"#0","tintindex":0},"down":{"uv":[1.1875,10.75,1.125,12.25],"rotation":180,"texture":"#0","tintindex":0}}},{"from":[6.6025248,19.239998,6.2790704],"to":[9.322525,25.199997,8.95907],"rotation":{"angle":0.0,"axis":"y","origin":[7.940722,16.456665,8.187424]},"faces":{"east":{"uv":[7.375,2.1875,7.8125,3.125],"rotation":0,"texture":"#0","tintindex":0},"south":{"uv":[7.375,2.1875,7.8125,3.125],"rotation":0,"texture":"#0","tintindex":0},"north":{"uv":[7.375,2.1875,7.8125,3.125],"rotation":0,"texture":"#0","tintindex":0},"west":{"uv":[7.375,2.1875,7.8125,3.125],"rotation":0,"texture":"#0","tintindex":0},"up":{"uv":[7.375,2.1875,7.8125,2.625],"rotation":0,"texture":"#0","tintindex":0},"down":{"uv":[7.375,2.1875,7.8125,2.625],"rotation":0,"texture":"#0","tintindex":0}}}],"display":{"head":{"translation":[0.0,15.050676,0.0],"scale":[4.0,4.0,4.0]}}}