{
	"credit": "Made by samus2002",
	"texture_size": [64, 64],
	"textures": {
		"0": "mage_texture/mage_staff_shiny",
		"particle": "mage_texture/mage_staff_shiny"
	},
	"elements": [
		{
			"from": [7, -11, 7],
			"to": [9, 19, 9],
			"rotation": {"angle": 0, "axis": "y", "origin": [8, 13, 8]},
			"faces": {
				"north": {"uv": [2.5, 0, 3, 7.5], "texture": "#0"},
				"east": {"uv": [3.25, 0, 3.75, 7.5], "texture": "#0"},
				"south": {"uv": [4, 0, 4.5, 7.5], "texture": "#0"},
				"west": {"uv": [4.75, 0, 5.25, 7.5], "texture": "#0"},
				"up": {"uv": [8.25, 10.75, 7.75, 10.25], "texture": "#0"},
				"down": {"uv": [5.5, 10.5, 5, 11], "texture": "#0"}
			}
		},
		{
			"from": [6.5, 14, 6.5],
			"to": [9.5, 19, 9.5],
			"rotation": {"angle": 0, "axis": "y", "origin": [8, 13, 8]},
			"faces": {
				"north": {"uv": [4.5, 7.75, 5.25, 9], "texture": "#0"},
				"east": {"uv": [6.75, 7.75, 7.5, 9], "texture": "#0"},
				"south": {"uv": [7.75, 7.75, 8.5, 9], "texture": "#0"},
				"west": {"uv": [8, 1.25, 8.75, 2.5], "texture": "#0"},
				"up": {"uv": [4, 9.75, 3.25, 9], "texture": "#0"},
				"down": {"uv": [9.75, 4, 9, 4.75], "texture": "#0"}
			}
		},
		{
			"from": [6.5, -12, 6.5],
			"to": [9.5, -5, 9.5],
			"rotation": {"angle": 0, "axis": "y", "origin": [8, 13, 8]},
			"faces": {
				"north": {"uv": [0, 6.25, 0.75, 8], "texture": "#0"},
				"east": {"uv": [1, 6.25, 1.75, 8], "texture": "#0"},
				"south": {"uv": [7, 1.25, 7.75, 3], "texture": "#0"},
				"west": {"uv": [7, 3.25, 7.75, 5], "texture": "#0"},
				"up": {"uv": [9.75, 5.75, 9, 5], "texture": "#0"},
				"down": {"uv": [5, 9.25, 4.25, 10], "texture": "#0"}
			}
		},
		{
			"from": [8, -16, 3.5],
			"to": [8, -7, 12.5],
			"rotation": {"angle": 0, "axis": "y", "origin": [9.5, 13, 8]},
			"faces": {
				"north": {"uv": [10.25, 10.75, 10.25, 13], "texture": "#0"},
				"east": {"uv": [0, 0, 2.25, 2.25], "texture": "#0"},
				"south": {"uv": [10.5, 10.75, 10.5, 13], "texture": "#0"},
				"west": {"uv": [0, 2.5, 2.25, 4.75], "texture": "#0"},
				"up": {"uv": [10.75, 13, 10.75, 10.75], "texture": "#0"},
				"down": {"uv": [0, 11, 0, 13.25], "texture": "#0"}
			}
		},
		{
			"from": [6.5, -3, 6.5],
			"to": [9.5, 0, 9.5],
			"rotation": {"angle": 0, "axis": "y", "origin": [8, 13, 8]},
			"faces": {
				"north": {"uv": [6.75, 9.25, 7.5, 10], "texture": "#0"},
				"east": {"uv": [7.75, 9.25, 8.5, 10], "texture": "#0"},
				"south": {"uv": [5.25, 9.5, 6, 10.25], "texture": "#0"},
				"west": {"uv": [9.5, 6, 10.25, 6.75], "texture": "#0"},
				"up": {"uv": [10.25, 9.5, 9.5, 8.75], "texture": "#0"},
				"down": {"uv": [10.5, 0, 9.75, 0.75], "texture": "#0"}
			}
		},
		{
			"from": [6.475, 18.92227, 5.96864],
			"to": [9.525, 21.92227, 9.96864],
			"rotation": {"angle": 0, "axis": "x", "origin": [8, 24.53323, 8.62557]},
			"faces": {
				"north": {"uv": [9, 1.25, 9.75, 2], "texture": "#0"},
				"east": {"uv": [8.25, 6.25, 9.25, 7], "texture": "#0"},
				"south": {"uv": [2.25, 9, 3, 9.75], "texture": "#0"},
				"west": {"uv": [5.5, 8.5, 6.5, 9.25], "texture": "#0"},
				"up": {"uv": [9.5, 1, 8.75, 0], "texture": "#0"},
				"down": {"uv": [9.5, 2.75, 8.75, 3.75], "texture": "#0"}
			}
		},
		{
			"from": [6.5, 23.54734, 6.89693],
			"to": [9.5, 26.54734, 9.89693],
			"rotation": {"angle": 0, "axis": "x", "origin": [8, 24.29734, 8.64693]},
			"faces": {
				"north": {"uv": [9.75, 2.25, 10.5, 3], "texture": "#0"},
				"east": {"uv": [9.5, 9.75, 10.25, 10.5], "texture": "#0"},
				"south": {"uv": [0, 10, 0.75, 10.75], "texture": "#0"},
				"west": {"uv": [10, 1, 10.75, 1.75], "texture": "#0"},
				"up": {"uv": [3, 10.75, 2.25, 10], "texture": "#0"},
				"down": {"uv": [4, 10, 3.25, 10.75], "texture": "#0"}
			}
		},
		{
			"from": [5, 15.8878, 4.84598],
			"to": [10, 20.8878, 4.84598],
			"rotation": {"angle": 22.5, "axis": "x", "origin": [7.5, 18.7878, 3.39598]},
			"faces": {
				"north": {"uv": [5.5, 1.25, 6.75, 2.5], "texture": "#0"},
				"east": {"uv": [10.75, 3.5, 10.75, 4.75], "texture": "#0"},
				"south": {"uv": [6.75, 1.25, 5.5, 2.5], "texture": "#0"},
				"west": {"uv": [9.5, 10.75, 9.5, 12], "texture": "#0"},
				"up": {"uv": [12, 5, 10.75, 5], "texture": "#0"},
				"down": {"uv": [12, 5.25, 10.75, 5.25], "texture": "#0"}
			}
		},
		{
			"from": [5, 16.5128, 3.34598],
			"to": [10, 21.5128, 3.34598],
			"rotation": {"angle": 22.5, "axis": "x", "origin": [7.5, 18.7878, 3.39598]},
			"faces": {
				"north": {"uv": [5.5, 4.25, 6.75, 5.5], "texture": "#0"},
				"east": {"uv": [9.75, 10.75, 9.75, 12], "texture": "#0"},
				"south": {"uv": [6.75, 4.25, 5.5, 5.5], "texture": "#0"},
				"west": {"uv": [10, 10.75, 10, 12], "texture": "#0"},
				"up": {"uv": [12, 5.5, 10.75, 5.5], "texture": "#0"},
				"down": {"uv": [12, 5.75, 10.75, 5.75], "texture": "#0"}
			}
		},
		{
			"from": [7, 22.95474, 3.3676],
			"to": [9, 25.95474, 5.3676],
			"rotation": {"angle": -45, "axis": "x", "origin": [8, 24.53323, 8.62557]},
			"faces": {
				"north": {"uv": [10, 3.25, 10.5, 4], "texture": "#0"},
				"east": {"uv": [10, 4.25, 10.5, 5], "texture": "#0"},
				"south": {"uv": [4.25, 10.25, 4.75, 11], "texture": "#0"},
				"west": {"uv": [6.25, 10.25, 6.75, 11], "texture": "#0"},
				"up": {"uv": [9, 11, 8.5, 10.5], "texture": "#0"},
				"down": {"uv": [11, 8.5, 10.5, 9], "texture": "#0"}
			}
		},
		{
			"from": [7, 20.07867, 6.08829],
			"to": [9, 22.07867, 12.08829],
			"rotation": {"angle": -45, "axis": "x", "origin": [8, 24.53323, 8.62557]},
			"faces": {
				"north": {"uv": [10.5, 6, 11, 6.5], "texture": "#0"},
				"east": {"uv": [8.75, 7.25, 10.25, 7.75], "texture": "#0"},
				"south": {"uv": [10.5, 6.75, 11, 7.25], "texture": "#0"},
				"west": {"uv": [8.75, 8, 10.25, 8.5], "texture": "#0"},
				"up": {"uv": [9.25, 10.25, 8.75, 8.75], "texture": "#0"},
				"down": {"uv": [2, 9, 1.5, 10.5], "texture": "#0"}
			}
		},
		{
			"from": [6, 17.22017, 10.81056],
			"to": [10, 21.22017, 10.81056],
			"rotation": {"angle": -22.5, "axis": "x", "origin": [8, 20.04517, 13.26056]},
			"faces": {
				"north": {"uv": [7, 5.25, 8, 6.25], "texture": "#0"},
				"east": {"uv": [9.25, 10.5, 9.25, 11.5], "texture": "#0"},
				"south": {"uv": [8, 5.25, 7, 6.25], "texture": "#0"},
				"west": {"uv": [10.5, 9.25, 10.5, 10.25], "texture": "#0"},
				"up": {"uv": [11, 2, 10, 2], "texture": "#0"},
				"down": {"uv": [11.5, 10.5, 10.5, 10.5], "texture": "#0"}
			}
		},
		{
			"from": [6, 18.02017, 12.81056],
			"to": [10, 22.02017, 12.81056],
			"rotation": {"angle": -22.5, "axis": "x", "origin": [8, 20.04517, 13.26056]},
			"faces": {
				"north": {"uv": [5.5, 7.25, 6.5, 8.25], "texture": "#0"},
				"east": {"uv": [1.5, 10.75, 1.5, 11.75], "texture": "#0"},
				"south": {"uv": [6.5, 7.25, 5.5, 8.25], "texture": "#0"},
				"west": {"uv": [1.75, 10.75, 1.75, 11.75], "texture": "#0"},
				"up": {"uv": [11.75, 0, 10.75, 0], "texture": "#0"},
				"down": {"uv": [11.75, 0.25, 10.75, 0.25], "texture": "#0"}
			}
		},
		{
			"from": [6, 18.87017, 14.81056],
			"to": [10, 22.87017, 14.81056],
			"rotation": {"angle": -22.5, "axis": "x", "origin": [8, 20.04517, 13.26056]},
			"faces": {
				"north": {"uv": [2, 7.75, 3, 8.75], "texture": "#0"},
				"east": {"uv": [2, 10.75, 2, 11.75], "texture": "#0"},
				"south": {"uv": [3, 7.75, 2, 8.75], "texture": "#0"},
				"west": {"uv": [10.75, 2.25, 10.75, 3.25], "texture": "#0"},
				"up": {"uv": [11.75, 0.5, 10.75, 0.5], "texture": "#0"},
				"down": {"uv": [11.75, 0.75, 10.75, 0.75], "texture": "#0"}
			}
		},
		{
			"from": [6.975, 21.74288, 11.52939],
			"to": [9.025, 27.74288, 13.52939],
			"rotation": {"angle": -22.5, "axis": "x", "origin": [8, 24.53323, 8.62557]},
			"faces": {
				"north": {"uv": [8, 2.75, 8.5, 4.25], "texture": "#0"},
				"east": {"uv": [0, 8.25, 0.5, 9.75], "texture": "#0"},
				"south": {"uv": [0.75, 8.25, 1.25, 9.75], "texture": "#0"},
				"west": {"uv": [8.25, 4.5, 8.75, 6], "texture": "#0"},
				"up": {"uv": [10.5, 5.75, 10, 5.25], "texture": "#0"},
				"down": {"uv": [7.5, 10.25, 7, 10.75], "texture": "#0"}
			}
		},
		{
			"from": [8, 26.13524, 3.71188],
			"to": [8, 30.13524, 10.71188],
			"rotation": {"angle": 22.5, "axis": "x", "origin": [8, 24.53323, 8.62557]},
			"faces": {
				"north": {"uv": [1, 10, 1, 11], "texture": "#0"},
				"east": {"uv": [7.25, 0, 5.5, 1], "texture": "#0"},
				"south": {"uv": [1.25, 10, 1.25, 11], "texture": "#0"},
				"west": {"uv": [5.5, 0, 7.25, 1], "texture": "#0"},
				"up": {"uv": [5.75, 12.25, 5.75, 10.5], "texture": "#0"},
				"down": {"uv": [6, 10.5, 6, 12.25], "texture": "#0"}
			}
		}
	],
	"gui_light": "front",
	"display": {
		"thirdperson_righthand": {
			"translation": [0, -0.25, 1.75]
		},
		"thirdperson_lefthand": {
			"translation": [0, -0.25, 1.75]
		},
		"firstperson_righthand": {
			"translation": [2, -0.25, -0.25]
		},
		"firstperson_lefthand": {
			"translation": [2, -0.25, -0.25]
		},
		"ground": {
			"rotation": [0, 9, 90]
		},
		"gui": {
			"rotation": [90, -135, 90],
			"translation": [0.5, 0.25, -1.75],
			"scale": [0.4, 0.4, 0.4]
		},
		"fixed": {
			"rotation": [90, 135, -90],
			"translation": [0, -0.25, -1.75],
			"scale": [0.7, 0.7, 0.7]
		}
	}
}