{
	"credit": "Made by samus2002",
	"texture_size": [64, 64],
	"textures": {
		"0": "mage_texture/meteor",
		"particle": "mage_texture/meteor"
	},
	"elements": [
		{
			"from": [3.25, 2, 1.75],
			"to": [15.25, 14, 13.75],
			"rotation": {"angle": 0, "axis": "y", "origin": [8, 9.25, 8]},
			"faces": {
				"north": {"uv": [0, 0, 3, 3], "texture": "#0"},
				"east": {"uv": [0, 3.25, 3, 6.25], "texture": "#0"},
				"south": {"uv": [3.25, 0, 6.25, 3], "texture": "#0"},
				"west": {"uv": [3.25, 3.25, 6.25, 6.25], "texture": "#0"},
				"up": {"uv": [3, 9.5, 0, 6.5], "texture": "#0"},
				"down": {"uv": [9.5, 0, 6.5, 3], "texture": "#0"}
			}
		},
		{
			"from": [2.25, 1, 0.75],
			"to": [6.25, 8, 4.75],
			"rotation": {"angle": 0, "axis": "y", "origin": [8, 9.25, 8]},
			"faces": {
				"north": {"uv": [2.5, 11.25, 3.5, 13], "texture": "#0"},
				"east": {"uv": [3.75, 11.25, 4.75, 13], "texture": "#0"},
				"south": {"uv": [5, 11.25, 6, 13], "texture": "#0"},
				"west": {"uv": [6.25, 11.25, 7.25, 13], "texture": "#0"},
				"up": {"uv": [13, 12.25, 12, 11.25], "texture": "#0"},
				"down": {"uv": [13.25, 0, 12.25, 1], "texture": "#0"}
			}
		},
		{
			"from": [7.25, 9, 0.25],
			"to": [16.25, 17, 9.25],
			"rotation": {"angle": 0, "axis": "y", "origin": [8, 9.25, 8]},
			"faces": {
				"north": {"uv": [8.25, 8.25, 10.5, 10.25], "texture": "#0"},
				"east": {"uv": [3.25, 9, 5.5, 11], "texture": "#0"},
				"south": {"uv": [9, 3.25, 11.25, 5.25], "texture": "#0"},
				"west": {"uv": [5.75, 9, 8, 11], "texture": "#0"},
				"up": {"uv": [5.5, 8.75, 3.25, 6.5], "texture": "#0"},
				"down": {"uv": [8.75, 3.25, 6.5, 5.5], "texture": "#0"}
			}
		},
		{
			"from": [11.25, 6, 11.25],
			"to": [16.25, 12, 15.25],
			"rotation": {"angle": 0, "axis": "y", "origin": [8, 9.25, 8]},
			"faces": {
				"north": {"uv": [10.75, 7.75, 12, 9.25], "texture": "#0"},
				"east": {"uv": [10.75, 11.25, 11.75, 12.75], "texture": "#0"},
				"south": {"uv": [10.75, 9.5, 12, 11], "texture": "#0"},
				"west": {"uv": [11.5, 2.25, 12.5, 3.75], "texture": "#0"},
				"up": {"uv": [12.75, 5, 11.5, 4], "texture": "#0"},
				"down": {"uv": [1.25, 12, 0, 13], "texture": "#0"}
			}
		},
		{
			"from": [1.25, 3, 8.25],
			"to": [10.25, 11, 17.25],
			"rotation": {"angle": 0, "axis": "y", "origin": [8, 9.25, 8]},
			"faces": {
				"north": {"uv": [0, 9.75, 2.25, 11.75], "texture": "#0"},
				"east": {"uv": [9.75, 0, 12, 2], "texture": "#0"},
				"south": {"uv": [8.25, 10.5, 10.5, 12.5], "texture": "#0"},
				"west": {"uv": [10.75, 5.5, 13, 7.5], "texture": "#0"},
				"up": {"uv": [8, 8.75, 5.75, 6.5], "texture": "#0"},
				"down": {"uv": [10.5, 5.75, 8.25, 8], "texture": "#0"}
			}
		}
	],
	"display": {
		"head": {
			"rotation": [34, 0, 0],
			"translation": [-0.75, -14.5, 0],
			"scale": [4, 4, 4]
		}
	}
}