{"textures":{"0":"modelengine:entity/aerial_bunny"},"elements":[{"from":[5.08,4.3021274,6.003715],"to":[10.92,10.142128,11.843716],"rotation":{"angle":0.0,"axis":"y","origin":[8.0,7.359888,9.8038845]},"faces":{"east":{"uv":[0.015,2.015,1.735,3.735],"rotation":0,"texture":"#0","tintindex":0},"south":{"uv":[2.015,0.015,3.735,1.735],"rotation":0,"texture":"#0","tintindex":0},"north":{"uv":[0.015,0.015,1.735,1.735],"rotation":0,"texture":"#0","tintindex":0},"west":{"uv":[2.015,2.015,3.735,3.735],"rotation":0,"texture":"#0","tintindex":0},"up":{"uv":[1.735,5.735,0.015,4.015],"rotation":0,"texture":"#0","tintindex":0},"down":{"uv":[5.735,0.015,4.015,1.735],"rotation":0,"texture":"#0","tintindex":0}}},{"from":[6.7485714,10.762925,8.4226],"to":[9.251429,12.431497,10.091171],"rotation":{"angle":-45.0,"axis":"x","origin":[8.0,7.359888,9.8038845]},"faces":{"east":{"uv":[0.015,8.015,0.485,8.485],"rotation":0,"texture":"#0","tintindex":0},"south":{"uv":[7.265,0.015,7.985,0.485],"rotation":0,"texture":"#0","tintindex":0},"north":{"uv":[0.015,7.265,0.735,7.735],"rotation":0,"texture":"#0","tintindex":0},"west":{"uv":[0.765,8.015,1.235,8.485],"rotation":0,"texture":"#0","tintindex":0},"up":{"uv":[7.985,1.235,7.265,0.765],"rotation":0,"texture":"#0","tintindex":0},"down":{"uv":[1.735,7.265,1.015,7.735],"rotation":0,"texture":"#0","tintindex":0}}},{"from":[7.1657143,11.482479,6.8426847],"to":[8.834286,13.151051,7.6769705],"rotation":{"angle":-22.5,"axis":"x","origin":[8.0,7.359888,9.8038845]},"faces":{"east":{"uv":[3.015,8.265,3.235,8.735],"rotation":0,"texture":"#0","tintindex":0},"south":{"uv":[3.515,8.015,3.985,8.485],"rotation":0,"texture":"#0","tintindex":0},"north":{"uv":[8.015,3.015,8.485,3.485],"rotation":0,"texture":"#0","tintindex":0},"west":{"uv":[8.765,2.265,8.985,2.735],"rotation":0,"texture":"#0","tintindex":0},"up":{"uv":[8.985,6.735,8.515,6.515],"rotation":0,"texture":"#0","tintindex":0},"down":{"uv":[9.235,3.015,8.765,3.235],"rotation":0,"texture":"#0","tintindex":0}}},{"from":[2.0883603,5.8917656,9.54943],"to":[5.4255033,9.228909,9.54943],"rotation":{"angle":22.5,"axis":"z","origin":[8.0,7.359888,9.8038845]},"faces":{"east":{"uv":[5.265,8.765,5.265,9.735],"rotation":0,"texture":"#0","tintindex":0},"south":{"uv":[2.015,5.515,2.985,6.485],"rotation":0,"texture":"#0","tintindex":0},"north":{"uv":[2.985,5.515,2.015,6.485],"rotation":0,"texture":"#0","tintindex":0},"west":{"uv":[8.765,4.765,8.765,5.735],"rotation":0,"texture":"#0","tintindex":0},"up":{"uv":[5.515,8.765,6.485,8.765],"rotation":0,"texture":"#0","tintindex":0},"down":{"uv":[8.765,6.015,9.735,6.015],"rotation":0,"texture":"#0","tintindex":0}}},{"from":[10.574497,5.8917656,9.54943],"to":[13.91164,9.228909,9.54943],"rotation":{"angle":-22.5,"axis":"z","origin":[8.0,7.359888,9.8038845]},"faces":{"east":{"uv":[8.765,4.765,8.765,5.735],"rotation":0,"texture":"#0","tintindex":0},"south":{"uv":[2.985,5.515,2.015,6.485],"rotation":0,"texture":"#0","tintindex":0},"north":{"uv":[2.015,5.515,2.985,6.485],"rotation":0,"texture":"#0","tintindex":0},"west":{"uv":[5.265,8.765,5.265,9.735],"rotation":0,"texture":"#0","tintindex":0},"up":{"uv":[6.485,8.765,5.515,8.765],"rotation":0,"texture":"#0","tintindex":0},"down":{"uv":[9.735,6.015,8.765,6.015],"rotation":0,"texture":"#0","tintindex":0}}}],"display":{"head":{"translation":[0.0,-6.4,0.0],"scale":[4.0,4.0,4.0]}}}