{"textures":{"0":"modelengine:entity/aerial_bunny"},"elements":[{"from":[8.329129,4.2323747,7.1657143],"to":[9.997701,6.735232,8.834286],"rotation":{"angle":-45.0,"axis":"z","origin":[10.643536,8.550328,10.318621]},"faces":{"east":{"uv":[2.015,7.265,2.485,7.985],"rotation":0,"texture":"#0","tintindex":0},"south":{"uv":[7.265,2.515,7.735,3.235],"rotation":0,"texture":"#0","tintindex":0},"north":{"uv":[7.265,1.515,7.735,2.235],"rotation":0,"texture":"#0","tintindex":0},"west":{"uv":[7.265,3.515,7.735,4.235],"rotation":0,"texture":"#0","tintindex":0},"up":{"uv":[8.485,1.985,8.015,1.515],"rotation":0,"texture":"#0","tintindex":0},"down":{"uv":[8.485,2.265,8.015,2.735],"rotation":0,"texture":"#0","tintindex":0}}}],"display":{"head":{"translation":[0.0,-6.4,0.0],"scale":[4.0,4.0,4.0]}}}