{"textures":{"0":"modelengine:entity/aerial_bunny"},"elements":[{"from":[4.6171427,7.582857,6.7485714],"to":[7.9542856,8.417143,9.251429],"rotation":{"angle":0.0,"axis":"y","origin":[16.714287,5.634903,8.880169]},"faces":{"east":{"uv":[8.265,0.515,8.985,0.735],"rotation":0,"texture":"#0","tintindex":0},"south":{"uv":[7.515,7.515,8.485,7.735],"rotation":0,"texture":"#0","tintindex":0},"north":{"uv":[7.515,7.015,8.485,7.235],"rotation":0,"texture":"#0","tintindex":0},"west":{"uv":[8.265,1.015,8.985,1.235],"rotation":0,"texture":"#0","tintindex":0},"up":{"uv":[6.985,5.235,6.015,4.515],"rotation":0,"texture":"#0","tintindex":0},"down":{"uv":[6.985,5.515,6.015,6.235],"rotation":0,"texture":"#0","tintindex":0}}}],"display":{"head":{"translation":[0.0,-6.4,0.0],"scale":[4.0,4.0,4.0]}}}