{"textures":{"0":"modelengine:entity/aerial_bunny"},"elements":[{"from":[2.2314281,7.582857,5.9142857],"to":[8.071428,8.417143,10.085714],"rotation":{"angle":0.0,"axis":"y","origin":[10.991428,5.634903,8.880169]},"faces":{"east":{"uv":[7.265,5.515,8.485,5.735],"rotation":0,"texture":"#0","tintindex":0},"south":{"uv":[3.265,7.015,4.985,7.235],"rotation":0,"texture":"#0","tintindex":0},"north":{"uv":[1.265,6.765,2.985,6.985],"rotation":0,"texture":"#0","tintindex":0},"west":{"uv":[7.265,6.015,8.485,6.235],"rotation":0,"texture":"#0","tintindex":0},"up":{"uv":[5.735,4.735,4.015,3.515],"rotation":0,"texture":"#0","tintindex":0},"down":{"uv":[5.735,5.015,4.015,6.235],"rotation":0,"texture":"#0","tintindex":0}}}],"display":{"head":{"translation":[0.0,-6.4,0.0],"scale":[4.0,4.0,4.0]}}}