{"textures":{"0":"modelengine:entity/aerial_bunny"},"elements":[{"from":[7.928571,7.582857,5.9142857],"to":[13.768572,8.417143,10.085714],"rotation":{"angle":0.0,"axis":"y","origin":[5.008571,5.634903,8.880169]},"faces":{"east":{"uv":[8.485,6.015,7.265,6.235],"rotation":0,"texture":"#0","tintindex":0},"south":{"uv":[4.985,7.015,3.265,7.235],"rotation":0,"texture":"#0","tintindex":0},"north":{"uv":[2.985,6.765,1.265,6.985],"rotation":0,"texture":"#0","tintindex":0},"west":{"uv":[8.485,5.515,7.265,5.735],"rotation":0,"texture":"#0","tintindex":0},"up":{"uv":[4.015,4.735,5.735,3.515],"rotation":0,"texture":"#0","tintindex":0},"down":{"uv":[4.015,5.015,5.735,6.235],"rotation":0,"texture":"#0","tintindex":0}}}],"display":{"head":{"translation":[0.0,-6.4,0.0],"scale":[4.0,4.0,4.0]}}}