{"textures":{"0":"modelengine:entity/aerial_bunny"},"elements":[{"from":[8.045714,7.582857,6.7485714],"to":[11.382857,8.417143,9.251429],"rotation":{"angle":0.0,"axis":"y","origin":[-0.71428585,5.634903,8.880169]},"faces":{"east":{"uv":[8.985,1.015,8.265,1.235],"rotation":0,"texture":"#0","tintindex":0},"south":{"uv":[8.485,7.515,7.515,7.735],"rotation":0,"texture":"#0","tintindex":0},"north":{"uv":[8.485,7.015,7.515,7.235],"rotation":0,"texture":"#0","tintindex":0},"west":{"uv":[8.985,0.515,8.265,0.735],"rotation":0,"texture":"#0","tintindex":0},"up":{"uv":[6.015,5.235,6.985,4.515],"rotation":0,"texture":"#0","tintindex":0},"down":{"uv":[6.015,5.515,6.985,6.235],"rotation":0,"texture":"#0","tintindex":0}}}],"display":{"head":{"translation":[0.0,-6.4,0.0],"scale":[4.0,4.0,4.0]}}}