{"textures":{"0":"modelengine:entity/aerial_bunny"},"elements":[{"from":[7.1657143,8.693066,9.203739],"to":[8.834286,10.361637,10.872311],"rotation":{"angle":45.0,"axis":"x","origin":[8.0,10.22035,6.6420546]},"faces":{"east":{"uv":[4.265,8.015,4.735,8.485],"rotation":0,"texture":"#0","tintindex":0},"south":{"uv":[5.015,8.015,5.485,8.485],"rotation":0,"texture":"#0","tintindex":0},"north":{"uv":[8.015,3.765,8.485,4.235],"rotation":0,"texture":"#0","tintindex":0},"west":{"uv":[5.765,8.015,6.235,8.485],"rotation":0,"texture":"#0","tintindex":0},"up":{"uv":[6.985,8.485,6.515,8.015],"rotation":0,"texture":"#0","tintindex":0},"down":{"uv":[7.735,8.015,7.265,8.485],"rotation":0,"texture":"#0","tintindex":0}}}],"display":{"head":{"translation":[0.0,-6.4,0.0],"scale":[4.0,4.0,4.0]}}}