{"textures":{"0":"modelengine:entity/aerial_bunny"},"elements":[{"from":[7.3742857,8.526493,9.003983],"to":[8.625714,9.777922,10.672554],"rotation":{"angle":22.5,"axis":"x","origin":[8.0,11.313428,5.633013]},"faces":{"east":{"uv":[1.515,8.265,1.985,8.625],"rotation":0,"texture":"#0","tintindex":0},"south":{"uv":[8.765,1.515,9.125,1.875],"rotation":0,"texture":"#0","tintindex":0},"north":{"uv":[0.765,8.765,1.125,9.125],"rotation":0,"texture":"#0","tintindex":0},"west":{"uv":[2.265,8.265,2.735,8.625],"rotation":0,"texture":"#0","tintindex":0},"up":{"uv":[8.375,8.985,8.015,8.515],"rotation":0,"texture":"#0","tintindex":0},"down":{"uv":[0.375,8.765,0.015,9.235],"rotation":0,"texture":"#0","tintindex":0}}},{"from":[7.582857,5.9520593,7.3480244],"to":[8.417143,6.786345,9.016596],"rotation":{"angle":-22.5,"axis":"x","origin":[8.0,11.313428,5.633013]},"faces":{"east":{"uv":[3.515,8.765,3.985,8.985],"rotation":0,"texture":"#0","tintindex":0},"south":{"uv":[4.765,8.765,4.985,8.985],"rotation":0,"texture":"#0","tintindex":0},"north":{"uv":[4.765,7.515,4.985,7.735],"rotation":0,"texture":"#0","tintindex":0},"west":{"uv":[8.765,3.515,9.235,3.735],"rotation":0,"texture":"#0","tintindex":0},"up":{"uv":[8.985,4.485,8.765,4.015],"rotation":0,"texture":"#0","tintindex":0},"down":{"uv":[4.485,8.765,4.265,9.235],"rotation":0,"texture":"#0","tintindex":0}}}],"display":{"head":{"translation":[0.0,-6.4,0.0],"scale":[4.0,4.0,4.0]}}}