{
	"parent": "builtin/generated",
	"textures": {
		"layer0": "weapons/1-plains/rare_shield"
	},
	"gui_light": "front",
	"display": {
		"thirdperson_righthand": {
			"rotation": [90, 90, 0],
			"translation": [2.5, 0, 0]
		},
		"thirdperson_lefthand": {
			"rotation": [90, 90, 0],
			"translation": [2.25, 0, 0]
		},
		"firstperson_righthand": {
			"translation": [8, -3, -6],
			"scale": [1.3, 1.3, 1]
		},
		"firstperson_lefthand": {
			"translation": [8, -2, -6],
			"scale": [1.3, 1.3, 1]
		},
		"ground": {
			"translation": [0, 2, 0],
			"scale": [1, 1, 0.5]
		},
		"head": {
			"rotation": [0, 180, 0],
			"translation": [0, -17, 6.5],
			"scale": [1.3, 1.3, 1]
		},
		"fixed": {
			"rotation": [0, 180, 0]
		}
	}
}