{
	"parent": "builtin/generated",
	"textures": {
		"layer0": "weapons/1-plains/rare_axe"
	},
	"gui_light": "front",
	"display": {
		"thirdperson_righthand": {
			"rotation": [0, -90, 45],
			"translation": [0, 13, 1.75],
			"scale": [1.7, 1.7, 0.85]
		},
		"thirdperson_lefthand": {
			"rotation": [0, 90, -45],
			"translation": [0, 13, 1.75],
			"scale": [1.7, 1.7, 0.85]
		},
		"firstperson_righthand": {
			"rotation": [0, -90, 33],
			"translation": [2.5, 10, 2],
			"scale": [1.36, 1.36, 0.68]
		},
		"firstperson_lefthand": {
			"rotation": [0, 90, -33],
			"translation": [2.5, 10, 2],
			"scale": [1.36, 1.36, 0.68]
		},
		"ground": {
			"translation": [0, 2, 0],
			"scale": [1, 1, 0.5]
		},
		"gui": {
			"translation": [4.25, 4.25, 0],
			"scale": [1.5, 1.5, 1]
		},
		"head": {
			"rotation": [0, 180, 0],
			"translation": [-4.5, -8.75, 7],
			"scale": [2, 2, 1]
		},
		"fixed": {
			"rotation": [0, 180, 0],
			"translation": [-4.25, 4.25, 0],
			"scale": [1.5, 1.5, 1]
		}
	}
}