{"textures":{"0":"modelengine:entity/cat_bowl"},"elements":[{"from":[6.2578287,7.1289144,6.2578287],"to":[9.742171,8.871086,9.742171],"rotation":{"angle":0.0,"axis":"y","origin":[8.0,8.0,8.0]},"faces":{"east":{"uv":[5.0,3.0,9.0,5.0],"rotation":0,"texture":"#0","tintindex":0},"south":{"uv":[5.0,6.0,9.0,8.0],"rotation":0,"texture":"#0","tintindex":0},"north":{"uv":[5.0,0.0,9.0,2.0],"rotation":0,"texture":"#0","tintindex":0},"west":{"uv":[5.0,9.0,9.0,11.0],"rotation":0,"texture":"#0","tintindex":0},"up":{"uv":[4.0,4.0,0.0,0.0],"rotation":0,"texture":"#0","tintindex":0},"down":{"uv":[4.0,5.0,0.0,9.0],"rotation":0,"texture":"#0","tintindex":0}}}],"display":{"head":{"translation":[0.0,-6.4,0.0],"scale":[4.0,4.0,4.0]}}}