{
	"credit": "Made with Blockbench",
	"texture_size": [64, 64],
	"textures": {
		"0": "boss/cizha/cizha_bow",
		"particle": "boss/cizha/cizha_bow"
	},
	"elements": [
		{
			"from": [7.02, 4, 8.45628],
			"to": [9.02, 12, 10.45628],
			"rotation": {"angle": 0, "axis": "y", "origin": [8.045, 8, 3.3]},
			"faces": {
				"north": {"uv": [4.75, 0, 5.25, 2], "texture": "#0"},
				"east": {"uv": [5.25, 0, 4.75, 2], "texture": "#0"},
				"south": {"uv": [5.25, 0, 4.75, 2], "texture": "#0"},
				"west": {"uv": [4.75, 0, 5.25, 2], "texture": "#0"},
				"up": {"uv": [5.25, 6.5, 4.75, 6], "texture": "#0"},
				"down": {"uv": [5.25, 6, 4.75, 6.5], "texture": "#0"}
			}
		},
		{
			"from": [6.5, 17.67137, 15.54233],
			"to": [9.5, 20.67137, 18.54233],
			"rotation": {"angle": -22.5, "axis": "x", "origin": [8.045, 8, 3.3]},
			"faces": {
				"north": {"uv": [5.75, 2.5, 6.5, 3.25], "texture": "#0"},
				"east": {"uv": [6.5, 4.75, 5.75, 5.5], "texture": "#0"},
				"south": {"uv": [6.5, 2.5, 5.75, 3.25], "texture": "#0"},
				"west": {"uv": [5.75, 4.75, 6.5, 5.5], "texture": "#0"},
				"up": {"uv": [6, 0.75, 6.75, 0], "texture": "#0"},
				"down": {"uv": [6.75, 0, 6, 0.75], "texture": "#0"}
			}
		},
		{
			"from": [6.5, 5.51005, 9.15391],
			"to": [9.5, 8.51005, 12.15391],
			"rotation": {"angle": -45, "axis": "x", "origin": [8.045, 8, 3.3]},
			"faces": {
				"north": {"uv": [5.75, 2.5, 6.5, 3.25], "texture": "#0"},
				"east": {"uv": [6.5, 4.75, 5.75, 5.5], "texture": "#0"},
				"south": {"uv": [6.5, 2.5, 5.75, 3.25], "texture": "#0"},
				"west": {"uv": [5.75, 4.75, 6.5, 5.5], "texture": "#0"},
				"up": {"uv": [6.75, 0.75, 6, 0], "texture": "#0"},
				"down": {"uv": [6.75, 0, 6, 0.75], "texture": "#0"}
			}
		},
		{
			"from": [6, 12.87964, 3.7799],
			"to": [10, 15.87964, 6.7799],
			"rotation": {"angle": 45, "axis": "x", "origin": [8.045, 8, 3.3]},
			"faces": {
				"north": {"uv": [5.75, 0.75, 6.75, 1.5], "texture": "#0"},
				"east": {"uv": [6.75, 6.25, 6, 7], "texture": "#0"},
				"south": {"uv": [6.75, 0.75, 5.75, 1.5], "texture": "#0"},
				"west": {"uv": [6, 6.25, 6.75, 7], "texture": "#0"},
				"up": {"uv": [6.75, 0.75, 5.75, 1.5], "texture": "#0"},
				"down": {"uv": [6.75, 1.5, 5.75, 0.75], "texture": "#0"}
			}
		},
		{
			"from": [6.05, 16.68213, 14.50741],
			"to": [10.05, 19.68213, 17.50741],
			"rotation": {"angle": -22.5, "axis": "x", "origin": [8.045, 8, 3.3]},
			"faces": {
				"north": {"uv": [5.75, 0.75, 6.75, 1.5], "texture": "#0"},
				"east": {"uv": [6.75, 6.25, 6, 7], "texture": "#0"},
				"south": {"uv": [6.75, 0.75, 5.75, 1.5], "texture": "#0"},
				"west": {"uv": [6, 6.25, 6.75, 7], "texture": "#0"},
				"up": {"uv": [6.75, 0.75, 5.75, 1.5], "texture": "#0"},
				"down": {"uv": [6.75, 1.5, 5.75, 0.75], "texture": "#0"}
			}
		},
		{
			"from": [7.03, 5.52111, 9.14105],
			"to": [9.03, 10.52111, 11.14105],
			"rotation": {"angle": -45, "axis": "x", "origin": [8.045, 8, 3.3]},
			"faces": {
				"north": {"uv": [4.25, 5.5, 3.75, 6.75], "texture": "#0"},
				"east": {"uv": [4.25, 5.5, 3.75, 6.75], "texture": "#0"},
				"south": {"uv": [3.75, 5.5, 4.25, 6.75], "texture": "#0"},
				"west": {"uv": [3.75, 5.5, 4.25, 6.75], "texture": "#0"},
				"up": {"uv": [2.25, 7.75, 1.75, 7.25], "texture": "#0"},
				"down": {"uv": [2.25, 7.25, 1.75, 7.75], "texture": "#0"}
			}
		},
		{
			"from": [6.94, 11.77549, -0.33428],
			"to": [9.14, 24.77549, 1.66572],
			"rotation": {"angle": 45, "axis": "x", "origin": [8.045, 8, 3.3]},
			"faces": {
				"north": {"uv": [0, 2, 0.5, 5.25], "texture": "#0"},
				"east": {"uv": [2, 2, 1.5, 5.25], "texture": "#0"},
				"south": {"uv": [1, 2, 1.5, 5.25], "texture": "#0"},
				"west": {"uv": [1.5, 2, 2, 5.25], "texture": "#0"},
				"up": {"uv": [7.75, 3.5, 7.25, 3], "texture": "#0"},
				"down": {"uv": [7.75, 3, 7.25, 3.5], "texture": "#0"}
			}
		},
		{
			"from": [7.04, 14.19503, 3.0132],
			"to": [9.04, 25.19503, 5.0132],
			"rotation": {"angle": 22.5, "axis": "x", "origin": [8.045, 8, 3.3]},
			"faces": {
				"north": {"uv": [3.25, 2, 3.75, 4.75], "texture": "#0"},
				"east": {"uv": [4.75, 0, 4.25, 2.75], "texture": "#0"},
				"south": {"uv": [3.75, 2, 3.25, 4.75], "texture": "#0"},
				"west": {"uv": [4.25, 0, 4.75, 2.75], "texture": "#0"},
				"up": {"uv": [7.75, 2.5, 7.25, 2], "texture": "#0"},
				"down": {"uv": [7.75, 2, 7.25, 2.5], "texture": "#0"}
			}
		},
		{
			"from": [8.04, 6.77549, -5.33428],
			"to": [8.14, 14.77549, 1.66572],
			"rotation": {"angle": 45, "axis": "x", "origin": [8.045, 8, 3.3]},
			"faces": {
				"north": {"uv": [3.5, 0, 3.75, 2], "texture": "#0"},
				"east": {"uv": [3.5, 0, 1.75, 2], "texture": "#0"},
				"south": {"uv": [2.75, 6.5, 3, 8.5], "texture": "#0"},
				"west": {"uv": [1.75, 0, 3.5, 2], "texture": "#0"},
				"up": {"uv": [5.75, 8.25, 5.5, 6.5], "texture": "#0"},
				"down": {"uv": [6, 6.5, 5.75, 8.25], "texture": "#0"}
			}
		},
		{
			"from": [6.59, 14.77549, -0.78428],
			"to": [9.59, 16.77549, 2.21572],
			"rotation": {"angle": 45, "axis": "x", "origin": [8.045, 8, 3.3]},
			"faces": {
				"north": {"uv": [6.75, 0.5, 7.5, 1], "texture": "#0"},
				"east": {"uv": [7.5, 1.5, 6.75, 2], "texture": "#0"},
				"south": {"uv": [7.5, 0.5, 6.75, 1], "texture": "#0"},
				"west": {"uv": [6.75, 1.5, 7.5, 2], "texture": "#0"},
				"up": {"uv": [7.25, 4.5, 6.5, 3.75], "texture": "#0"},
				"down": {"uv": [7.25, 3.75, 6.5, 4.5], "texture": "#0"}
			}
		},
		{
			"from": [6.59, -0.77549, -0.78428],
			"to": [9.59, 1.22451, 2.21572],
			"rotation": {"angle": -45, "axis": "x", "origin": [8.045, 8, 3.3]},
			"faces": {
				"north": {"uv": [6.75, 1, 7.5, 0.5], "texture": "#0"},
				"east": {"uv": [7.5, 2, 6.75, 1.5], "texture": "#0"},
				"south": {"uv": [7.5, 1, 6.75, 0.5], "texture": "#0"},
				"west": {"uv": [6.75, 2, 7.5, 1.5], "texture": "#0"},
				"up": {"uv": [7.25, 4.5, 6.5, 3.75], "texture": "#0"},
				"down": {"uv": [7.25, 3.75, 6.5, 4.5], "texture": "#0"}
			}
		},
		{
			"from": [6.55, 15.62549, 17.70046],
			"to": [9.55, 17.62549, 20.70046],
			"rotation": {"angle": -45, "axis": "x", "origin": [8.045, 8, 3.3]},
			"faces": {
				"north": {"uv": [6.75, 0, 7.5, 0.5], "texture": "#0"},
				"east": {"uv": [7.5, 1, 6.75, 1.5], "texture": "#0"},
				"south": {"uv": [7.5, 0, 6.75, 0.5], "texture": "#0"},
				"west": {"uv": [6.75, 1, 7.5, 1.5], "texture": "#0"},
				"up": {"uv": [7.25, 3.75, 6.5, 3], "texture": "#0"},
				"down": {"uv": [7.25, 3, 6.5, 3.75], "texture": "#0"}
			}
		},
		{
			"from": [7.95, 7.6, 12.75],
			"to": [8.05, 19.1, 13.75],
			"rotation": {"angle": 0, "axis": "y", "origin": [8.045, 8, 3.3]},
			"faces": {
				"north": {"uv": [3.5, 4.75, 3.75, 7.75], "texture": "#0"},
				"east": {"uv": [0.5, 5.25, 0.25, 8.25], "texture": "#0"},
				"south": {"uv": [5.25, 0, 5.5, 3], "texture": "#0"},
				"west": {"uv": [0.25, 5.25, 0.5, 8.25], "texture": "#0"},
				"up": {"uv": [3.25, 4.75, 3, 4.5], "texture": "#0"},
				"down": {"uv": [5.75, 2.5, 5.5, 2.75], "texture": "#0"}
			}
		},
		{
			"from": [7, 12.02549, 18.25046],
			"to": [9, 19.52549, 20.25046],
			"rotation": {"angle": -45, "axis": "x", "origin": [8.045, 8, 3.3]},
			"faces": {
				"north": {"uv": [4.75, 2, 5.25, 4], "texture": "#0"},
				"east": {"uv": [4.75, 4.75, 4.25, 6.75], "texture": "#0"},
				"south": {"uv": [5.25, 2, 4.75, 4], "texture": "#0"},
				"west": {"uv": [4.25, 4.75, 4.75, 6.75], "texture": "#0"},
				"up": {"uv": [7.75, 4, 7.25, 3.5], "texture": "#0"},
				"down": {"uv": [7.75, 3.5, 7.25, 4], "texture": "#0"}
			}
		},
		{
			"from": [7, 5.12549, 17.05046],
			"to": [9, 10.62549, 19.05046],
			"rotation": {"angle": -45, "axis": "x", "origin": [8.045, 8, 3.3]},
			"faces": {
				"north": {"uv": [0.5, 5.25, 1, 6.75], "texture": "#0"},
				"east": {"uv": [5.75, 3, 5.25, 4.5], "texture": "#0"},
				"south": {"uv": [1.5, 5.25, 2, 6.75], "texture": "#0"},
				"west": {"uv": [5.25, 3, 5.75, 4.5], "texture": "#0"},
				"up": {"uv": [7.75, 4.5, 7.25, 4], "texture": "#0"},
				"down": {"uv": [7.75, 4, 7.25, 4.5], "texture": "#0"}
			}
		},
		{
			"from": [7.95, 25.25338, 3.68917],
			"to": [8.05, 30.25338, 8.68917],
			"rotation": {"angle": 0, "axis": "x", "origin": [8.045, 8, 3.3]},
			"faces": {
				"north": {"uv": [3, 6.75, 3.25, 8], "texture": "#0"},
				"east": {"uv": [3.25, 3.25, 2, 4.5], "texture": "#0"},
				"south": {"uv": [3.25, 6.75, 3.5, 8], "texture": "#0"},
				"west": {"uv": [2, 3.25, 3.25, 4.5], "texture": "#0"},
				"up": {"uv": [4.75, 8, 4.5, 6.75], "texture": "#0"},
				"down": {"uv": [0.75, 7.25, 0.5, 8.5], "texture": "#0"}
			}
		},
		{
			"from": [6.5, 26.25338, 5.68917],
			"to": [9.5, 28.25338, 7.68917],
			"rotation": {"angle": 0, "axis": "x", "origin": [8.045, 8, 3.3]},
			"faces": {
				"north": {"uv": [6.75, 5.75, 7.5, 6.25], "texture": "#0"},
				"east": {"uv": [7.25, 7.25, 6.75, 7.75], "texture": "#0"},
				"south": {"uv": [7.5, 5.75, 6.75, 6.25], "texture": "#0"},
				"west": {"uv": [6.75, 7.25, 7.25, 7.75], "texture": "#0"},
				"up": {"uv": [6.75, 7.5, 6, 7], "texture": "#0"},
				"down": {"uv": [6.75, 7, 6, 7.5], "texture": "#0"}
			}
		},
		{
			"from": [6.5, -12.25338, 5.68917],
			"to": [9.5, -10.25338, 7.68917],
			"rotation": {"angle": 0, "axis": "x", "origin": [8.045, 8, 3.3]},
			"faces": {
				"north": {"uv": [6.75, 6.25, 7.5, 5.75], "texture": "#0"},
				"east": {"uv": [7.25, 7.75, 6.75, 7.25], "texture": "#0"},
				"south": {"uv": [7.5, 6.25, 6.75, 5.75], "texture": "#0"},
				"west": {"uv": [6.75, 7.75, 7.25, 7.25], "texture": "#0"},
				"up": {"uv": [6.75, 7.5, 6, 7], "texture": "#0"},
				"down": {"uv": [6.75, 7, 6, 7.5], "texture": "#0"}
			}
		},
		{
			"from": [6.5, -4.67137, 15.54233],
			"to": [9.5, -1.67137, 18.54233],
			"rotation": {"angle": 22.5, "axis": "x", "origin": [8.045, 8, 3.3]},
			"faces": {
				"north": {"uv": [5.75, 3.25, 6.5, 2.5], "texture": "#0"},
				"east": {"uv": [6.5, 5.5, 5.75, 4.75], "texture": "#0"},
				"south": {"uv": [6.5, 3.25, 5.75, 2.5], "texture": "#0"},
				"west": {"uv": [5.75, 5.5, 6.5, 4.75], "texture": "#0"},
				"up": {"uv": [6.75, 0.75, 6, 0], "texture": "#0"},
				"down": {"uv": [6, 0, 6.75, 0.75], "texture": "#0"}
			}
		},
		{
			"from": [6.5, 7.48995, 9.15391],
			"to": [9.5, 10.48995, 12.15391],
			"rotation": {"angle": 45, "axis": "x", "origin": [8.045, 8, 3.3]},
			"faces": {
				"north": {"uv": [5.75, 3.25, 6.5, 2.5], "texture": "#0"},
				"east": {"uv": [6.5, 5.5, 5.75, 4.75], "texture": "#0"},
				"south": {"uv": [6.5, 3.25, 5.75, 2.5], "texture": "#0"},
				"west": {"uv": [5.75, 5.5, 6.5, 4.75], "texture": "#0"},
				"up": {"uv": [6.75, 0.75, 6, 0], "texture": "#0"},
				"down": {"uv": [6.75, 0, 6, 0.75], "texture": "#0"}
			}
		},
		{
			"from": [6, 0.12036, 3.7799],
			"to": [10, 3.12036, 6.7799],
			"rotation": {"angle": -45, "axis": "x", "origin": [8.045, 8, 3.3]},
			"faces": {
				"north": {"uv": [5.75, 1.5, 6.75, 0.75], "texture": "#0"},
				"east": {"uv": [6.75, 7, 6, 6.25], "texture": "#0"},
				"south": {"uv": [6.75, 1.5, 5.75, 0.75], "texture": "#0"},
				"west": {"uv": [6, 7, 6.75, 6.25], "texture": "#0"},
				"up": {"uv": [6.75, 0.75, 5.75, 1.5], "texture": "#0"},
				"down": {"uv": [6.75, 1.5, 5.75, 0.75], "texture": "#0"}
			}
		},
		{
			"from": [6.05, -3.68213, 14.50741],
			"to": [10.05, -0.68213, 17.50741],
			"rotation": {"angle": 22.5, "axis": "x", "origin": [8.045, 8, 3.3]},
			"faces": {
				"north": {"uv": [5.75, 1.5, 6.75, 0.75], "texture": "#0"},
				"east": {"uv": [6.75, 7, 6, 6.25], "texture": "#0"},
				"south": {"uv": [6.75, 1.5, 5.75, 0.75], "texture": "#0"},
				"west": {"uv": [6, 7, 6.75, 6.25], "texture": "#0"},
				"up": {"uv": [6.75, 0.75, 5.75, 1.5], "texture": "#0"},
				"down": {"uv": [6.75, 1.5, 5.75, 0.75], "texture": "#0"}
			}
		},
		{
			"from": [7.03, 5.47889, 9.14105],
			"to": [9.03, 10.47889, 11.14105],
			"rotation": {"angle": 45, "axis": "x", "origin": [8.045, 8, 3.3]},
			"faces": {
				"north": {"uv": [4.25, 6.75, 3.75, 5.5], "texture": "#0"},
				"east": {"uv": [4.25, 6.75, 3.75, 5.5], "texture": "#0"},
				"south": {"uv": [3.75, 6.75, 4.25, 5.5], "texture": "#0"},
				"west": {"uv": [3.75, 6.75, 4.25, 5.5], "texture": "#0"},
				"up": {"uv": [2.25, 7.75, 1.75, 7.25], "texture": "#0"},
				"down": {"uv": [2.25, 7.25, 1.75, 7.75], "texture": "#0"}
			}
		},
		{
			"from": [6.94, -8.77549, -0.33428],
			"to": [9.14, 4.22451, 1.66572],
			"rotation": {"angle": -45, "axis": "x", "origin": [8.045, 8, 3.3]},
			"faces": {
				"north": {"uv": [0, 5.25, 0.5, 2], "texture": "#0"},
				"east": {"uv": [2, 5.25, 1.5, 2], "texture": "#0"},
				"south": {"uv": [1, 5.25, 1.5, 2], "texture": "#0"},
				"west": {"uv": [1.5, 5.25, 2, 2], "texture": "#0"},
				"up": {"uv": [7.75, 3.5, 7.25, 3], "texture": "#0"},
				"down": {"uv": [7.75, 3, 7.25, 3.5], "texture": "#0"}
			}
		},
		{
			"from": [7.04, -9.19503, 3.0132],
			"to": [9.04, 1.80497, 5.0132],
			"rotation": {"angle": -22.5, "axis": "x", "origin": [8.045, 8, 3.3]},
			"faces": {
				"north": {"uv": [3.25, 4.75, 3.75, 2], "texture": "#0"},
				"east": {"uv": [4.75, 2.75, 4.25, 0], "texture": "#0"},
				"south": {"uv": [3.75, 4.75, 3.25, 2], "texture": "#0"},
				"west": {"uv": [4.25, 2.75, 4.75, 0], "texture": "#0"},
				"up": {"uv": [7.75, 2.5, 7.25, 2], "texture": "#0"},
				"down": {"uv": [7.75, 2, 7.25, 2.5], "texture": "#0"}
			}
		},
		{
			"from": [8.04, 1.22451, -5.33428],
			"to": [8.14, 9.22451, 1.66572],
			"rotation": {"angle": -45, "axis": "x", "origin": [8.045, 8, 3.3]},
			"faces": {
				"north": {"uv": [3.5, 2, 3.75, 0], "texture": "#0"},
				"east": {"uv": [3.5, 2, 1.75, 0], "texture": "#0"},
				"south": {"uv": [2.75, 8.5, 3, 6.5], "texture": "#0"},
				"west": {"uv": [1.75, 2, 3.5, 0], "texture": "#0"},
				"up": {"uv": [6, 8.25, 5.75, 6.5], "texture": "#0"},
				"down": {"uv": [5.75, 6.5, 5.5, 8.25], "texture": "#0"}
			}
		},
		{
			"from": [6.55, -1.62549, 17.70046],
			"to": [9.55, 0.37451, 20.70046],
			"rotation": {"angle": 45, "axis": "x", "origin": [8.045, 8, 3.3]},
			"faces": {
				"north": {"uv": [6.75, 0.5, 7.5, 0], "texture": "#0"},
				"east": {"uv": [7.5, 1.5, 6.75, 1], "texture": "#0"},
				"south": {"uv": [7.5, 0.5, 6.75, 0], "texture": "#0"},
				"west": {"uv": [6.75, 1.5, 7.5, 1], "texture": "#0"},
				"up": {"uv": [7.25, 3.75, 6.5, 3], "texture": "#0"},
				"down": {"uv": [7.25, 3, 6.5, 3.75], "texture": "#0"}
			}
		},
		{
			"from": [7.95, -3.1, 12.75],
			"to": [8.05, 8.4, 13.75],
			"rotation": {"angle": 0, "axis": "y", "origin": [8.045, 8, 3.3]},
			"faces": {
				"north": {"uv": [3.5, 7.75, 3.75, 4.75], "texture": "#0"},
				"east": {"uv": [0.5, 8.25, 0.25, 5.25], "texture": "#0"},
				"south": {"uv": [5.25, 3, 5.5, 0], "texture": "#0"},
				"west": {"uv": [0.25, 8.25, 0.5, 5.25], "texture": "#0"},
				"up": {"uv": [5.75, 2.75, 5.5, 2.5], "texture": "#0"},
				"down": {"uv": [3.25, 4.5, 3, 4.75], "texture": "#0"}
			}
		},
		{
			"from": [7, -3.52549, 18.25046],
			"to": [9, 3.97451, 20.25046],
			"rotation": {"angle": 45, "axis": "x", "origin": [8.045, 8, 3.3]},
			"faces": {
				"north": {"uv": [4.75, 4, 5.25, 2], "texture": "#0"},
				"east": {"uv": [4.75, 6.75, 4.25, 4.75], "texture": "#0"},
				"south": {"uv": [5.25, 4, 4.75, 2], "texture": "#0"},
				"west": {"uv": [4.25, 6.75, 4.75, 4.75], "texture": "#0"},
				"up": {"uv": [7.75, 4, 7.25, 3.5], "texture": "#0"},
				"down": {"uv": [7.75, 3.5, 7.25, 4], "texture": "#0"}
			}
		},
		{
			"from": [7, 5.37451, 17.05046],
			"to": [9, 10.87451, 19.05046],
			"rotation": {"angle": 45, "axis": "x", "origin": [8.045, 8, 3.3]},
			"faces": {
				"north": {"uv": [0.5, 6.75, 1, 5.25], "texture": "#0"},
				"east": {"uv": [5.75, 4.5, 5.25, 3], "texture": "#0"},
				"south": {"uv": [1.5, 6.75, 2, 5.25], "texture": "#0"},
				"west": {"uv": [5.25, 4.5, 5.75, 3], "texture": "#0"},
				"up": {"uv": [7.75, 4.5, 7.25, 4], "texture": "#0"},
				"down": {"uv": [7.75, 4, 7.25, 4.5], "texture": "#0"}
			}
		},
		{
			"from": [7.95, -14.25338, 3.68917],
			"to": [8.05, -9.25338, 8.68917],
			"rotation": {"angle": 0, "axis": "x", "origin": [8.045, 8, 3.3]},
			"faces": {
				"north": {"uv": [3, 8, 3.25, 6.75], "texture": "#0"},
				"east": {"uv": [3.25, 4.5, 2, 3.25], "texture": "#0"},
				"south": {"uv": [3.25, 8, 3.5, 6.75], "texture": "#0"},
				"west": {"uv": [2, 4.5, 3.25, 3.25], "texture": "#0"},
				"up": {"uv": [0.75, 8.5, 0.5, 7.25], "texture": "#0"},
				"down": {"uv": [4.75, 6.75, 4.5, 8], "texture": "#0"}
			}
		},
		{
			"from": [7.9, 7.5, -13.2],
			"to": [8.1, 8.5, 15.8],
			"rotation": {"angle": 0, "axis": "y", "origin": [8.045, 8, 3.3]},
			"faces": {
				"north": {"uv": [0, 1.25, 0.3, 1.5], "texture": "#0"},
				"east": {"uv": [7.25, 9.25, 0, 9.5], "texture": "#0"},
				"south": {"uv": [0, 1.25, 0.3, 1.5], "texture": "#0"},
				"west": {"uv": [0, 9.25, 7.25, 9.5], "texture": "#0"},
				"up": {"uv": [0, 1.25, 0.3, 2], "texture": "#0"},
				"down": {"uv": [0, 1.25, 0.3, 2], "texture": "#0"}
			}
		},
		{
			"from": [7.85, 6.5, -14.2],
			"to": [8.15, 9.5, -9.2],
			"rotation": {"angle": 0, "axis": "y", "origin": [8.045, 8, 3.3]},
			"faces": {
				"north": {"uv": [0, 1.25, 0.325, 2], "texture": "#0"},
				"east": {"uv": [1.75, 1.25, 0.5, 2], "texture": "#0"},
				"south": {"uv": [0, 1.25, 0.325, 2], "texture": "#0"},
				"west": {"uv": [0.5, 1.25, 1.75, 2], "texture": "#0"},
				"up": {"uv": [0, 1.25, 0.325, 2], "texture": "#0"},
				"down": {"uv": [0, 1.25, 0.325, 2], "texture": "#0"}
			}
		},
		{
			"from": [7.85, 5.5, 14.8],
			"to": [8.15, 10.5, 21.8],
			"rotation": {"angle": 0, "axis": "y", "origin": [8.045, 8, 3.3]},
			"faces": {
				"north": {"uv": [0, 1.25, 0.325, 2], "texture": "#0"},
				"east": {"uv": [1.75, 0, 0, 1.25], "texture": "#0"},
				"south": {"uv": [0, 1.25, 0.325, 2], "texture": "#0"},
				"west": {"uv": [0, 0, 1.75, 1.25], "texture": "#0"},
				"up": {"uv": [0, 1.25, 0.325, 2], "texture": "#0"},
				"down": {"uv": [0, 1.25, 0.325, 2], "texture": "#0"}
			}
		}
	],
	"display": {
		"thirdperson_righthand": {
			"rotation": [-2, -2, 0],
			"translation": [-1.25, -2, -0.5],
			"scale": [0.85, 0.85, 0.85]
		},
		"thirdperson_lefthand": {
			"translation": [-1.25, -2, -0.5],
			"scale": [0.85, 0.85, 0.85]
		},
		"firstperson_righthand": {
			"rotation": [18.05, -6.05, -6.31],
			"translation": [0.5, 5.75, -0.95],
			"scale": [0.8, 0.8, 0.8]
		},
		"firstperson_lefthand": {
			"rotation": [18.05, -6.05, -6.31],
			"translation": [0.5, 5.75, -0.95],
			"scale": [0.8, 0.8, 0.8]
		},
		"ground": {
			"translation": [0, 18.75, 0],
			"scale": [0.8, 0.8, 0.8]
		},
		"gui": {
			"rotation": [90, 45, -90],
			"scale": [0.42, 0.42, 0.42]
		},
		"head": {
			"rotation": [90, 45, -90],
			"translation": [1.25, -15.25, 4.5]
		},
		"fixed": {
			"rotation": [90, -45, 90],
			"translation": [0.75, 0.75, -0.25],
			"scale": [0.8, 0.8, 0.8]
		}
	},
	"groups": [
		{
			"name": "cizha_bow",
			"origin": [7.82, 10, 10.35628],
			"color": 0,
			"children": [0, 1, 2, 3, 4, 5, 6, 7, 8, 9, 10, 11, 12, 13, 14, 15, 16, 17, 18, 19, 20, 21, 22, 23, 24, 25, 26, 27, 28, 29, 30, 31, 32, 33]
		}
	]
}