{
	"credit": "Made with Blockbench",
	"texture_size": [128, 128],
	"textures": {
		"0": "boss/cizha/cizha_hat",
		"particle": "boss/cizha/cizha_hat"
	},
	"elements": [
		{
			"from": [-0.21061, 10.266, -1.35836],
			"to": [15.98939, 14.266, 14.84164],
			"rotation": {"angle": 0, "axis": "y", "origin": [7.9, 12.0915, 6.75]},
			"faces": {
				"north": {"uv": [6.75, 0, 8.75, 0.5], "texture": "#0"},
				"east": {"uv": [6.75, 0, 8.625, 0.5], "texture": "#0"},
				"south": {"uv": [8.75, 0, 6.75, 0.5], "texture": "#0"},
				"west": {"uv": [8.625, 0, 6.75, 0.5], "texture": "#0"},
				"up": {"uv": [4.75, 3.75, 2.75, 1.875], "texture": "#0"},
				"down": {"uv": [4.75, 1.875, 2.75, 3.75], "texture": "#0"}
			}
		},
		{
			"from": [-0.11061, -3.134, -1.25836],
			"to": [15.88939, 12.866, 14.74164],
			"rotation": {"angle": 0, "axis": "y", "origin": [7.9, 12.0915, 6.75]},
			"faces": {
				"north": {"uv": [4.75, 1.875, 6.75, 3.875], "texture": "#0"},
				"east": {"uv": [4.75, 3.875, 6.75, 5.875], "texture": "#0"},
				"south": {"uv": [4.75, 3.875, 6.75, 5.875], "texture": "#0"},
				"west": {"uv": [6.75, 3.875, 4.75, 5.875], "texture": "#0"},
				"up": {"uv": [6.75, 7.875, 4.75, 5.875], "texture": "#0"},
				"down": {"uv": [6.75, 5.875, 4.75, 7.875], "texture": "#0"}
			}
		},
		{
			"from": [-3.11061, 9.866, -4.35836],
			"to": [18.88939, 10.366, 17.64164],
			"rotation": {"angle": 0, "axis": "y", "origin": [7.9, 12.0915, 6.75]},
			"faces": {
				"north": {"uv": [6.75, 2, 9.5, 2.125], "texture": "#0"},
				"east": {"uv": [6.875, 2, 9.5, 2.125], "texture": "#0"},
				"south": {"uv": [6.75, 2, 9.5, 2.125], "texture": "#0"},
				"west": {"uv": [6.75, 2, 9.375, 2.125], "texture": "#0"},
				"up": {"uv": [2.75, 2.75, 0, 0], "texture": "#0"},
				"down": {"uv": [2.75, 0, 0, 2.75], "texture": "#0"}
			}
		},
		{
			"from": [6.38939, 14.166, 5.24164],
			"to": [9.38939, 21.166, 8.24164],
			"rotation": {"angle": 0, "axis": "y", "origin": [7.9, 12.0915, 6.75]},
			"faces": {
				"north": {"uv": [3.5, 5.625, 3.875, 6.5], "texture": "#0"},
				"east": {"uv": [3.5, 5.625, 3.875, 6.5], "texture": "#0"},
				"south": {"uv": [3.875, 5.625, 3.5, 6.5], "texture": "#0"},
				"west": {"uv": [3.5, 5.625, 3.875, 6.5], "texture": "#0"},
				"up": {"uv": [3.875, 6, 3.5, 5.625], "texture": "#0"},
				"down": {"uv": [3.875, 6.125, 3.5, 6.5], "texture": "#0"}
			}
		},
		{
			"from": [1.38939, 14.166, 6.74164],
			"to": [14.38939, 31.2, 6.84164],
			"rotation": {"angle": 0, "axis": "y", "origin": [7.9, 12.0915, 6.75]},
			"faces": {
				"north": {"uv": [0, 5.25, 1.625, 7.375], "texture": "#0"},
				"east": {"uv": [4.625, 5.625, 4.75, 7.75], "texture": "#0"},
				"south": {"uv": [1.625, 5.25, 0, 7.375], "texture": "#0"},
				"west": {"uv": [3.875, 6.5, 4, 8.625], "texture": "#0"},
				"up": {"uv": [8.375, 2.625, 6.75, 2.5], "texture": "#0"},
				"down": {"uv": [8.375, 2.625, 6.75, 2.75], "texture": "#0"}
			}
		},
		{
			"from": [16.44658, -5, 6.88985],
			"to": [27.44658, 8, 6.98985],
			"rotation": {"angle": 22.5, "axis": "y", "origin": [7.9, 12.0915, 6.75]},
			"faces": {
				"north": {"uv": [0.125, 2.75, 1.5, 4.375], "texture": "#0"},
				"east": {"uv": [0.7625, 10.25, 0, 12.125], "texture": "#0"},
				"south": {"uv": [1.5, 2.75, 0.125, 4.375], "texture": "#0"},
				"west": {"uv": [1.0125, 10.75, 0, 12.625], "texture": "#0"},
				"up": {"uv": [0, 12.6375, 1.5, 11.375], "texture": "#0"},
				"down": {"uv": [0, 12.6375, 1.5, 10.375], "texture": "#0"}
			}
		},
		{
			"from": [16.49278, -5, 6.49102],
			"to": [27.49278, 8, 6.59102],
			"rotation": {"angle": -22.5, "axis": "y", "origin": [7.9, 12.0915, 6.75]},
			"faces": {
				"north": {"uv": [0.125, 2.75, 1.5, 4.375], "texture": "#0"},
				"east": {"uv": [0, 10.25, 0.7625, 12.125], "texture": "#0"},
				"south": {"uv": [1.5, 2.75, 0.125, 4.375], "texture": "#0"},
				"west": {"uv": [0, 10.75, 1.0125, 12.625], "texture": "#0"},
				"up": {"uv": [0, 11.375, 1.5, 12.6375], "texture": "#0"},
				"down": {"uv": [0, 10.375, 1.5, 12.6375], "texture": "#0"}
			}
		},
		{
			"from": [16, -3.1, 6.8],
			"to": [27, 9.9, 6.9],
			"rotation": {"angle": 0, "axis": "y", "origin": [7.9, 11.9915, 6.75]},
			"faces": {
				"north": {"uv": [0.125, 2.75, 1.5, 4.375], "texture": "#0"},
				"east": {"uv": [0, 10.25, 0.7625, 12.125], "texture": "#0"},
				"south": {"uv": [1.5, 2.75, 0.125, 4.375], "texture": "#0"},
				"west": {"uv": [0, 10.75, 1.0125, 12.625], "texture": "#0"},
				"up": {"uv": [0, 11.375, 1.5, 12.6375], "texture": "#0"},
				"down": {"uv": [0, 10.375, 1.5, 12.6375], "texture": "#0"}
			}
		},
		{
			"from": [-11.2, -3.1, 6.8],
			"to": [-0.2, 9.9, 6.9],
			"rotation": {"angle": 0, "axis": "y", "origin": [7.9, 11.9915, 6.75]},
			"faces": {
				"north": {"uv": [1.5, 2.75, 0.125, 4.375], "texture": "#0"},
				"east": {"uv": [1.0125, 10.75, 0, 12.625], "texture": "#0"},
				"south": {"uv": [0.125, 2.75, 1.5, 4.375], "texture": "#0"},
				"west": {"uv": [0.7625, 10.25, 0, 12.125], "texture": "#0"},
				"up": {"uv": [1.5, 11.375, 0, 12.6375], "texture": "#0"},
				"down": {"uv": [1.5, 10.375, 0, 12.6375], "texture": "#0"}
			}
		},
		{
			"from": [-11.64658, -5, 6.88985],
			"to": [-0.64658, 8, 6.98985],
			"rotation": {"angle": -22.5, "axis": "y", "origin": [7.9, 12.0915, 6.75]},
			"faces": {
				"north": {"uv": [1.5, 2.75, 0.125, 4.375], "texture": "#0"},
				"east": {"uv": [0, 10.75, 1.0125, 12.625], "texture": "#0"},
				"south": {"uv": [0.125, 2.75, 1.5, 4.375], "texture": "#0"},
				"west": {"uv": [0, 10.25, 0.7625, 12.125], "texture": "#0"},
				"up": {"uv": [1.5, 12.6375, 0, 11.375], "texture": "#0"},
				"down": {"uv": [1.5, 12.6375, 0, 10.375], "texture": "#0"}
			}
		},
		{
			"from": [-11.69278, -5, 6.49102],
			"to": [-0.69278, 8, 6.59102],
			"rotation": {"angle": 22.5, "axis": "y", "origin": [7.9, 12.0915, 6.75]},
			"faces": {
				"north": {"uv": [1.5, 2.75, 0.125, 4.375], "texture": "#0"},
				"east": {"uv": [1.0125, 10.75, 0, 12.625], "texture": "#0"},
				"south": {"uv": [0.125, 2.75, 1.5, 4.375], "texture": "#0"},
				"west": {"uv": [0.7625, 10.25, 0, 12.125], "texture": "#0"},
				"up": {"uv": [1.5, 11.375, 0, 12.6375], "texture": "#0"},
				"down": {"uv": [1.5, 10.375, 0, 12.6375], "texture": "#0"}
			}
		}
	],
	"display": {
		"thirdperson_righthand": {
			"scale": [0.5, 0.5, 0.5]
		},
		"thirdperson_lefthand": {
			"scale": [0.5, 0.5, 0.5]
		},
		"firstperson_righthand": {
			"scale": [0.5, 0.5, 0.5]
		},
		"firstperson_lefthand": {
			"scale": [0.5, 0.5, 0.5]
		},
		"ground": {
			"translation": [0, 10.25, 0],
			"scale": [0.75, 0.75, 0.75]
		},
		"gui": {
			"rotation": [158.17, -36.65, 156.02],
			"translation": [-0.75, 0.25, 0],
			"scale": [0.42, 0.42, 0.42]
		},
		"head": {
			"translation": [0, 1.75, 1.25]
		},
		"fixed": {
			"translation": [0, 2.5, -0.5]
		}
	},
	"groups": [
		{
			"name": "cizha_hat",
			"origin": [-0.1832, 8.99872, -1.86127],
			"color": 0,
			"children": [0, 1, 2, 3, 4, 5, 6, 7, 8, 9, 10]
		}
	]
}