{
	"credit": "Made with Blockbench",
	"texture_size": [64, 64],
	"textures": {
		"0": "boss/cizha/cizha_bow",
		"particle": "boss/cizha/cizha_bow"
	},
	"elements": [
		{
			"from": [7.02, 4, 8.45628],
			"to": [9.02, 12, 10.45628],
			"rotation": {"angle": 0, "axis": "y", "origin": [8.045, 8, 7.72514]},
			"faces": {
				"north": {"uv": [4.75, 0, 5.25, 2], "texture": "#0"},
				"east": {"uv": [5.25, 0, 4.75, 2], "texture": "#0"},
				"south": {"uv": [5.25, 0, 4.75, 2], "texture": "#0"},
				"west": {"uv": [4.75, 0, 5.25, 2], "texture": "#0"},
				"up": {"uv": [5.25, 6.5, 4.75, 6], "texture": "#0"},
				"down": {"uv": [5.25, 6, 4.75, 6.5], "texture": "#0"}
			}
		},
		{
			"from": [6.5, 19.3648, 15.87918],
			"to": [9.5, 22.3648, 18.87918],
			"rotation": {"angle": -22.5, "axis": "x", "origin": [8.045, 8, 7.72514]},
			"faces": {
				"north": {"uv": [5.75, 2.5, 6.5, 3.25], "texture": "#0"},
				"east": {"uv": [6.5, 4.75, 5.75, 5.5], "texture": "#0"},
				"south": {"uv": [6.5, 2.5, 5.75, 3.25], "texture": "#0"},
				"west": {"uv": [5.75, 4.75, 6.5, 5.5], "texture": "#0"},
				"up": {"uv": [6, 0.75, 6.75, 0], "texture": "#0"},
				"down": {"uv": [6.75, 0, 6, 0.75], "texture": "#0"}
			}
		},
		{
			"from": [6.5, 8.63909, 10.45001],
			"to": [9.5, 11.6391, 13.45001],
			"rotation": {"angle": -45, "axis": "x", "origin": [8.045, 8, 7.72514]},
			"faces": {
				"north": {"uv": [5.75, 2.5, 6.5, 3.25], "texture": "#0"},
				"east": {"uv": [6.5, 4.75, 5.75, 5.5], "texture": "#0"},
				"south": {"uv": [6.5, 2.5, 5.75, 3.25], "texture": "#0"},
				"west": {"uv": [5.75, 4.75, 6.5, 5.5], "texture": "#0"},
				"up": {"uv": [6.75, 0.75, 6, 0], "texture": "#0"},
				"down": {"uv": [6.75, 0, 6, 0.75], "texture": "#0"}
			}
		},
		{
			"from": [6, 9.7506, 5.076],
			"to": [10, 12.7506, 8.076],
			"rotation": {"angle": 45, "axis": "x", "origin": [8.045, 8, 7.72514]},
			"faces": {
				"north": {"uv": [5.75, 0.75, 6.75, 1.5], "texture": "#0"},
				"east": {"uv": [6.75, 6.25, 6, 7], "texture": "#0"},
				"south": {"uv": [6.75, 0.75, 5.75, 1.5], "texture": "#0"},
				"west": {"uv": [6, 6.25, 6.75, 7], "texture": "#0"},
				"up": {"uv": [6.75, 0.75, 5.75, 1.5], "texture": "#0"},
				"down": {"uv": [6.75, 1.5, 5.75, 0.75], "texture": "#0"}
			}
		},
		{
			"from": [6.05, 18.37556, 14.84425],
			"to": [10.05, 21.37556, 17.84425],
			"rotation": {"angle": -22.5, "axis": "x", "origin": [8.045, 8, 7.72514]},
			"faces": {
				"north": {"uv": [5.75, 0.75, 6.75, 1.5], "texture": "#0"},
				"east": {"uv": [6.75, 6.25, 6, 7], "texture": "#0"},
				"south": {"uv": [6.75, 0.75, 5.75, 1.5], "texture": "#0"},
				"west": {"uv": [6, 6.25, 6.75, 7], "texture": "#0"},
				"up": {"uv": [6.75, 0.75, 5.75, 1.5], "texture": "#0"},
				"down": {"uv": [6.75, 1.5, 5.75, 0.75], "texture": "#0"}
			}
		},
		{
			"from": [7.03, 8.65016, 10.43715],
			"to": [9.03, 13.65016, 12.43715],
			"rotation": {"angle": -45, "axis": "x", "origin": [8.045, 8, 7.72514]},
			"faces": {
				"north": {"uv": [4.25, 5.5, 3.75, 6.75], "texture": "#0"},
				"east": {"uv": [4.25, 5.5, 3.75, 6.75], "texture": "#0"},
				"south": {"uv": [3.75, 5.5, 4.25, 6.75], "texture": "#0"},
				"west": {"uv": [3.75, 5.5, 4.25, 6.75], "texture": "#0"},
				"up": {"uv": [2.25, 7.75, 1.75, 7.25], "texture": "#0"},
				"down": {"uv": [2.25, 7.25, 1.75, 7.75], "texture": "#0"}
			}
		},
		{
			"from": [6.94, 8.64645, 0.96182],
			"to": [9.14, 21.64645, 2.96182],
			"rotation": {"angle": 45, "axis": "x", "origin": [8.045, 8, 7.72514]},
			"faces": {
				"north": {"uv": [0, 2, 0.5, 5.25], "texture": "#0"},
				"east": {"uv": [2, 2, 1.5, 5.25], "texture": "#0"},
				"south": {"uv": [1, 2, 1.5, 5.25], "texture": "#0"},
				"west": {"uv": [1.5, 2, 2, 5.25], "texture": "#0"},
				"up": {"uv": [7.75, 3.5, 7.25, 3], "texture": "#0"},
				"down": {"uv": [7.75, 3, 7.25, 3.5], "texture": "#0"}
			}
		},
		{
			"from": [7.04, 12.5016, 3.35005],
			"to": [9.04, 23.5016, 5.35005],
			"rotation": {"angle": 22.5, "axis": "x", "origin": [8.045, 8, 7.72514]},
			"faces": {
				"north": {"uv": [3.25, 2, 3.75, 4.75], "texture": "#0"},
				"east": {"uv": [4.75, 0, 4.25, 2.75], "texture": "#0"},
				"south": {"uv": [3.75, 2, 3.25, 4.75], "texture": "#0"},
				"west": {"uv": [4.25, 0, 4.75, 2.75], "texture": "#0"},
				"up": {"uv": [7.75, 2.5, 7.25, 2], "texture": "#0"},
				"down": {"uv": [7.75, 2, 7.25, 2.5], "texture": "#0"}
			}
		},
		{
			"from": [8.04, 3.64645, -4.03818],
			"to": [8.14, 11.64645, 2.96182],
			"rotation": {"angle": 45, "axis": "x", "origin": [8.045, 8, 7.72514]},
			"faces": {
				"north": {"uv": [3.5, 0, 3.75, 2], "texture": "#0"},
				"east": {"uv": [3.5, 0, 1.75, 2], "texture": "#0"},
				"south": {"uv": [2.75, 6.5, 3, 8.5], "texture": "#0"},
				"west": {"uv": [1.75, 0, 3.5, 2], "texture": "#0"},
				"up": {"uv": [5.75, 8.25, 5.5, 6.5], "texture": "#0"},
				"down": {"uv": [6, 6.5, 5.75, 8.25], "texture": "#0"}
			}
		},
		{
			"from": [6.59, 11.64645, 0.51182],
			"to": [9.59, 13.64645, 3.51182],
			"rotation": {"angle": 45, "axis": "x", "origin": [8.045, 8, 7.72514]},
			"faces": {
				"north": {"uv": [6.75, 0.5, 7.5, 1], "texture": "#0"},
				"east": {"uv": [7.5, 1.5, 6.75, 2], "texture": "#0"},
				"south": {"uv": [7.5, 0.5, 6.75, 1], "texture": "#0"},
				"west": {"uv": [6.75, 1.5, 7.5, 2], "texture": "#0"},
				"up": {"uv": [7.25, 4.5, 6.5, 3.75], "texture": "#0"},
				"down": {"uv": [7.25, 3.75, 6.5, 4.5], "texture": "#0"}
			}
		},
		{
			"from": [6.59, 2.35355, 0.51182],
			"to": [9.59, 4.35356, 3.51182],
			"rotation": {"angle": -45, "axis": "x", "origin": [8.045, 8, 7.72514]},
			"faces": {
				"north": {"uv": [6.75, 1, 7.5, 0.5], "texture": "#0"},
				"east": {"uv": [7.5, 2, 6.75, 1.5], "texture": "#0"},
				"south": {"uv": [7.5, 1, 6.75, 0.5], "texture": "#0"},
				"west": {"uv": [6.75, 2, 7.5, 1.5], "texture": "#0"},
				"up": {"uv": [7.25, 4.5, 6.5, 3.75], "texture": "#0"},
				"down": {"uv": [7.25, 3.75, 6.5, 4.5], "texture": "#0"}
			}
		},
		{
			"from": [6.55, 18.75454, 18.99656],
			"to": [9.55, 20.75454, 21.99656],
			"rotation": {"angle": -45, "axis": "x", "origin": [8.045, 8, 7.72514]},
			"faces": {
				"north": {"uv": [6.75, 0, 7.5, 0.5], "texture": "#0"},
				"east": {"uv": [7.5, 1, 6.75, 1.5], "texture": "#0"},
				"south": {"uv": [7.5, 0, 6.75, 0.5], "texture": "#0"},
				"west": {"uv": [6.75, 1, 7.5, 1.5], "texture": "#0"},
				"up": {"uv": [7.25, 3.75, 6.5, 3], "texture": "#0"},
				"down": {"uv": [7.25, 3, 6.5, 3.75], "texture": "#0"}
			}
		},
		{
			"from": [7.95, 7.6, 12.75],
			"to": [8.05, 19.1, 13.75],
			"rotation": {"angle": 0, "axis": "y", "origin": [8.045, 8, 7.72514]},
			"faces": {
				"north": {"uv": [3.5, 4.75, 3.75, 7.75], "texture": "#0"},
				"east": {"uv": [0.5, 5.25, 0.25, 8.25], "texture": "#0"},
				"south": {"uv": [5.25, 0, 5.5, 3], "texture": "#0"},
				"west": {"uv": [0.25, 5.25, 0.5, 8.25], "texture": "#0"},
				"up": {"uv": [3.25, 4.75, 3, 4.5], "texture": "#0"},
				"down": {"uv": [5.75, 2.5, 5.5, 2.75], "texture": "#0"}
			}
		},
		{
			"from": [7, 15.15454, 19.54656],
			"to": [9, 22.65454, 21.54656],
			"rotation": {"angle": -45, "axis": "x", "origin": [8.045, 8, 7.72514]},
			"faces": {
				"north": {"uv": [4.75, 2, 5.25, 4], "texture": "#0"},
				"east": {"uv": [4.75, 4.75, 4.25, 6.75], "texture": "#0"},
				"south": {"uv": [5.25, 2, 4.75, 4], "texture": "#0"},
				"west": {"uv": [4.25, 4.75, 4.75, 6.75], "texture": "#0"},
				"up": {"uv": [7.75, 4, 7.25, 3.5], "texture": "#0"},
				"down": {"uv": [7.75, 3.5, 7.25, 4], "texture": "#0"}
			}
		},
		{
			"from": [7, 8.25454, 18.34656],
			"to": [9, 13.75454, 20.34656],
			"rotation": {"angle": -45, "axis": "x", "origin": [8.045, 8, 7.72514]},
			"faces": {
				"north": {"uv": [0.5, 5.25, 1, 6.75], "texture": "#0"},
				"east": {"uv": [5.75, 3, 5.25, 4.5], "texture": "#0"},
				"south": {"uv": [1.5, 5.25, 2, 6.75], "texture": "#0"},
				"west": {"uv": [5.25, 3, 5.75, 4.5], "texture": "#0"},
				"up": {"uv": [7.75, 4.5, 7.25, 4], "texture": "#0"},
				"down": {"uv": [7.75, 4, 7.25, 4.5], "texture": "#0"}
			}
		},
		{
			"from": [7.95, 25.25338, 3.68917],
			"to": [8.05, 30.25338, 8.68917],
			"rotation": {"angle": 0, "axis": "x", "origin": [8.045, 8, 7.72514]},
			"faces": {
				"north": {"uv": [3, 6.75, 3.25, 8], "texture": "#0"},
				"east": {"uv": [3.25, 3.25, 2, 4.5], "texture": "#0"},
				"south": {"uv": [3.25, 6.75, 3.5, 8], "texture": "#0"},
				"west": {"uv": [2, 3.25, 3.25, 4.5], "texture": "#0"},
				"up": {"uv": [4.75, 8, 4.5, 6.75], "texture": "#0"},
				"down": {"uv": [0.75, 7.25, 0.5, 8.5], "texture": "#0"}
			}
		},
		{
			"from": [6.5, 26.25338, 5.68917],
			"to": [9.5, 28.25338, 7.68917],
			"rotation": {"angle": 0, "axis": "x", "origin": [8.045, 8, 7.72514]},
			"faces": {
				"north": {"uv": [6.75, 5.75, 7.5, 6.25], "texture": "#0"},
				"east": {"uv": [7.25, 7.25, 6.75, 7.75], "texture": "#0"},
				"south": {"uv": [7.5, 5.75, 6.75, 6.25], "texture": "#0"},
				"west": {"uv": [6.75, 7.25, 7.25, 7.75], "texture": "#0"},
				"up": {"uv": [6.75, 7.5, 6, 7], "texture": "#0"},
				"down": {"uv": [6.75, 7, 6, 7.5], "texture": "#0"}
			}
		},
		{
			"from": [6.5, -12.25338, 5.68917],
			"to": [9.5, -10.25338, 7.68917],
			"rotation": {"angle": 0, "axis": "x", "origin": [8.045, 8, 7.72514]},
			"faces": {
				"north": {"uv": [6.75, 6.25, 7.5, 5.75], "texture": "#0"},
				"east": {"uv": [7.25, 7.75, 6.75, 7.25], "texture": "#0"},
				"south": {"uv": [7.5, 6.25, 6.75, 5.75], "texture": "#0"},
				"west": {"uv": [6.75, 7.75, 7.25, 7.25], "texture": "#0"},
				"up": {"uv": [6.75, 7.5, 6, 7], "texture": "#0"},
				"down": {"uv": [6.75, 7, 6, 7.5], "texture": "#0"}
			}
		},
		{
			"from": [6.5, -6.3648, 15.87918],
			"to": [9.5, -3.3648, 18.87918],
			"rotation": {"angle": 22.5, "axis": "x", "origin": [8.045, 8, 7.72514]},
			"faces": {
				"north": {"uv": [5.75, 3.25, 6.5, 2.5], "texture": "#0"},
				"east": {"uv": [6.5, 5.5, 5.75, 4.75], "texture": "#0"},
				"south": {"uv": [6.5, 3.25, 5.75, 2.5], "texture": "#0"},
				"west": {"uv": [5.75, 5.5, 6.5, 4.75], "texture": "#0"},
				"up": {"uv": [6.75, 0.75, 6, 0], "texture": "#0"},
				"down": {"uv": [6, 0, 6.75, 0.75], "texture": "#0"}
			}
		},
		{
			"from": [6.5, 4.36091, 10.45001],
			"to": [9.5, 7.36091, 13.45001],
			"rotation": {"angle": 45, "axis": "x", "origin": [8.045, 8, 7.72514]},
			"faces": {
				"north": {"uv": [5.75, 3.25, 6.5, 2.5], "texture": "#0"},
				"east": {"uv": [6.5, 5.5, 5.75, 4.75], "texture": "#0"},
				"south": {"uv": [6.5, 3.25, 5.75, 2.5], "texture": "#0"},
				"west": {"uv": [5.75, 5.5, 6.5, 4.75], "texture": "#0"},
				"up": {"uv": [6.75, 0.75, 6, 0], "texture": "#0"},
				"down": {"uv": [6.75, 0, 6, 0.75], "texture": "#0"}
			}
		},
		{
			"from": [6, 3.2494, 5.076],
			"to": [10, 6.24941, 8.076],
			"rotation": {"angle": -45, "axis": "x", "origin": [8.045, 8, 7.72514]},
			"faces": {
				"north": {"uv": [5.75, 1.5, 6.75, 0.75], "texture": "#0"},
				"east": {"uv": [6.75, 7, 6, 6.25], "texture": "#0"},
				"south": {"uv": [6.75, 1.5, 5.75, 0.75], "texture": "#0"},
				"west": {"uv": [6, 7, 6.75, 6.25], "texture": "#0"},
				"up": {"uv": [6.75, 0.75, 5.75, 1.5], "texture": "#0"},
				"down": {"uv": [6.75, 1.5, 5.75, 0.75], "texture": "#0"}
			}
		},
		{
			"from": [6.05, -5.37556, 14.84425],
			"to": [10.05, -2.37556, 17.84425],
			"rotation": {"angle": 22.5, "axis": "x", "origin": [8.045, 8, 7.72514]},
			"faces": {
				"north": {"uv": [5.75, 1.5, 6.75, 0.75], "texture": "#0"},
				"east": {"uv": [6.75, 7, 6, 6.25], "texture": "#0"},
				"south": {"uv": [6.75, 1.5, 5.75, 0.75], "texture": "#0"},
				"west": {"uv": [6, 7, 6.75, 6.25], "texture": "#0"},
				"up": {"uv": [6.75, 0.75, 5.75, 1.5], "texture": "#0"},
				"down": {"uv": [6.75, 1.5, 5.75, 0.75], "texture": "#0"}
			}
		},
		{
			"from": [7.03, 2.34985, 10.43715],
			"to": [9.03, 7.34985, 12.43715],
			"rotation": {"angle": 45, "axis": "x", "origin": [8.045, 8, 7.72514]},
			"faces": {
				"north": {"uv": [4.25, 6.75, 3.75, 5.5], "texture": "#0"},
				"east": {"uv": [4.25, 6.75, 3.75, 5.5], "texture": "#0"},
				"south": {"uv": [3.75, 6.75, 4.25, 5.5], "texture": "#0"},
				"west": {"uv": [3.75, 6.75, 4.25, 5.5], "texture": "#0"},
				"up": {"uv": [2.25, 7.75, 1.75, 7.25], "texture": "#0"},
				"down": {"uv": [2.25, 7.25, 1.75, 7.75], "texture": "#0"}
			}
		},
		{
			"from": [6.94, -5.64644, 0.96182],
			"to": [9.14, 7.35356, 2.96182],
			"rotation": {"angle": -45, "axis": "x", "origin": [8.045, 8, 7.72514]},
			"faces": {
				"north": {"uv": [0, 5.25, 0.5, 2], "texture": "#0"},
				"east": {"uv": [2, 5.25, 1.5, 2], "texture": "#0"},
				"south": {"uv": [1, 5.25, 1.5, 2], "texture": "#0"},
				"west": {"uv": [1.5, 5.25, 2, 2], "texture": "#0"},
				"up": {"uv": [7.75, 3.5, 7.25, 3], "texture": "#0"},
				"down": {"uv": [7.75, 3, 7.25, 3.5], "texture": "#0"}
			}
		},
		{
			"from": [7.04, -7.5016, 3.35005],
			"to": [9.04, 3.4984, 5.35005],
			"rotation": {"angle": -22.5, "axis": "x", "origin": [8.045, 8, 7.72514]},
			"faces": {
				"north": {"uv": [3.25, 4.75, 3.75, 2], "texture": "#0"},
				"east": {"uv": [4.75, 2.75, 4.25, 0], "texture": "#0"},
				"south": {"uv": [3.75, 4.75, 3.25, 2], "texture": "#0"},
				"west": {"uv": [4.25, 2.75, 4.75, 0], "texture": "#0"},
				"up": {"uv": [7.75, 2.5, 7.25, 2], "texture": "#0"},
				"down": {"uv": [7.75, 2, 7.25, 2.5], "texture": "#0"}
			}
		},
		{
			"from": [8.04, 4.35356, -4.03818],
			"to": [8.14, 12.35356, 2.96182],
			"rotation": {"angle": -45, "axis": "x", "origin": [8.045, 8, 7.72514]},
			"faces": {
				"north": {"uv": [3.5, 2, 3.75, 0], "texture": "#0"},
				"east": {"uv": [3.5, 2, 1.75, 0], "texture": "#0"},
				"south": {"uv": [2.75, 8.5, 3, 6.5], "texture": "#0"},
				"west": {"uv": [1.75, 2, 3.5, 0], "texture": "#0"},
				"up": {"uv": [6, 8.25, 5.75, 6.5], "texture": "#0"},
				"down": {"uv": [5.75, 6.5, 5.5, 8.25], "texture": "#0"}
			}
		},
		{
			"from": [6.55, -4.75453, 18.99656],
			"to": [9.55, -2.75453, 21.99656],
			"rotation": {"angle": 45, "axis": "x", "origin": [8.045, 8, 7.72514]},
			"faces": {
				"north": {"uv": [6.75, 0.5, 7.5, 0], "texture": "#0"},
				"east": {"uv": [7.5, 1.5, 6.75, 1], "texture": "#0"},
				"south": {"uv": [7.5, 0.5, 6.75, 0], "texture": "#0"},
				"west": {"uv": [6.75, 1.5, 7.5, 1], "texture": "#0"},
				"up": {"uv": [7.25, 3.75, 6.5, 3], "texture": "#0"},
				"down": {"uv": [7.25, 3, 6.5, 3.75], "texture": "#0"}
			}
		},
		{
			"from": [7.95, -3.1, 12.75],
			"to": [8.05, 8.4, 13.75],
			"rotation": {"angle": 0, "axis": "y", "origin": [8.045, 8, 7.72514]},
			"faces": {
				"north": {"uv": [3.5, 7.75, 3.75, 4.75], "texture": "#0"},
				"east": {"uv": [0.5, 8.25, 0.25, 5.25], "texture": "#0"},
				"south": {"uv": [5.25, 3, 5.5, 0], "texture": "#0"},
				"west": {"uv": [0.25, 8.25, 0.5, 5.25], "texture": "#0"},
				"up": {"uv": [5.75, 2.75, 5.5, 2.5], "texture": "#0"},
				"down": {"uv": [3.25, 4.5, 3, 4.75], "texture": "#0"}
			}
		},
		{
			"from": [7, -6.65453, 19.54656],
			"to": [9, 0.84547, 21.54656],
			"rotation": {"angle": 45, "axis": "x", "origin": [8.045, 8, 7.72514]},
			"faces": {
				"north": {"uv": [4.75, 4, 5.25, 2], "texture": "#0"},
				"east": {"uv": [4.75, 6.75, 4.25, 4.75], "texture": "#0"},
				"south": {"uv": [5.25, 4, 4.75, 2], "texture": "#0"},
				"west": {"uv": [4.25, 6.75, 4.75, 4.75], "texture": "#0"},
				"up": {"uv": [7.75, 4, 7.25, 3.5], "texture": "#0"},
				"down": {"uv": [7.75, 3.5, 7.25, 4], "texture": "#0"}
			}
		},
		{
			"from": [7, 2.24547, 18.34656],
			"to": [9, 7.74547, 20.34656],
			"rotation": {"angle": 45, "axis": "x", "origin": [8.045, 8, 7.72514]},
			"faces": {
				"north": {"uv": [0.5, 6.75, 1, 5.25], "texture": "#0"},
				"east": {"uv": [5.75, 4.5, 5.25, 3], "texture": "#0"},
				"south": {"uv": [1.5, 6.75, 2, 5.25], "texture": "#0"},
				"west": {"uv": [5.25, 4.5, 5.75, 3], "texture": "#0"},
				"up": {"uv": [7.75, 4.5, 7.25, 4], "texture": "#0"},
				"down": {"uv": [7.75, 4, 7.25, 4.5], "texture": "#0"}
			}
		},
		{
			"from": [7.95, -14.25338, 3.68917],
			"to": [8.05, -9.25338, 8.68917],
			"rotation": {"angle": 0, "axis": "x", "origin": [8.045, 8, 7.72514]},
			"faces": {
				"north": {"uv": [3, 8, 3.25, 6.75], "texture": "#0"},
				"east": {"uv": [3.25, 4.5, 2, 3.25], "texture": "#0"},
				"south": {"uv": [3.25, 8, 3.5, 6.75], "texture": "#0"},
				"west": {"uv": [2, 4.5, 3.25, 3.25], "texture": "#0"},
				"up": {"uv": [0.75, 8.5, 0.5, 7.25], "texture": "#0"},
				"down": {"uv": [4.75, 6.75, 4.5, 8], "texture": "#0"}
			}
		}
	],
	"display": {
		"thirdperson_righthand": {
			"rotation": [-2, -2, 0],
			"translation": [-1.25, -2, -0.5],
			"scale": [0.85, 0.85, 0.85]
		},
		"thirdperson_lefthand": {
			"rotation": [-2, -2, 0],
			"translation": [-1.25, -2, -0.5],
			"scale": [0.85, 0.85, 0.85]
		},
		"firstperson_righthand": {
			"rotation": [18.05, -6.05, -6.31],
			"translation": [0.5, 5.75, -0.95],
			"scale": [0.8, 0.8, 0.8]
		},
		"firstperson_lefthand": {
			"rotation": [18.05, -6.05, -6.31],
			"translation": [0.5, 5.75, -0.95],
			"scale": [0.8, 0.8, 0.8]
		},
		"ground": {
			"translation": [0, 18.75, 0],
			"scale": [0.8, 0.8, 0.8]
		},
		"gui": {
			"rotation": [90, 45, -90],
			"scale": [0.42, 0.42, 0.42]
		},
		"head": {
			"rotation": [90, 45, -90],
			"translation": [1.25, -15.25, 4.5]
		},
		"fixed": {
			"rotation": [90, -45, 90],
			"translation": [0.75, 0.75, -0.25],
			"scale": [0.8, 0.8, 0.8]
		}
	},
	"groups": [
		{
			"name": "cizha_bow",
			"origin": [7.82, 10, 10.35628],
			"color": 0,
			"children": [0, 1, 2, 3, 4, 5, 6, 7, 8, 9, 10, 11, 12, 13, 14, 15, 16, 17, 18, 19, 20, 21, 22, 23, 24, 25, 26, 27, 28, 29, 30]
		}
	]
}