{
	"credit": "Made with Blockbench",
	"texture_size": [64, 64],
	"textures": {
		"0": "boss/cizha/cizha_bow",
		"particle": "boss/cizha/cizha_bow"
	},
	"elements": [
		{
			"from": [7.02, 4, 8.45628],
			"to": [9.02, 12, 10.45628],
			"rotation": {"angle": 0, "axis": "y", "origin": [8.045, 8, 7.3]},
			"faces": {
				"north": {"uv": [4.75, 0, 5.25, 2], "texture": "#0"},
				"east": {"uv": [5.25, 0, 4.75, 2], "texture": "#0"},
				"south": {"uv": [5.25, 0, 4.75, 2], "texture": "#0"},
				"west": {"uv": [4.75, 0, 5.25, 2], "texture": "#0"},
				"up": {"uv": [5.25, 6.5, 4.75, 6], "texture": "#0"},
				"down": {"uv": [5.25, 6, 4.75, 6.5], "texture": "#0"}
			}
		},
		{
			"from": [6.5, 19.20211, 15.84681],
			"to": [9.5, 22.20211, 18.84681],
			"rotation": {"angle": -22.5, "axis": "x", "origin": [8.045, 8, 7.3]},
			"faces": {
				"north": {"uv": [5.75, 2.5, 6.5, 3.25], "texture": "#0"},
				"east": {"uv": [6.5, 4.75, 5.75, 5.5], "texture": "#0"},
				"south": {"uv": [6.5, 2.5, 5.75, 3.25], "texture": "#0"},
				"west": {"uv": [5.75, 4.75, 6.5, 5.5], "texture": "#0"},
				"up": {"uv": [6, 0.75, 6.75, 0], "texture": "#0"},
				"down": {"uv": [6.75, 0, 6, 0.75], "texture": "#0"}
			}
		},
		{
			"from": [6.5, 8.33848, 10.32548],
			"to": [9.5, 11.33848, 13.32548],
			"rotation": {"angle": -45, "axis": "x", "origin": [8.045, 8, 7.3]},
			"faces": {
				"north": {"uv": [5.75, 2.5, 6.5, 3.25], "texture": "#0"},
				"east": {"uv": [6.5, 4.75, 5.75, 5.5], "texture": "#0"},
				"south": {"uv": [6.5, 2.5, 5.75, 3.25], "texture": "#0"},
				"west": {"uv": [5.75, 4.75, 6.5, 5.5], "texture": "#0"},
				"up": {"uv": [6.75, 0.75, 6, 0], "texture": "#0"},
				"down": {"uv": [6.75, 0, 6, 0.75], "texture": "#0"}
			}
		},
		{
			"from": [6, 10.05121, 4.95147],
			"to": [10, 13.05121, 7.95147],
			"rotation": {"angle": 45, "axis": "x", "origin": [8.045, 8, 7.3]},
			"faces": {
				"north": {"uv": [5.75, 0.75, 6.75, 1.5], "texture": "#0"},
				"east": {"uv": [6.75, 6.25, 6, 7], "texture": "#0"},
				"south": {"uv": [6.75, 0.75, 5.75, 1.5], "texture": "#0"},
				"west": {"uv": [6, 6.25, 6.75, 7], "texture": "#0"},
				"up": {"uv": [6.75, 0.75, 5.75, 1.5], "texture": "#0"},
				"down": {"uv": [6.75, 1.5, 5.75, 0.75], "texture": "#0"}
			}
		},
		{
			"from": [6.05, 18.21287, 14.81189],
			"to": [10.05, 21.21287, 17.81189],
			"rotation": {"angle": -22.5, "axis": "x", "origin": [8.045, 8, 7.3]},
			"faces": {
				"north": {"uv": [5.75, 0.75, 6.75, 1.5], "texture": "#0"},
				"east": {"uv": [6.75, 6.25, 6, 7], "texture": "#0"},
				"south": {"uv": [6.75, 0.75, 5.75, 1.5], "texture": "#0"},
				"west": {"uv": [6, 6.25, 6.75, 7], "texture": "#0"},
				"up": {"uv": [6.75, 0.75, 5.75, 1.5], "texture": "#0"},
				"down": {"uv": [6.75, 1.5, 5.75, 0.75], "texture": "#0"}
			}
		},
		{
			"from": [7.03, 8.34954, 10.31262],
			"to": [9.03, 13.34954, 12.31262],
			"rotation": {"angle": -45, "axis": "x", "origin": [8.045, 8, 7.3]},
			"faces": {
				"north": {"uv": [4.25, 5.5, 3.75, 6.75], "texture": "#0"},
				"east": {"uv": [4.25, 5.5, 3.75, 6.75], "texture": "#0"},
				"south": {"uv": [3.75, 5.5, 4.25, 6.75], "texture": "#0"},
				"west": {"uv": [3.75, 5.5, 4.25, 6.75], "texture": "#0"},
				"up": {"uv": [2.25, 7.75, 1.75, 7.25], "texture": "#0"},
				"down": {"uv": [2.25, 7.25, 1.75, 7.75], "texture": "#0"}
			}
		},
		{
			"from": [6.94, 8.94706, 0.83729],
			"to": [9.14, 21.94706, 2.83729],
			"rotation": {"angle": 45, "axis": "x", "origin": [8.045, 8, 7.3]},
			"faces": {
				"north": {"uv": [0, 2, 0.5, 5.25], "texture": "#0"},
				"east": {"uv": [2, 2, 1.5, 5.25], "texture": "#0"},
				"south": {"uv": [1, 2, 1.5, 5.25], "texture": "#0"},
				"west": {"uv": [1.5, 2, 2, 5.25], "texture": "#0"},
				"up": {"uv": [7.75, 3.5, 7.25, 3], "texture": "#0"},
				"down": {"uv": [7.75, 3, 7.25, 3.5], "texture": "#0"}
			}
		},
		{
			"from": [7.04, 12.66429, 3.31768],
			"to": [9.04, 23.66429, 5.31768],
			"rotation": {"angle": 22.5, "axis": "x", "origin": [8.045, 8, 7.3]},
			"faces": {
				"north": {"uv": [3.25, 2, 3.75, 4.75], "texture": "#0"},
				"east": {"uv": [4.75, 0, 4.25, 2.75], "texture": "#0"},
				"south": {"uv": [3.75, 2, 3.25, 4.75], "texture": "#0"},
				"west": {"uv": [4.25, 0, 4.75, 2.75], "texture": "#0"},
				"up": {"uv": [7.75, 2.5, 7.25, 2], "texture": "#0"},
				"down": {"uv": [7.75, 2, 7.25, 2.5], "texture": "#0"}
			}
		},
		{
			"from": [8.04, 3.94706, -4.16271],
			"to": [8.14, 11.94706, 2.83729],
			"rotation": {"angle": 45, "axis": "x", "origin": [8.045, 8, 7.3]},
			"faces": {
				"north": {"uv": [3.5, 0, 3.75, 2], "texture": "#0"},
				"east": {"uv": [3.5, 0, 1.75, 2], "texture": "#0"},
				"south": {"uv": [2.75, 6.5, 3, 8.5], "texture": "#0"},
				"west": {"uv": [1.75, 0, 3.5, 2], "texture": "#0"},
				"up": {"uv": [5.75, 8.25, 5.5, 6.5], "texture": "#0"},
				"down": {"uv": [6, 6.5, 5.75, 8.25], "texture": "#0"}
			}
		},
		{
			"from": [6.59, 11.94706, 0.38729],
			"to": [9.59, 13.94706, 3.38729],
			"rotation": {"angle": 45, "axis": "x", "origin": [8.045, 8, 7.3]},
			"faces": {
				"north": {"uv": [6.75, 0.5, 7.5, 1], "texture": "#0"},
				"east": {"uv": [7.5, 1.5, 6.75, 2], "texture": "#0"},
				"south": {"uv": [7.5, 0.5, 6.75, 1], "texture": "#0"},
				"west": {"uv": [6.75, 1.5, 7.5, 2], "texture": "#0"},
				"up": {"uv": [7.25, 4.5, 6.5, 3.75], "texture": "#0"},
				"down": {"uv": [7.25, 3.75, 6.5, 4.5], "texture": "#0"}
			}
		},
		{
			"from": [6.59, 2.05294, 0.38729],
			"to": [9.59, 4.05294, 3.38729],
			"rotation": {"angle": -45, "axis": "x", "origin": [8.045, 8, 7.3]},
			"faces": {
				"north": {"uv": [6.75, 1, 7.5, 0.5], "texture": "#0"},
				"east": {"uv": [7.5, 2, 6.75, 1.5], "texture": "#0"},
				"south": {"uv": [7.5, 1, 6.75, 0.5], "texture": "#0"},
				"west": {"uv": [6.75, 2, 7.5, 1.5], "texture": "#0"},
				"up": {"uv": [7.25, 4.5, 6.5, 3.75], "texture": "#0"},
				"down": {"uv": [7.25, 3.75, 6.5, 4.5], "texture": "#0"}
			}
		},
		{
			"from": [6.55, 18.45392, 18.87203],
			"to": [9.55, 20.45392, 21.87203],
			"rotation": {"angle": -45, "axis": "x", "origin": [8.045, 8, 7.3]},
			"faces": {
				"north": {"uv": [6.75, 0, 7.5, 0.5], "texture": "#0"},
				"east": {"uv": [7.5, 1, 6.75, 1.5], "texture": "#0"},
				"south": {"uv": [7.5, 0, 6.75, 0.5], "texture": "#0"},
				"west": {"uv": [6.75, 1, 7.5, 1.5], "texture": "#0"},
				"up": {"uv": [7.25, 3.75, 6.5, 3], "texture": "#0"},
				"down": {"uv": [7.25, 3, 6.5, 3.75], "texture": "#0"}
			}
		},
		{
			"from": [7.95, 3.93519, 16.25786],
			"to": [8.05, 16.03519, 17.25786],
			"rotation": {"angle": -22.5, "axis": "x", "origin": [8.045, 8, 7.3]},
			"faces": {
				"north": {"uv": [3.5, 4.75, 3.75, 7.75], "texture": "#0"},
				"east": {"uv": [0.5, 5.25, 0.25, 8.25], "texture": "#0"},
				"south": {"uv": [5.25, 0, 5.5, 3], "texture": "#0"},
				"west": {"uv": [0.25, 5.25, 0.5, 8.25], "texture": "#0"},
				"up": {"uv": [3.25, 4.75, 3, 4.5], "texture": "#0"},
				"down": {"uv": [5.75, 2.5, 5.5, 2.75], "texture": "#0"}
			}
		},
		{
			"from": [7, 14.85392, 19.42203],
			"to": [9, 22.35392, 21.42203],
			"rotation": {"angle": -45, "axis": "x", "origin": [8.045, 8, 7.3]},
			"faces": {
				"north": {"uv": [4.75, 2, 5.25, 4], "texture": "#0"},
				"east": {"uv": [4.75, 4.75, 4.25, 6.75], "texture": "#0"},
				"south": {"uv": [5.25, 2, 4.75, 4], "texture": "#0"},
				"west": {"uv": [4.25, 4.75, 4.75, 6.75], "texture": "#0"},
				"up": {"uv": [7.75, 4, 7.25, 3.5], "texture": "#0"},
				"down": {"uv": [7.75, 3.5, 7.25, 4], "texture": "#0"}
			}
		},
		{
			"from": [7, 7.95392, 18.22203],
			"to": [9, 13.45392, 20.22203],
			"rotation": {"angle": -45, "axis": "x", "origin": [8.045, 8, 7.3]},
			"faces": {
				"north": {"uv": [0.5, 5.25, 1, 6.75], "texture": "#0"},
				"east": {"uv": [5.75, 3, 5.25, 4.5], "texture": "#0"},
				"south": {"uv": [1.5, 5.25, 2, 6.75], "texture": "#0"},
				"west": {"uv": [5.25, 3, 5.75, 4.5], "texture": "#0"},
				"up": {"uv": [7.75, 4.5, 7.25, 4], "texture": "#0"},
				"down": {"uv": [7.75, 4, 7.25, 4.5], "texture": "#0"}
			}
		},
		{
			"from": [7.95, 25.25338, 3.68917],
			"to": [8.05, 30.25338, 8.68917],
			"rotation": {"angle": 0, "axis": "x", "origin": [8.045, 8, 7.3]},
			"faces": {
				"north": {"uv": [3, 6.75, 3.25, 8], "texture": "#0"},
				"east": {"uv": [3.25, 3.25, 2, 4.5], "texture": "#0"},
				"south": {"uv": [3.25, 6.75, 3.5, 8], "texture": "#0"},
				"west": {"uv": [2, 3.25, 3.25, 4.5], "texture": "#0"},
				"up": {"uv": [4.75, 8, 4.5, 6.75], "texture": "#0"},
				"down": {"uv": [0.75, 7.25, 0.5, 8.5], "texture": "#0"}
			}
		},
		{
			"from": [6.5, 26.25338, 5.68917],
			"to": [9.5, 28.25338, 7.68917],
			"rotation": {"angle": 0, "axis": "x", "origin": [8.045, 8, 7.3]},
			"faces": {
				"north": {"uv": [6.75, 5.75, 7.5, 6.25], "texture": "#0"},
				"east": {"uv": [7.25, 7.25, 6.75, 7.75], "texture": "#0"},
				"south": {"uv": [7.5, 5.75, 6.75, 6.25], "texture": "#0"},
				"west": {"uv": [6.75, 7.25, 7.25, 7.75], "texture": "#0"},
				"up": {"uv": [6.75, 7.5, 6, 7], "texture": "#0"},
				"down": {"uv": [6.75, 7, 6, 7.5], "texture": "#0"}
			}
		},
		{
			"from": [6.5, -12.25338, 5.68917],
			"to": [9.5, -10.25338, 7.68917],
			"rotation": {"angle": 0, "axis": "x", "origin": [8.045, 8, 7.3]},
			"faces": {
				"north": {"uv": [6.75, 6.25, 7.5, 5.75], "texture": "#0"},
				"east": {"uv": [7.25, 7.75, 6.75, 7.25], "texture": "#0"},
				"south": {"uv": [7.5, 6.25, 6.75, 5.75], "texture": "#0"},
				"west": {"uv": [6.75, 7.75, 7.25, 7.25], "texture": "#0"},
				"up": {"uv": [6.75, 7.5, 6, 7], "texture": "#0"},
				"down": {"uv": [6.75, 7, 6, 7.5], "texture": "#0"}
			}
		},
		{
			"from": [6.5, -6.20211, 15.84681],
			"to": [9.5, -3.20211, 18.84681],
			"rotation": {"angle": 22.5, "axis": "x", "origin": [8.045, 8, 7.3]},
			"faces": {
				"north": {"uv": [5.75, 3.25, 6.5, 2.5], "texture": "#0"},
				"east": {"uv": [6.5, 5.5, 5.75, 4.75], "texture": "#0"},
				"south": {"uv": [6.5, 3.25, 5.75, 2.5], "texture": "#0"},
				"west": {"uv": [5.75, 5.5, 6.5, 4.75], "texture": "#0"},
				"up": {"uv": [6.75, 0.75, 6, 0], "texture": "#0"},
				"down": {"uv": [6, 0, 6.75, 0.75], "texture": "#0"}
			}
		},
		{
			"from": [6.5, 4.66152, 10.32548],
			"to": [9.5, 7.66152, 13.32548],
			"rotation": {"angle": 45, "axis": "x", "origin": [8.045, 8, 7.3]},
			"faces": {
				"north": {"uv": [5.75, 3.25, 6.5, 2.5], "texture": "#0"},
				"east": {"uv": [6.5, 5.5, 5.75, 4.75], "texture": "#0"},
				"south": {"uv": [6.5, 3.25, 5.75, 2.5], "texture": "#0"},
				"west": {"uv": [5.75, 5.5, 6.5, 4.75], "texture": "#0"},
				"up": {"uv": [6.75, 0.75, 6, 0], "texture": "#0"},
				"down": {"uv": [6.75, 0, 6, 0.75], "texture": "#0"}
			}
		},
		{
			"from": [6, 2.94879, 4.95147],
			"to": [10, 5.94879, 7.95147],
			"rotation": {"angle": -45, "axis": "x", "origin": [8.045, 8, 7.3]},
			"faces": {
				"north": {"uv": [5.75, 1.5, 6.75, 0.75], "texture": "#0"},
				"east": {"uv": [6.75, 7, 6, 6.25], "texture": "#0"},
				"south": {"uv": [6.75, 1.5, 5.75, 0.75], "texture": "#0"},
				"west": {"uv": [6, 7, 6.75, 6.25], "texture": "#0"},
				"up": {"uv": [6.75, 0.75, 5.75, 1.5], "texture": "#0"},
				"down": {"uv": [6.75, 1.5, 5.75, 0.75], "texture": "#0"}
			}
		},
		{
			"from": [6.05, -5.21287, 14.81189],
			"to": [10.05, -2.21287, 17.81189],
			"rotation": {"angle": 22.5, "axis": "x", "origin": [8.045, 8, 7.3]},
			"faces": {
				"north": {"uv": [5.75, 1.5, 6.75, 0.75], "texture": "#0"},
				"east": {"uv": [6.75, 7, 6, 6.25], "texture": "#0"},
				"south": {"uv": [6.75, 1.5, 5.75, 0.75], "texture": "#0"},
				"west": {"uv": [6, 7, 6.75, 6.25], "texture": "#0"},
				"up": {"uv": [6.75, 0.75, 5.75, 1.5], "texture": "#0"},
				"down": {"uv": [6.75, 1.5, 5.75, 0.75], "texture": "#0"}
			}
		},
		{
			"from": [7.03, 2.65046, 10.31262],
			"to": [9.03, 7.65046, 12.31262],
			"rotation": {"angle": 45, "axis": "x", "origin": [8.045, 8, 7.3]},
			"faces": {
				"north": {"uv": [4.25, 6.75, 3.75, 5.5], "texture": "#0"},
				"east": {"uv": [4.25, 6.75, 3.75, 5.5], "texture": "#0"},
				"south": {"uv": [3.75, 6.75, 4.25, 5.5], "texture": "#0"},
				"west": {"uv": [3.75, 6.75, 4.25, 5.5], "texture": "#0"},
				"up": {"uv": [2.25, 7.75, 1.75, 7.25], "texture": "#0"},
				"down": {"uv": [2.25, 7.25, 1.75, 7.75], "texture": "#0"}
			}
		},
		{
			"from": [6.94, -5.94706, 0.83729],
			"to": [9.14, 7.05294, 2.83729],
			"rotation": {"angle": -45, "axis": "x", "origin": [8.045, 8, 7.3]},
			"faces": {
				"north": {"uv": [0, 5.25, 0.5, 2], "texture": "#0"},
				"east": {"uv": [2, 5.25, 1.5, 2], "texture": "#0"},
				"south": {"uv": [1, 5.25, 1.5, 2], "texture": "#0"},
				"west": {"uv": [1.5, 5.25, 2, 2], "texture": "#0"},
				"up": {"uv": [7.75, 3.5, 7.25, 3], "texture": "#0"},
				"down": {"uv": [7.75, 3, 7.25, 3.5], "texture": "#0"}
			}
		},
		{
			"from": [7.04, -7.66429, 3.31768],
			"to": [9.04, 3.33571, 5.31768],
			"rotation": {"angle": -22.5, "axis": "x", "origin": [8.045, 8, 7.3]},
			"faces": {
				"north": {"uv": [3.25, 4.75, 3.75, 2], "texture": "#0"},
				"east": {"uv": [4.75, 2.75, 4.25, 0], "texture": "#0"},
				"south": {"uv": [3.75, 4.75, 3.25, 2], "texture": "#0"},
				"west": {"uv": [4.25, 2.75, 4.75, 0], "texture": "#0"},
				"up": {"uv": [7.75, 2.5, 7.25, 2], "texture": "#0"},
				"down": {"uv": [7.75, 2, 7.25, 2.5], "texture": "#0"}
			}
		},
		{
			"from": [8.04, 4.05294, -4.16271],
			"to": [8.14, 12.05294, 2.83729],
			"rotation": {"angle": -45, "axis": "x", "origin": [8.045, 8, 7.3]},
			"faces": {
				"north": {"uv": [3.5, 2, 3.75, 0], "texture": "#0"},
				"east": {"uv": [3.5, 2, 1.75, 0], "texture": "#0"},
				"south": {"uv": [2.75, 8.5, 3, 6.5], "texture": "#0"},
				"west": {"uv": [1.75, 2, 3.5, 0], "texture": "#0"},
				"up": {"uv": [6, 8.25, 5.75, 6.5], "texture": "#0"},
				"down": {"uv": [5.75, 6.5, 5.5, 8.25], "texture": "#0"}
			}
		},
		{
			"from": [6.55, -4.45392, 18.87203],
			"to": [9.55, -2.45392, 21.87203],
			"rotation": {"angle": 45, "axis": "x", "origin": [8.045, 8, 7.3]},
			"faces": {
				"north": {"uv": [6.75, 0.5, 7.5, 0], "texture": "#0"},
				"east": {"uv": [7.5, 1.5, 6.75, 1], "texture": "#0"},
				"south": {"uv": [7.5, 0.5, 6.75, 0], "texture": "#0"},
				"west": {"uv": [6.75, 1.5, 7.5, 1], "texture": "#0"},
				"up": {"uv": [7.25, 3.75, 6.5, 3], "texture": "#0"},
				"down": {"uv": [7.25, 3, 6.5, 3.75], "texture": "#0"}
			}
		},
		{
			"from": [7.95, -0.03519, 16.25786],
			"to": [8.05, 12.06481, 17.25786],
			"rotation": {"angle": 22.5, "axis": "x", "origin": [8.045, 8, 7.3]},
			"faces": {
				"north": {"uv": [3.5, 7.75, 3.75, 4.75], "texture": "#0"},
				"east": {"uv": [0.5, 8.25, 0.25, 5.25], "texture": "#0"},
				"south": {"uv": [5.25, 3, 5.5, 0], "texture": "#0"},
				"west": {"uv": [0.25, 8.25, 0.5, 5.25], "texture": "#0"},
				"up": {"uv": [5.75, 2.75, 5.5, 2.5], "texture": "#0"},
				"down": {"uv": [3.25, 4.5, 3, 4.75], "texture": "#0"}
			}
		},
		{
			"from": [7, -6.35392, 19.42203],
			"to": [9, 1.14608, 21.42203],
			"rotation": {"angle": 45, "axis": "x", "origin": [8.045, 8, 7.3]},
			"faces": {
				"north": {"uv": [4.75, 4, 5.25, 2], "texture": "#0"},
				"east": {"uv": [4.75, 6.75, 4.25, 4.75], "texture": "#0"},
				"south": {"uv": [5.25, 4, 4.75, 2], "texture": "#0"},
				"west": {"uv": [4.25, 6.75, 4.75, 4.75], "texture": "#0"},
				"up": {"uv": [7.75, 4, 7.25, 3.5], "texture": "#0"},
				"down": {"uv": [7.75, 3.5, 7.25, 4], "texture": "#0"}
			}
		},
		{
			"from": [7, 2.54608, 18.22203],
			"to": [9, 8.04608, 20.22203],
			"rotation": {"angle": 45, "axis": "x", "origin": [8.045, 8, 7.3]},
			"faces": {
				"north": {"uv": [0.5, 6.75, 1, 5.25], "texture": "#0"},
				"east": {"uv": [5.75, 4.5, 5.25, 3], "texture": "#0"},
				"south": {"uv": [1.5, 6.75, 2, 5.25], "texture": "#0"},
				"west": {"uv": [5.25, 4.5, 5.75, 3], "texture": "#0"},
				"up": {"uv": [7.75, 4.5, 7.25, 4], "texture": "#0"},
				"down": {"uv": [7.75, 4, 7.25, 4.5], "texture": "#0"}
			}
		},
		{
			"from": [7.95, -14.25338, 3.68917],
			"to": [8.05, -9.25338, 8.68917],
			"rotation": {"angle": 0, "axis": "x", "origin": [8.045, 8, 7.3]},
			"faces": {
				"north": {"uv": [3, 8, 3.25, 6.75], "texture": "#0"},
				"east": {"uv": [3.25, 4.5, 2, 3.25], "texture": "#0"},
				"south": {"uv": [3.25, 8, 3.5, 6.75], "texture": "#0"},
				"west": {"uv": [2, 4.5, 3.25, 3.25], "texture": "#0"},
				"up": {"uv": [0.75, 8.5, 0.5, 7.25], "texture": "#0"},
				"down": {"uv": [4.75, 6.75, 4.5, 8], "texture": "#0"}
			}
		},
		{
			"from": [7.9, 7.5, -9.2],
			"to": [8.1, 8.5, 19.8],
			"rotation": {"angle": 0, "axis": "y", "origin": [8.045, 8, 7.3]},
			"faces": {
				"north": {"uv": [0, 1.25, 0.3, 1.5], "texture": "#0"},
				"east": {"uv": [7.25, 9.25, 0, 9.5], "texture": "#0"},
				"south": {"uv": [0, 1.25, 0.3, 1.5], "texture": "#0"},
				"west": {"uv": [0, 9.25, 7.25, 9.5], "texture": "#0"},
				"up": {"uv": [0, 1.25, 0.3, 2], "texture": "#0"},
				"down": {"uv": [0, 1.25, 0.3, 2], "texture": "#0"}
			}
		},
		{
			"from": [7.85, 6.5, -10.2],
			"to": [8.15, 9.5, -5.2],
			"rotation": {"angle": 0, "axis": "y", "origin": [8.045, 8, 7.3]},
			"faces": {
				"north": {"uv": [0, 1.25, 0.325, 2], "texture": "#0"},
				"east": {"uv": [1.75, 1.25, 0.5, 2], "texture": "#0"},
				"south": {"uv": [0, 1.25, 0.325, 2], "texture": "#0"},
				"west": {"uv": [0.5, 1.25, 1.75, 2], "texture": "#0"},
				"up": {"uv": [0, 1.25, 0.325, 2], "texture": "#0"},
				"down": {"uv": [0, 1.25, 0.325, 2], "texture": "#0"}
			}
		},
		{
			"from": [7.85, 5.5, 18.8],
			"to": [8.15, 10.5, 25.8],
			"rotation": {"angle": 0, "axis": "y", "origin": [8.045, 8, 7.3]},
			"faces": {
				"north": {"uv": [0, 1.25, 0.325, 2], "texture": "#0"},
				"east": {"uv": [1.75, 0, 0, 1.25], "texture": "#0"},
				"south": {"uv": [0, 1.25, 0.325, 2], "texture": "#0"},
				"west": {"uv": [0, 0, 1.75, 1.25], "texture": "#0"},
				"up": {"uv": [0, 1.25, 0.325, 2], "texture": "#0"},
				"down": {"uv": [0, 1.25, 0.325, 2], "texture": "#0"}
			}
		}
	],
	"display": {
		"thirdperson_righthand": {
			"rotation": [-2, -2, 0],
			"translation": [-1.25, -2, -0.5],
			"scale": [0.85, 0.85, 0.85]
		},
		"thirdperson_lefthand": {
			"translation": [-1.25, -2, -0.5],
			"scale": [0.85, 0.85, 0.85]
		},
		"firstperson_righthand": {
			"rotation": [18.05, -6.05, -6.31],
			"translation": [0.5, 5.75, -0.95],
			"scale": [0.8, 0.8, 0.8]
		},
		"firstperson_lefthand": {
			"rotation": [18.05, -6.05, -6.31],
			"translation": [0.5, 5.75, -0.95],
			"scale": [0.8, 0.8, 0.8]
		},
		"ground": {
			"translation": [0, 18.75, 0],
			"scale": [0.8, 0.8, 0.8]
		},
		"gui": {
			"rotation": [90, 45, -90],
			"scale": [0.42, 0.42, 0.42]
		},
		"head": {
			"rotation": [90, 45, -90],
			"translation": [1.25, -15.25, 4.5]
		},
		"fixed": {
			"rotation": [90, -45, 90],
			"translation": [0.75, 0.75, -0.25],
			"scale": [0.8, 0.8, 0.8]
		}
	},
	"groups": [
		{
			"name": "cizha_bow",
			"origin": [7.82, 10, 10.35628],
			"color": 0,
			"children": [0, 1, 2, 3, 4, 5, 6, 7, 8, 9, 10, 11, 12, 13, 14, 15, 16, 17, 18, 19, 20, 21, 22, 23, 24, 25, 26, 27, 28, 29, 30, 31, 32, 33]
		}
	]
}