{
	"credit": "Made with Blockbench",
	"texture_size": [128, 128],
	"textures": {
		"0": "boss/quetzalcoatl/quetzalcoatl_feather"
	},
	"elements": [
		{
			"name": "pluma",
			"from": [-3.45, -16, 2.45],
			"to": [19.55, 21, 2.55],
			"rotation": {"angle": 0, "axis": "z", "origin": [8.05, 0.5, 2.5]},
			"faces": {
				"north": {"uv": [0, 0, 2.875, 4.625], "texture": "#0"},
				"east": {"uv": [0, 4.625, 0.125, 9.25], "texture": "#0"},
				"south": {"uv": [2.875, 0, 0, 4.625], "texture": "#0"},
				"west": {"uv": [0.125, 4.625, 0.25, 9.25], "texture": "#0"},
				"up": {"uv": [3.125, 4.75, 0.25, 4.625], "texture": "#0"},
				"down": {"uv": [6, 4.625, 3.125, 4.75], "texture": "#0"}
			}
		}
	],
	"display": {
		"thirdperson_righthand": {
			"rotation": [69.64, 3.41, -121.29],
			"translation": [0, 0, 6.25]
		},
		"thirdperson_lefthand": {
			"rotation": [-108.5, 0, 0],
			"translation": [0, 5.5, -2.5]
		},
		"ground": {
			"rotation": [-1.68, 5.68, -83.18],
			"translation": [0, 6.25, 0]
		},
		"gui": {
			"rotation": [0, 0, -8.75],
			"translation": [0, 1.75, 0],
			"scale": [0.4, 0.4, 0.4]
		},
		"head": {
			"rotation": [0, 0, -153.5],
			"translation": [3.25, -41.75, 0]
		}
	}
}