{
	"credit": "Made with Blockbench",
	"texture_size": [256, 256],
	"textures": {
		"1": "boss/quetzalcoatl/quetzalcoatl_helmet"
	},
	"elements": [
		{
			"from": [1.10536, 6.14688, -14.15],
			"to": [14.97544, 8.2032, 4.07144],
			"rotation": {"angle": 0, "axis": "y", "origin": [8.14, 7.3108, -0.8266]},
			"faces": {
				"north": {"uv": [5.5, 2.75, 6.375, 2.875], "texture": "#1"},
				"east": {"uv": [7.5, 3.375, 8.625, 3.5], "texture": "#1"},
				"south": {"uv": [5.5, 2.75, 6.375, 2.875], "texture": "#1"},
				"west": {"uv": [8.625, 3.375, 7.5, 3.5], "texture": "#1"},
				"up": {"uv": [5.125, 6.625, 4.25, 5.5], "texture": "#1"},
				"down": {"uv": [5.125, 5.5, 4.25, 6.625], "texture": "#1"}
			}
		},
		{
			"from": [-0.4268, 5.2424, 2.1152],
			"to": [16.5076, 16.9672, 6.474],
			"rotation": {"angle": 0, "axis": "y", "origin": [8.14, 7.3108, -0.8266]},
			"faces": {
				"north": {"uv": [0, 6.25, 1.0625, 7], "texture": "#1"},
				"east": {"uv": [3.3125, 7.3125, 3.5625, 8.0625], "texture": "#1"},
				"south": {"uv": [0, 6.25, 1.0625, 7], "texture": "#1"},
				"west": {"uv": [3.5625, 7.3125, 3.3125, 8.0625], "texture": "#1"},
				"up": {"uv": [8.4375, 0.25, 7.375, 0], "texture": "#1"},
				"down": {"uv": [8.4375, 0, 7.375, 0.25], "texture": "#1"}
			}
		},
		{
			"from": [-0.0396, 6.9296, 5.5004],
			"to": [16.1204, 16.4768, 15.5644],
			"rotation": {"angle": 0, "axis": "y", "origin": [8.14, 7.3108, -0.8266]},
			"faces": {
				"north": {"uv": [6, 6.25, 7, 6.875], "texture": "#1"},
				"east": {"uv": [0, 7, 0.625, 7.625], "texture": "#1"},
				"south": {"uv": [6, 6.25, 7, 6.875], "texture": "#1"},
				"west": {"uv": [0.625, 7, 0, 7.625], "texture": "#1"},
				"up": {"uv": [7.375, 0.625, 6.375, 0], "texture": "#1"},
				"down": {"uv": [7.375, 0, 6.375, 0.625], "texture": "#1"}
			}
		},
		{
			"from": [10.8628, 11.0256, 0.7024],
			"to": [17.314, 17.0736, 6.7504],
			"rotation": {"angle": 0, "axis": "y", "origin": [8.14, 7.3108, -0.8266]},
			"faces": {
				"north": {"uv": [7.625, 5, 8, 5.375], "texture": "#1"},
				"east": {"uv": [2, 7.75, 2.375, 8.125], "texture": "#1"},
				"south": {"uv": [8, 5, 7.625, 5.375], "texture": "#1"},
				"west": {"uv": [2, 7.75, 2.375, 8.125], "texture": "#1"},
				"up": {"uv": [8.125, 7.75, 7.75, 7.375], "texture": "#1"},
				"down": {"uv": [8.125, 7.375, 7.75, 7.75], "texture": "#1"}
			}
		},
		{
			"from": [-1.314, 11.0256, 0.7024],
			"to": [5.1372, 17.0736, 6.7504],
			"rotation": {"angle": 0, "axis": "y", "origin": [8.14, 7.3108, -0.8266]},
			"faces": {
				"north": {"uv": [8, 5, 7.625, 5.375], "texture": "#1"},
				"east": {"uv": [2.375, 7.75, 2, 8.125], "texture": "#1"},
				"south": {"uv": [7.625, 5, 8, 5.375], "texture": "#1"},
				"west": {"uv": [2.375, 7.75, 2, 8.125], "texture": "#1"},
				"up": {"uv": [7.75, 7.75, 8.125, 7.375], "texture": "#1"},
				"down": {"uv": [7.75, 7.375, 8.125, 7.75], "texture": "#1"}
			}
		},
		{
			"from": [11.266, 3.318, -13.95],
			"to": [14.8948, 11.2288, -10.3212],
			"rotation": {"angle": 0, "axis": "y", "origin": [8.14, 7.3108, -0.8266]},
			"faces": {
				"north": {"uv": [1.0625, 7.9375, 1.3125, 8.4375], "texture": "#1"},
				"east": {"uv": [1.0625, 7.9375, 1.3125, 8.4375], "texture": "#1"},
				"south": {"uv": [1.0625, 7.9375, 1.3125, 8.4375], "texture": "#1"},
				"west": {"uv": [1.0625, 7.9375, 1.3125, 8.4375], "texture": "#1"},
				"up": {"uv": [6, 6.875, 5.75, 6.625], "texture": "#1"},
				"down": {"uv": [8.1875, 4, 7.9375, 4.25], "texture": "#1"}
			}
		},
		{
			"from": [1.1932, 3.268, -14],
			"to": [4.822, 11.1788, -10.3712],
			"rotation": {"angle": 0, "axis": "y", "origin": [7.948, 7.2608, -0.8766]},
			"faces": {
				"north": {"uv": [1.3125, 7.9375, 1.0625, 8.4375], "texture": "#1"},
				"east": {"uv": [1.3125, 7.9375, 1.0625, 8.4375], "texture": "#1"},
				"south": {"uv": [1.3125, 7.9375, 1.0625, 8.4375], "texture": "#1"},
				"west": {"uv": [1.3125, 7.9375, 1.0625, 8.4375], "texture": "#1"},
				"up": {"uv": [5.75, 6.875, 6, 6.625], "texture": "#1"},
				"down": {"uv": [7.9375, 4, 8.1875, 4.25], "texture": "#1"}
			}
		},
		{
			"from": [4.4116, 10.005, -10.3872],
			"to": [11.6692, 16.8594, -1.5168],
			"rotation": {"angle": 0, "axis": "y", "origin": [8.14, 7.3108, -0.8266]},
			"faces": {
				"north": {"uv": [6.0625, 7.5625, 6.5, 8], "texture": "#1"},
				"east": {"uv": [2.75, 7.3125, 3.3125, 7.75], "texture": "#1"},
				"south": {"uv": [6.0625, 7.5625, 6.5, 8], "texture": "#1"},
				"west": {"uv": [3.3125, 7.3125, 2.75, 7.75], "texture": "#1"},
				"up": {"uv": [7.4375, 7.9375, 7, 7.375], "texture": "#1"},
				"down": {"uv": [7.4375, 7.375, 7, 7.9375], "texture": "#1"}
			}
		},
		{
			"from": [3.202, 10.2192, -6.4488],
			"to": [12.8788, 15.864, 2.8248],
			"rotation": {"angle": 0, "axis": "y", "origin": [8.14, 7.3108, -0.8266]},
			"faces": {
				"north": {"uv": [3.5625, 6.25, 4.1875, 6.625], "texture": "#1"},
				"east": {"uv": [7.4375, 1.875, 8, 2.25], "texture": "#1"},
				"south": {"uv": [3.5625, 6.25, 4.1875, 6.625], "texture": "#1"},
				"west": {"uv": [8, 1.875, 7.4375, 2.25], "texture": "#1"},
				"up": {"uv": [7.625, 6.8125, 7, 6.25], "texture": "#1"},
				"down": {"uv": [7.625, 6.25, 7, 6.8125], "texture": "#1"}
			}
		},
		{
			"from": [14.80536, 6.14056, -1.1],
			"to": [15.97544, 8.20556, 3.82144],
			"rotation": {"angle": 0, "axis": "y", "origin": [8.14, 7.3108, -0.8266]},
			"faces": {
				"north": {"uv": [7.375, 6.125, 7.4375, 6.25], "texture": "#1"},
				"east": {"uv": [7.0625, 6.125, 7.375, 6.25], "texture": "#1"},
				"south": {"uv": [7.375, 6.125, 7.4375, 6.25], "texture": "#1"},
				"west": {"uv": [7.5, 3.25, 7.8125, 3.375], "texture": "#1"},
				"up": {"uv": [5.125, 6.5, 5.0625, 6.1875], "texture": "#1"},
				"down": {"uv": [5.125, 5.8125, 5.0625, 6.125], "texture": "#1"}
			}
		},
		{
			"from": [0.10536, 6.18188, -1.1],
			"to": [1.27544, 8.24688, 3.82144],
			"rotation": {"angle": 0, "axis": "y", "origin": [7.9408, 7.35212, -0.8266]},
			"faces": {
				"north": {"uv": [7.4375, 6.125, 7.375, 6.25], "texture": "#1"},
				"east": {"uv": [7.8125, 3.25, 7.5, 3.375], "texture": "#1"},
				"south": {"uv": [7.4375, 6.125, 7.375, 6.25], "texture": "#1"},
				"west": {"uv": [7.375, 6.125, 7.0625, 6.25], "texture": "#1"},
				"up": {"uv": [5.0625, 6.5, 5.125, 6.1875], "texture": "#1"},
				"down": {"uv": [5.0625, 5.8125, 5.125, 6.125], "texture": "#1"}
			}
		},
		{
			"from": [0.10536, 8.24688, -1.1],
			"to": [1.97544, 11.0532, 3.82144],
			"rotation": {"angle": 0, "axis": "y", "origin": [8.14, 7.3108, -0.8266]},
			"faces": {
				"north": {"uv": [8.25, 7.9375, 8.125, 8.125], "texture": "#1"},
				"east": {"uv": [4.8125, 8.125, 5.125, 8.3125], "texture": "#1"},
				"south": {"uv": [8.1875, 8.125, 8.0625, 8.3125], "texture": "#1"},
				"west": {"uv": [5.125, 8.125, 4.8125, 8.3125], "texture": "#1"},
				"up": {"uv": [5.5625, 8.4375, 5.6875, 8.125], "texture": "#1"},
				"down": {"uv": [5.5625, 8.125, 5.6875, 8.4375], "texture": "#1"}
			}
		},
		{
			"from": [1.9924, 6.0872, -13.4],
			"to": [14.0884, 13.3448, 3.0344],
			"rotation": {"angle": 0, "axis": "y", "origin": [8.14, 7.3108, -0.8266]},
			"faces": {
				"north": {"uv": [4.1875, 7.0625, 4.9375, 7.5], "texture": "#1"},
				"east": {"uv": [4.75, 6.625, 5.75, 7.0625], "texture": "#1"},
				"south": {"uv": [4.9375, 7.0625, 4.1875, 7.5], "texture": "#1"},
				"west": {"uv": [5.75, 6.625, 4.75, 7.0625], "texture": "#1"},
				"up": {"uv": [1.8125, 7.25, 1.0625, 6.25], "texture": "#1"},
				"down": {"uv": [1.8125, 6.25, 1.0625, 7.25], "texture": "#1"}
			}
		},
		{
			"from": [-1.6212, -0.4584, 2.2036],
			"to": [2.5004, 9.3304, 6.8404],
			"rotation": {"angle": 0, "axis": "y", "origin": [8.14, 7.3108, -0.8266]},
			"faces": {
				"north": {"uv": [3.8125, 7.625, 3.5625, 8.25], "texture": "#1"},
				"east": {"uv": [7.75, 7.375, 7.4375, 8], "texture": "#1"},
				"south": {"uv": [3.5625, 7.625, 3.8125, 8.25], "texture": "#1"},
				"west": {"uv": [7.75, 7.375, 7.4375, 8], "texture": "#1"},
				"up": {"uv": [7.875, 7.3125, 8.125, 7], "texture": "#1"},
				"down": {"uv": [7.9375, 0.5, 8.1875, 0.8125], "texture": "#1"}
			}
		},
		{
			"from": [-1.7132, -0.4584, -7.6404],
			"to": [2.4084, 9.3304, -3.0036],
			"rotation": {"angle": 0, "axis": "y", "origin": [8.14, 7.3108, -0.8266]},
			"faces": {
				"north": {"uv": [3.8125, 7.625, 3.5625, 8.25], "texture": "#1"},
				"east": {"uv": [7.75, 7.375, 7.4375, 8], "texture": "#1"},
				"south": {"uv": [3.5625, 7.625, 3.8125, 8.25], "texture": "#1"},
				"west": {"uv": [7.75, 7.375, 7.4375, 8], "texture": "#1"},
				"up": {"uv": [7.875, 7.3125, 8.125, 7], "texture": "#1"},
				"down": {"uv": [7.9375, 0.5, 8.1875, 0.8125], "texture": "#1"}
			}
		},
		{
			"from": [13.8716, -0.4584, -7.6404],
			"to": [17.9932, 9.3304, -3.0036],
			"rotation": {"angle": 0, "axis": "y", "origin": [8.14, 7.3108, -0.8266]},
			"faces": {
				"north": {"uv": [3.5625, 7.625, 3.8125, 8.25], "texture": "#1"},
				"east": {"uv": [7.4375, 7.375, 7.75, 8], "texture": "#1"},
				"south": {"uv": [3.8125, 7.625, 3.5625, 8.25], "texture": "#1"},
				"west": {"uv": [7.4375, 7.375, 7.75, 8], "texture": "#1"},
				"up": {"uv": [8.125, 7.3125, 7.875, 7], "texture": "#1"},
				"down": {"uv": [8.1875, 0.5, 7.9375, 0.8125], "texture": "#1"}
			}
		},
		{
			"from": [0.9916, -2.5192, -12.4812],
			"to": [14.902, 3.6632, 9.1572],
			"rotation": {"angle": 0, "axis": "y", "origin": [8.14, 7.3108, -0.8266]},
			"faces": {
				"north": {"uv": [7.0625, 5.75, 7.9375, 6.125], "texture": "#1"},
				"east": {"uv": [6.4375, 4.25, 7.8125, 4.625], "texture": "#1"},
				"south": {"uv": [7.0625, 5.75, 7.9375, 6.125], "texture": "#1"},
				"west": {"uv": [7.8125, 4.25, 6.4375, 4.625], "texture": "#1"},
				"up": {"uv": [6.375, 2.75, 5.5, 1.375], "texture": "#1"},
				"down": {"uv": [6.375, 1.375, 5.5, 2.75], "texture": "#1"}
			}
		},
		{
			"from": [3.0524, -3.5496, -15.4144],
			"to": [13.3564, 7.7848, -8.2016],
			"rotation": {"angle": 0, "axis": "y", "origin": [8.14, 7.3108, -0.8266]},
			"faces": {
				"north": {"uv": [5.75, 6.875, 6.375, 7.5625], "texture": "#1"},
				"east": {"uv": [0.625, 7, 1.0625, 7.6875], "texture": "#1"},
				"south": {"uv": [6.375, 6.875, 5.75, 7.5625], "texture": "#1"},
				"west": {"uv": [1.0625, 7, 0.625, 7.6875], "texture": "#1"},
				"up": {"uv": [2.75, 7.75, 2.125, 7.3125], "texture": "#1"},
				"down": {"uv": [2.75, 7.3125, 2.125, 7.75], "texture": "#1"}
			}
		},
		{
			"from": [13.8716, -0.4584, 2.2036],
			"to": [17.9932, 9.3304, 6.8404],
			"rotation": {"angle": 0, "axis": "y", "origin": [8.14, 7.3108, -0.8266]},
			"faces": {
				"north": {"uv": [3.5625, 7.625, 3.8125, 8.25], "texture": "#1"},
				"east": {"uv": [7.4375, 7.375, 7.75, 8], "texture": "#1"},
				"south": {"uv": [3.8125, 7.625, 3.5625, 8.25], "texture": "#1"},
				"west": {"uv": [7.4375, 7.375, 7.75, 8], "texture": "#1"},
				"up": {"uv": [8.125, 7.3125, 7.875, 7], "texture": "#1"},
				"down": {"uv": [8.1875, 0.5, 7.9375, 0.8125], "texture": "#1"}
			}
		},
		{
			"from": [-1.0692, 0.0568, -14.292],
			"to": [17.478, 6.2392, 9.4072],
			"rotation": {"angle": 0, "axis": "y", "origin": [-1.6008, 34.4524, -77.7446]},
			"faces": {
				"north": {"uv": [6.4375, 5, 7.625, 5.375], "texture": "#1"},
				"east": {"uv": [6.4375, 3.5, 7.9375, 3.875], "texture": "#1"},
				"south": {"uv": [6.4375, 5, 7.625, 5.375], "texture": "#1"},
				"west": {"uv": [7.9375, 3.5, 6.4375, 3.875], "texture": "#1"},
				"up": {"uv": [5.5, 3, 4.3125, 1.5], "texture": "#1"},
				"down": {"uv": [5.5, 1.5, 4.3125, 3], "texture": "#1"}
			}
		},
		{
			"from": [14.10536, 8.20556, -1.1],
			"to": [15.97544, 11.01188, 3.82144],
			"rotation": {"angle": 0, "axis": "y", "origin": [8.14, 7.3108, -0.8266]},
			"faces": {
				"north": {"uv": [8.125, 7.9375, 8.25, 8.125], "texture": "#1"},
				"east": {"uv": [4.8125, 8.125, 5.125, 8.3125], "texture": "#1"},
				"south": {"uv": [8.25, 7.9375, 8.125, 8.125], "texture": "#1"},
				"west": {"uv": [5.125, 8.125, 5.4375, 8.3125], "texture": "#1"},
				"up": {"uv": [5.6875, 8.4375, 5.5625, 8.125], "texture": "#1"},
				"down": {"uv": [5.6875, 8.125, 5.5625, 8.4375], "texture": "#1"}
			}
		},
		{
			"name": "feather",
			"from": [8, -8.5, 6.5],
			"to": [8.1, 31.5, 29.5],
			"rotation": {"angle": 0, "axis": "y", "origin": [8, 12.125, 2.6572]},
			"faces": {
				"north": {"uv": [6.9375, 7.5625, 7, 10.0625], "texture": "#1"},
				"east": {"uv": [0, 0, 1.4375, 2.5], "texture": "#1"},
				"south": {"uv": [0.25, 7.625, 0.3125, 10.125], "texture": "#1"},
				"west": {"uv": [1.4375, 0, 0, 2.5], "texture": "#1"},
				"up": {"uv": [4.125, 9.0625, 4.0625, 7.625], "texture": "#1"},
				"down": {"uv": [4.1875, 7.625, 4.125, 9.0625], "texture": "#1"}
			}
		},
		{
			"name": "feather",
			"from": [15, -12.5, 7.25],
			"to": [15.1, 27.5, 30.25],
			"rotation": {"angle": 22.5, "axis": "y", "origin": [15.05, 7.5, 18.75]},
			"faces": {
				"north": {"uv": [0.3125, 7.625, 0.375, 10.125], "texture": "#1"},
				"east": {"uv": [0, 2.5, 1.4375, 5], "texture": "#1"},
				"south": {"uv": [0.375, 7.625, 0.4375, 10.125], "texture": "#1"},
				"west": {"uv": [1.4375, 2.5, 0, 5], "texture": "#1"},
				"up": {"uv": [3.1875, 9.1875, 3.125, 7.75], "texture": "#1"},
				"down": {"uv": [3.25, 7.75, 3.1875, 9.1875], "texture": "#1"}
			}
		},
		{
			"name": "feather",
			"from": [0.9, -12.5, 7.25],
			"to": [1, 27.5, 30.25],
			"rotation": {"angle": -22.5, "axis": "y", "origin": [0.95, 7.5, 18.75]},
			"faces": {
				"north": {"uv": [0.375, 7.625, 0.3125, 10.125], "texture": "#1"},
				"east": {"uv": [0, 2.5, 1.4375, 5], "texture": "#1"},
				"south": {"uv": [0.4375, 7.625, 0.375, 10.125], "texture": "#1"},
				"west": {"uv": [1.4375, 2.5, 0, 5], "texture": "#1"},
				"up": {"uv": [3.125, 9.1875, 3.1875, 7.75], "texture": "#1"},
				"down": {"uv": [3.1875, 7.75, 3.25, 9.1875], "texture": "#1"}
			}
		},
		{
			"name": "feather",
			"from": [19.15, -8.75, 8],
			"to": [19.25, 11.25, 25],
			"rotation": {"angle": 45, "axis": "y", "origin": [19.2, -1.75, 16.5]},
			"faces": {
				"north": {"uv": [1.375, 7.9375, 1.4375, 9.1875], "texture": "#1"},
				"east": {"uv": [4.3125, 3, 5.375, 4.25], "texture": "#1"},
				"south": {"uv": [1.4375, 7.9375, 1.5, 9.1875], "texture": "#1"},
				"west": {"uv": [5.375, 3, 4.3125, 4.25], "texture": "#1"},
				"up": {"uv": [6.8125, 9.0625, 6.75, 8], "texture": "#1"},
				"down": {"uv": [6.875, 8, 6.8125, 9.0625], "texture": "#1"}
			}
		},
		{
			"name": "feather",
			"from": [-3.25, -8.75, 8],
			"to": [-3.15, 11.25, 25],
			"rotation": {"angle": -45, "axis": "y", "origin": [-3.2, -1.75, 16.5]},
			"faces": {
				"north": {"uv": [1.4375, 7.9375, 1.375, 9.1875], "texture": "#1"},
				"east": {"uv": [4.3125, 3, 5.375, 4.25], "texture": "#1"},
				"south": {"uv": [1.5, 7.9375, 1.4375, 9.1875], "texture": "#1"},
				"west": {"uv": [5.375, 3, 4.3125, 4.25], "texture": "#1"},
				"up": {"uv": [6.75, 9.0625, 6.8125, 8], "texture": "#1"},
				"down": {"uv": [6.8125, 8, 6.875, 9.0625], "texture": "#1"}
			}
		},
		{
			"name": "feather",
			"from": [19.15, -1.75, 5],
			"to": [19.25, 18.25, 22],
			"rotation": {"angle": 45, "axis": "y", "origin": [19.2, 5.25, 13.5]},
			"faces": {
				"north": {"uv": [7.375, 7.9375, 7.4375, 9.1875], "texture": "#1"},
				"east": {"uv": [2.125, 5, 3.1875, 6.25], "texture": "#1"},
				"south": {"uv": [6.5625, 8, 6.625, 9.25], "texture": "#1"},
				"west": {"uv": [3.1875, 5, 2.125, 6.25], "texture": "#1"},
				"up": {"uv": [2.5625, 9.1875, 2.5, 8.125], "texture": "#1"},
				"down": {"uv": [2.625, 8.125, 2.5625, 9.1875], "texture": "#1"}
			}
		},
		{
			"name": "feather",
			"from": [-3.25, -1.75, 5],
			"to": [-3.15, 18.25, 22],
			"rotation": {"angle": -45, "axis": "y", "origin": [-3.2, 5.25, 13.5]},
			"faces": {
				"north": {"uv": [7.4375, 7.9375, 7.375, 9.1875], "texture": "#1"},
				"east": {"uv": [2.125, 5, 3.1875, 6.25], "texture": "#1"},
				"south": {"uv": [6.625, 8, 6.5625, 9.25], "texture": "#1"},
				"west": {"uv": [3.1875, 5, 2.125, 6.25], "texture": "#1"},
				"up": {"uv": [2.5, 9.1875, 2.5625, 8.125], "texture": "#1"},
				"down": {"uv": [2.5625, 8.125, 2.625, 9.1875], "texture": "#1"}
			}
		},
		{
			"name": "feather",
			"from": [10.57687, 20, 8],
			"to": [10.67687, 29, 25],
			"rotation": {"angle": -45, "axis": "z", "origin": [7.7, 12.125, 3.1572]},
			"faces": {
				"north": {"uv": [5.6875, 8.125, 5.75, 8.6875], "texture": "#1"},
				"east": {"uv": [6.375, 1.25, 7.4375, 1.8125], "texture": "#1"},
				"south": {"uv": [8.125, 6.8125, 8.1875, 7.375], "texture": "#1"},
				"west": {"uv": [7.4375, 1.25, 6.375, 1.8125], "texture": "#1"},
				"up": {"uv": [2.8125, 9.1875, 2.75, 8.125], "texture": "#1"},
				"down": {"uv": [2.875, 8.125, 2.8125, 9.1875], "texture": "#1"}
			}
		},
		{
			"name": "feather",
			"from": [5.32313, 20, 8],
			"to": [5.42313, 29, 25],
			"rotation": {"angle": 45, "axis": "z", "origin": [8.3, 12.125, 3.1572]},
			"faces": {
				"north": {"uv": [5.75, 8.125, 5.6875, 8.6875], "texture": "#1"},
				"east": {"uv": [6.375, 1.25, 7.4375, 1.8125], "texture": "#1"},
				"south": {"uv": [8.1875, 6.8125, 8.125, 7.375], "texture": "#1"},
				"west": {"uv": [7.4375, 1.25, 6.375, 1.8125], "texture": "#1"},
				"up": {"uv": [2.75, 9.1875, 2.8125, 8.125], "texture": "#1"},
				"down": {"uv": [2.8125, 8.125, 2.875, 9.1875], "texture": "#1"}
			}
		}
	],
	"display": {
		"thirdperson_righthand": {
			"scale": [0.5, 0.5, 0.5]
		},
		"thirdperson_lefthand": {
			"scale": [0.5, 0.5, 0.5]
		},
		"firstperson_righthand": {
			"scale": [0.5, 0.5, 0.5]
		},
		"firstperson_lefthand": {
			"scale": [0.5, 0.5, 0.5]
		},
		"ground": {
			"translation": [0, 10.25, 0],
			"scale": [0.75, 0.75, 0.75]
		},
		"gui": {
			"rotation": [158.17, -36.65, 156.02],
			"translation": [0.5, 0.25, 0],
			"scale": [0.32, 0.32, 0.32]
		},
		"head": {
			"translation": [0, 2.25, 0]
		},
		"fixed": {
			"translation": [0, -0.5, -9.5]
		}
	},
	"groups": [
		{
			"name": "helmet",
			"origin": [-1.44, 4.656, -81.4608],
			"color": 0,
			"children": [0, 1, 2, 3, 4, 5, 6, 7, 8, 9, 10, 11, 12, 13, 14, 15, 16, 17, 18, 19, 20, 21, 22, 23, 24, 25, 26, 27, 28, 29]
		}
	]
}