{
	"credit": "Made with Blockbench",
	"texture_size": [256, 256],
	"textures": {
		"0": "boss/sintia/sintia_hat",
		"particle": "boss/sintia/sintia_hat"
	},
	"elements": [
		{
			"from": [0.88939, 1.916, 2.74164],
			"to": [15.48939, 14.916, 15.74164],
			"rotation": {"angle": 0, "axis": "y", "origin": [8, 6.94453, 8.97108]},
			"faces": {
				"north": {"uv": [0, 4.375, 0.9375, 5.1875], "texture": "#0"},
				"east": {"uv": [4.4375, 2.625, 5.25, 3.4375], "texture": "#0"},
				"south": {"uv": [0.9375, 4.375, 1.875, 5.1875], "texture": "#0"},
				"west": {"uv": [5.25, 2.625, 4.4375, 3.4375], "texture": "#0"},
				"up": {"uv": [3.75, 5.125, 2.8125, 4.3125], "texture": "#0"},
				"down": {"uv": [3.75, 4.3125, 2.8125, 5.125], "texture": "#0"}
			}
		},
		{
			"from": [3.76602, 12.06984, -0.25836],
			"to": [17.76602, 18.06984, 5.74164],
			"rotation": {"angle": -22.5, "axis": "z", "origin": [5.8, 7.14453, 8.97108]},
			"faces": {
				"north": {"uv": [5.25, 1.25, 6.125, 1.625], "texture": "#0"},
				"east": {"uv": [1.125, 6.0625, 1.5, 6.4375], "texture": "#0"},
				"south": {"uv": [6.125, 1.25, 5.25, 1.625], "texture": "#0"},
				"west": {"uv": [1.125, 6.0625, 1.5, 6.4375], "texture": "#0"},
				"up": {"uv": [6.125, 2.375, 5.25, 2], "texture": "#0"},
				"down": {"uv": [6.125, 2, 5.25, 2.375], "texture": "#0"}
			}
		},
		{
			"from": [9.05064, 15.99771, 0.24164],
			"to": [14.05064, 26.99771, 5.24164],
			"rotation": {"angle": -45, "axis": "z", "origin": [6, 7.14453, 8.97108]},
			"faces": {
				"north": {"uv": [5.1875, 5.5625, 5.5, 6.25], "texture": "#0"},
				"east": {"uv": [5.75, 4, 6.0625, 4.6875], "texture": "#0"},
				"south": {"uv": [5.5, 5.5625, 5.1875, 6.25], "texture": "#0"},
				"west": {"uv": [5.75, 4, 6.0625, 4.6875], "texture": "#0"},
				"up": {"uv": [6.0625, 6.375, 5.75, 6.0625], "texture": "#0"},
				"down": {"uv": [6.0625, 6.0625, 5.75, 6.375], "texture": "#0"}
			}
		},
		{
			"from": [7.95064, 21, 2.24164],
			"to": [14.95064, 32, 2.34164],
			"rotation": {"angle": -45, "axis": "z", "origin": [6, 7.14453, 8.97108]},
			"faces": {
				"north": {"uv": [3.9375, 0, 4.375, 0.6875], "texture": "#0"},
				"east": {"uv": [4.3125, 6.125, 4.375, 7.4375], "texture": "#0"},
				"south": {"uv": [4.375, 0, 3.9375, 0.6875], "texture": "#0"},
				"west": {"uv": [4.375, 6.125, 4.4375, 7.4375], "texture": "#0"},
				"up": {"uv": [5.25, 2.5, 4.5, 2.4375], "texture": "#0"},
				"down": {"uv": [5.25, 2.5, 4.5, 2.5625], "texture": "#0"}
			}
		},
		{
			"from": [-1.76602, 12.06984, -0.25836],
			"to": [12.23398, 18.06984, 5.74164],
			"rotation": {"angle": 22.5, "axis": "z", "origin": [10.2, 7.14453, 8.97108]},
			"faces": {
				"north": {"uv": [6.125, 1.25, 5.25, 1.625], "texture": "#0"},
				"east": {"uv": [1.5, 6.0625, 1.125, 6.4375], "texture": "#0"},
				"south": {"uv": [5.25, 1.25, 6.125, 1.625], "texture": "#0"},
				"west": {"uv": [1.5, 6.0625, 1.125, 6.4375], "texture": "#0"},
				"up": {"uv": [5.25, 2.375, 6.125, 2], "texture": "#0"},
				"down": {"uv": [5.25, 2, 6.125, 2.375], "texture": "#0"}
			}
		},
		{
			"from": [1.94936, 15.99771, 0.24164],
			"to": [6.94936, 26.99771, 5.24164],
			"rotation": {"angle": 45, "axis": "z", "origin": [10, 7.14453, 8.97108]},
			"faces": {
				"north": {"uv": [5.5, 5.5625, 5.1875, 6.25], "texture": "#0"},
				"east": {"uv": [6.0625, 4, 5.75, 4.6875], "texture": "#0"},
				"south": {"uv": [5.1875, 5.5625, 5.5, 6.25], "texture": "#0"},
				"west": {"uv": [6.0625, 4, 5.75, 4.6875], "texture": "#0"},
				"up": {"uv": [5.75, 6.375, 6.0625, 6.0625], "texture": "#0"},
				"down": {"uv": [5.75, 6.0625, 6.0625, 6.375], "texture": "#0"}
			}
		},
		{
			"from": [1.04936, 21, 2.24164],
			"to": [8.04936, 32, 2.34164],
			"rotation": {"angle": 45, "axis": "z", "origin": [10, 7.14453, 8.97108]},
			"faces": {
				"north": {"uv": [4.375, 0, 3.9375, 0.6875], "texture": "#0"},
				"east": {"uv": [4.4375, 6.125, 4.375, 7.4375], "texture": "#0"},
				"south": {"uv": [3.9375, 0, 4.375, 0.6875], "texture": "#0"},
				"west": {"uv": [4.375, 6.125, 4.3125, 7.4375], "texture": "#0"},
				"up": {"uv": [4.5, 2.5, 5.25, 2.4375], "texture": "#0"},
				"down": {"uv": [4.5, 2.5, 5.25, 2.5625], "texture": "#0"}
			}
		},
		{
			"from": [5.68939, 1.0278, -3.6717],
			"to": [10.68939, 21.8618, 7.3283],
			"rotation": {"angle": 45, "axis": "x", "origin": [8.2, 6.94453, 8.97108]},
			"faces": {
				"north": {"uv": [3.375, 5.1875, 3.6875, 6.5], "texture": "#0"},
				"east": {"uv": [3.75, 2.625, 4.4375, 3.9375], "texture": "#0"},
				"south": {"uv": [3.6875, 5.1875, 3.375, 6.5], "texture": "#0"},
				"west": {"uv": [4.4375, 2.625, 3.75, 3.9375], "texture": "#0"},
				"up": {"uv": [6.0625, 5.375, 5.75, 4.6875], "texture": "#0"},
				"down": {"uv": [6.0625, 4.6875, 5.75, 5.375], "texture": "#0"}
			}
		},
		{
			"from": [6.18939, 7.20688, 9.14435],
			"to": [10.18939, 21.20688, 19.14435],
			"rotation": {"angle": 22.5, "axis": "x", "origin": [8.2, 6.94453, 8.97108]},
			"faces": {
				"north": {"uv": [5.5, 4.875, 5.75, 5.75], "texture": "#0"},
				"east": {"uv": [0.75, 5.1875, 1.375, 6.0625], "texture": "#0"},
				"south": {"uv": [5.5, 4.875, 5.75, 5.75], "texture": "#0"},
				"west": {"uv": [1.375, 5.1875, 0.75, 6.0625], "texture": "#0"},
				"up": {"uv": [5.75, 6.375, 5.5, 5.75], "texture": "#0"},
				"down": {"uv": [5.5, 5.75, 5.75, 6.375], "texture": "#0"}
			}
		},
		{
			"from": [16.38939, -5.32259, 0.48555],
			"to": [16.48939, 29.67741, 30.8],
			"rotation": {"angle": 22.5, "axis": "y", "origin": [16.43939, 14.17741, 16.84277]},
			"faces": {
				"north": {"uv": [5, 5.8125, 5.0625, 8], "texture": "#0"},
				"east": {"uv": [0, 0, 1.875, 2.1875], "texture": "#0"},
				"south": {"uv": [5.0625, 5.8125, 5.125, 8], "texture": "#0"},
				"west": {"uv": [1.875, 0, 0, 2.1875], "texture": "#0"},
				"up": {"uv": [3.375, 7.75, 3.3125, 5.875], "texture": "#0"},
				"down": {"uv": [1.9375, 6.0625, 1.875, 7.9375], "texture": "#0"}
			}
		},
		{
			"from": [-0.48939, -5.32259, 0.48555],
			"to": [-0.38939, 29.67741, 30.8],
			"rotation": {"angle": -22.5, "axis": "y", "origin": [-0.43939, 14.17741, 16.84277]},
			"faces": {
				"north": {"uv": [5.0625, 5.8125, 5, 8], "texture": "#0"},
				"east": {"uv": [0, 0, 1.875, 2.1875], "texture": "#0"},
				"south": {"uv": [5.125, 5.8125, 5.0625, 8], "texture": "#0"},
				"west": {"uv": [1.875, 0, 0, 2.1875], "texture": "#0"},
				"up": {"uv": [3.3125, 7.75, 3.375, 5.875], "texture": "#0"},
				"down": {"uv": [1.875, 6.0625, 1.9375, 7.9375], "texture": "#0"}
			}
		},
		{
			"from": [7.91061, -3.32259, 1.48555],
			"to": [8.01061, 31.67741, 31.8],
			"rotation": {"angle": 0, "axis": "y", "origin": [7.96061, 16.17741, 17.84277]},
			"faces": {
				"north": {"uv": [5.0625, 5.8125, 5, 8], "texture": "#0"},
				"east": {"uv": [0, 0, 1.875, 2.1875], "texture": "#0"},
				"south": {"uv": [5.125, 5.8125, 5.0625, 8], "texture": "#0"},
				"west": {"uv": [1.875, 0, 0, 2.1875], "texture": "#0"},
				"up": {"uv": [3.3125, 7.75, 3.375, 5.875], "texture": "#0"},
				"down": {"uv": [1.875, 6.0625, 1.9375, 7.9375], "texture": "#0"}
			}
		},
		{
			"from": [15.18237, -6.12259, 2.28555],
			"to": [15.28237, 28.87741, 23.28555],
			"rotation": {"angle": 45, "axis": "y", "origin": [8, 6.14453, 8.97108]},
			"faces": {
				"north": {"uv": [5.125, 5.8125, 5.1875, 8], "texture": "#0"},
				"east": {"uv": [0.5625, 2.1875, 1.875, 4.375], "texture": "#0"},
				"south": {"uv": [3.25, 5.875, 3.3125, 8.0625], "texture": "#0"},
				"west": {"uv": [1.875, 2.1875, 0.5625, 4.375], "texture": "#0"},
				"up": {"uv": [2, 7.9375, 1.9375, 6.0625], "texture": "#0"},
				"down": {"uv": [6.125, 5.4375, 6.0625, 7.3125], "texture": "#0"}
			}
		},
		{
			"from": [0.71763, -6.12259, 2.28555],
			"to": [0.81763, 28.87741, 23.28555],
			"rotation": {"angle": -45, "axis": "y", "origin": [8, 6.14453, 8.97108]},
			"faces": {
				"north": {"uv": [5.1875, 5.8125, 5.125, 8], "texture": "#0"},
				"east": {"uv": [0.5625, 2.1875, 1.875, 4.375], "texture": "#0"},
				"south": {"uv": [3.3125, 5.875, 3.25, 8.0625], "texture": "#0"},
				"west": {"uv": [1.875, 2.1875, 0.5625, 4.375], "texture": "#0"},
				"up": {"uv": [1.9375, 7.9375, 2, 6.0625], "texture": "#0"},
				"down": {"uv": [6.0625, 5.4375, 6.125, 7.3125], "texture": "#0"}
			}
		},
		{
			"from": [15.88237, -11.12259, 1.08555],
			"to": [15.98237, 0.87741, 12.08555],
			"rotation": {"angle": 45, "axis": "y", "origin": [8, 10.14453, 8.97108]},
			"faces": {
				"north": {"uv": [5.125, 5.8125, 5.1875, 8], "texture": "#0"},
				"east": {"uv": [2.5, 3.5625, 3.1875, 4.3125], "texture": "#0"},
				"south": {"uv": [3.25, 5.875, 3.3125, 8.0625], "texture": "#0"},
				"west": {"uv": [3.1875, 3.5625, 2.5, 4.3125], "texture": "#0"},
				"up": {"uv": [2, 7.9375, 1.9375, 6.0625], "texture": "#0"},
				"down": {"uv": [6.125, 5.4375, 6.0625, 7.3125], "texture": "#0"}
			}
		},
		{
			"from": [19.88237, -0.12259, 5.08555],
			"to": [19.98237, 11.87741, 16.08555],
			"rotation": {"angle": 45, "axis": "y", "origin": [8, 6.14453, 8.97108]},
			"faces": {
				"north": {"uv": [5.125, 5.8125, 5.1875, 8], "texture": "#0"},
				"east": {"uv": [2.5, 3.5625, 3.1875, 4.3125], "texture": "#0"},
				"south": {"uv": [3.25, 5.875, 3.3125, 8.0625], "texture": "#0"},
				"west": {"uv": [3.1875, 3.5625, 2.5, 4.3125], "texture": "#0"},
				"up": {"uv": [2, 7.9375, 1.9375, 6.0625], "texture": "#0"},
				"down": {"uv": [6.125, 5.4375, 6.0625, 7.3125], "texture": "#0"}
			}
		},
		{
			"from": [-3.98237, -0.12259, 5.08555],
			"to": [-3.88237, 11.87741, 16.08555],
			"rotation": {"angle": -45, "axis": "y", "origin": [8, 6.14453, 8.97108]},
			"faces": {
				"north": {"uv": [5.1875, 5.8125, 5.125, 8], "texture": "#0"},
				"east": {"uv": [2.5, 3.5625, 3.1875, 4.3125], "texture": "#0"},
				"south": {"uv": [3.3125, 5.875, 3.25, 8.0625], "texture": "#0"},
				"west": {"uv": [3.1875, 3.5625, 2.5, 4.3125], "texture": "#0"},
				"up": {"uv": [1.9375, 7.9375, 2, 6.0625], "texture": "#0"},
				"down": {"uv": [6.0625, 5.4375, 6.125, 7.3125], "texture": "#0"}
			}
		},
		{
			"from": [0.01763, -11.12259, 1.08555],
			"to": [0.11763, 0.87741, 12.08555],
			"rotation": {"angle": -45, "axis": "y", "origin": [8, 10.14453, 8.97108]},
			"faces": {
				"north": {"uv": [5.1875, 5.8125, 5.125, 8], "texture": "#0"},
				"east": {"uv": [2.5, 3.5625, 3.1875, 4.3125], "texture": "#0"},
				"south": {"uv": [3.3125, 5.875, 3.25, 8.0625], "texture": "#0"},
				"west": {"uv": [3.1875, 3.5625, 2.5, 4.3125], "texture": "#0"},
				"up": {"uv": [1.9375, 7.9375, 2, 6.0625], "texture": "#0"},
				"down": {"uv": [6.0625, 5.4375, 6.125, 7.3125], "texture": "#0"}
			}
		},
		{
			"from": [-0.98237, -8.12259, 2.08555],
			"to": [-0.88237, 3.87741, 13.08555],
			"rotation": {"angle": -45, "axis": "y", "origin": [8, 10.14453, 8.97108]},
			"faces": {
				"north": {"uv": [5.1875, 5.8125, 5.125, 8], "texture": "#0"},
				"east": {"uv": [2.5, 3.5625, 3.1875, 4.3125], "texture": "#0"},
				"south": {"uv": [3.3125, 5.875, 3.25, 8.0625], "texture": "#0"},
				"west": {"uv": [3.1875, 3.5625, 2.5, 4.3125], "texture": "#0"},
				"up": {"uv": [1.9375, 7.9375, 2, 6.0625], "texture": "#0"},
				"down": {"uv": [6.0625, 5.4375, 6.125, 7.3125], "texture": "#0"}
			}
		},
		{
			"from": [16.88237, -8.12259, 2.08555],
			"to": [16.98237, 3.87741, 13.08555],
			"rotation": {"angle": 45, "axis": "y", "origin": [8, 10.14453, 8.97108]},
			"faces": {
				"north": {"uv": [5.125, 5.8125, 5.1875, 8], "texture": "#0"},
				"east": {"uv": [2.5, 3.5625, 3.1875, 4.3125], "texture": "#0"},
				"south": {"uv": [3.25, 5.875, 3.3125, 8.0625], "texture": "#0"},
				"west": {"uv": [3.1875, 3.5625, 2.5, 4.3125], "texture": "#0"},
				"up": {"uv": [2, 7.9375, 1.9375, 6.0625], "texture": "#0"},
				"down": {"uv": [6.125, 5.4375, 6.0625, 7.3125], "texture": "#0"}
			}
		},
		{
			"from": [-3.00396, 1.8968, -2.06206],
			"to": [8.99604, 14.8968, 9.93794],
			"rotation": {"angle": -45, "axis": "y", "origin": [8, 6.94453, 8.97108]},
			"faces": {
				"north": {"uv": [4.4375, 4.25, 5.1875, 5.0625], "texture": "#0"},
				"east": {"uv": [5.1875, 4.25, 4.4375, 5.0625], "texture": "#0"},
				"south": {"uv": [4.4375, 4.25, 5.1875, 5.0625], "texture": "#0"},
				"west": {"uv": [5.1875, 4.25, 4.4375, 5.0625], "texture": "#0"},
				"up": {"uv": [3.4375, 5.875, 2.6875, 5.125], "texture": "#0"},
				"down": {"uv": [3.4375, 5.125, 2.6875, 5.875], "texture": "#0"}
			}
		},
		{
			"from": [-1.10396, 8.8968, -3.06206],
			"to": [8.89604, 14.8768, 3.93794],
			"rotation": {"angle": -45, "axis": "y", "origin": [8, 5.94453, 8.97108]},
			"faces": {
				"north": {"uv": [5.25, 3.625, 5.875, 4], "texture": "#0"},
				"east": {"uv": [5.25, 3.625, 5.6875, 4], "texture": "#0"},
				"south": {"uv": [5.875, 3.625, 5.25, 4], "texture": "#0"},
				"west": {"uv": [5.25, 3.625, 5.6875, 4], "texture": "#0"},
				"up": {"uv": [5.875, 4, 5.25, 3.5625], "texture": "#0"},
				"down": {"uv": [5.875, 3.5625, 5.25, 4], "texture": "#0"}
			}
		},
		{
			"from": [7.10396, 8.8968, -3.06206],
			"to": [17.10396, 14.8768, 3.93794],
			"rotation": {"angle": 45, "axis": "y", "origin": [8, 5.94453, 8.97108]},
			"faces": {
				"north": {"uv": [5.875, 3.625, 5.25, 4], "texture": "#0"},
				"east": {"uv": [5.6875, 3.625, 5.25, 4], "texture": "#0"},
				"south": {"uv": [5.25, 3.625, 5.875, 4], "texture": "#0"},
				"west": {"uv": [5.6875, 3.625, 5.25, 4], "texture": "#0"},
				"up": {"uv": [5.25, 4, 5.875, 3.5625], "texture": "#0"},
				"down": {"uv": [5.25, 3.5625, 5.875, 4], "texture": "#0"}
			}
		},
		{
			"from": [4.51056, 10.1968, -6.70716],
			"to": [11.51056, 17.1968, -1.70716],
			"rotation": {"angle": 45, "axis": "z", "origin": [8.01056, 13.6968, 0.29284]},
			"faces": {
				"north": {"uv": [5.875, 3.0625, 6.3125, 3.5], "texture": "#0"},
				"east": {"uv": [6.0625, 3.9375, 6.375, 4.375], "texture": "#0"},
				"south": {"uv": [5.875, 3.0625, 6.3125, 3.5], "texture": "#0"},
				"west": {"uv": [6.375, 3.9375, 6.0625, 4.375], "texture": "#0"},
				"up": {"uv": [6.5, 5.4375, 6.0625, 5.125], "texture": "#0"},
				"down": {"uv": [6.5, 5.125, 6.0625, 5.4375], "texture": "#0"}
			}
		},
		{
			"from": [14.41005, 17.09731, -1.70716],
			"to": [21.41005, 24.09731, 3.29284],
			"rotation": {"angle": 45, "axis": "z", "origin": [17.91005, 6.59731, 5.29284]},
			"faces": {
				"north": {"uv": [5.875, 3.0625, 6.3125, 3.5], "texture": "#0"},
				"east": {"uv": [6.0625, 3.9375, 6.375, 4.375], "texture": "#0"},
				"south": {"uv": [5.875, 3.0625, 6.3125, 3.5], "texture": "#0"},
				"west": {"uv": [6.375, 3.9375, 6.0625, 4.375], "texture": "#0"},
				"up": {"uv": [6.5, 5.4375, 6.0625, 5.125], "texture": "#0"},
				"down": {"uv": [6.5, 5.125, 6.0625, 5.4375], "texture": "#0"}
			}
		},
		{
			"from": [-1.97467, -3.1032, -0.99135],
			"to": [9.02533, 1.8968, 10.00865],
			"rotation": {"angle": -45, "axis": "y", "origin": [8, 6.94453, 8.97108]},
			"faces": {
				"north": {"uv": [4.3125, 5.8125, 5, 6.125], "texture": "#0"},
				"east": {"uv": [4.3125, 5.8125, 5, 6.125], "texture": "#0"},
				"south": {"uv": [5, 5.8125, 4.3125, 6.125], "texture": "#0"},
				"west": {"uv": [5, 5.8125, 4.3125, 6.125], "texture": "#0"},
				"up": {"uv": [3.375, 5.875, 2.6875, 5.1875], "texture": "#0"},
				"down": {"uv": [3.375, 5.1875, 2.6875, 5.875], "texture": "#0"}
			}
		},
		{
			"from": [0.03954, -4.1032, 1.02286],
			"to": [10.03954, 0.8968, 11.02286],
			"rotation": {"angle": -45, "axis": "y", "origin": [8, 7.94453, 8.97108]},
			"faces": {
				"north": {"uv": [5.875, 0.9375, 6.5, 1.25], "texture": "#0"},
				"east": {"uv": [6.5, 0.9375, 5.875, 1.25], "texture": "#0"},
				"south": {"uv": [5.875, 0.9375, 6.5, 1.25], "texture": "#0"},
				"west": {"uv": [6.5, 0.9375, 5.875, 1.25], "texture": "#0"},
				"up": {"uv": [3.3125, 5.8125, 2.6875, 5.1875], "texture": "#0"},
				"down": {"uv": [3.3125, 5.1875, 2.6875, 5.8125], "texture": "#0"}
			}
		}
	],
	"display": {
		"thirdperson_righthand": {
			"scale": [0.5, 0.5, 0.5]
		},
		"thirdperson_lefthand": {
			"scale": [0.5, 0.5, 0.5]
		},
		"firstperson_righthand": {
			"scale": [0.5, 0.5, 0.5]
		},
		"firstperson_lefthand": {
			"scale": [0.5, 0.5, 0.5]
		},
		"ground": {
			"translation": [0, 14.75, 0],
			"scale": [0.75, 0.75, 0.75]
		},
		"gui": {
			"rotation": [158.17, -36.65, 156.02],
			"translation": [1.25, -0.25, 0],
			"scale": [0.4, 0.4, 0.4]
		},
		"head": {
			"translation": [-0.2, 2.25, 0]
		},
		"fixed": {
			"translation": [0, -0.5, -0.75]
		}
	},
	"groups": [
		{
			"name": "sintia_hat",
			"origin": [-0.1832, 8.99872, -1.86127],
			"color": 0,
			"children": [0, 1, 2, 3, 4, 5, 6, 7, 8, 9, 10, 11, 12, 13, 14, 15, 16, 17, 18, 19, 20, 21, 22, 23, 24, 25, 26]
		}
	]
}