{
	"credit": "momirealms",
	"texture_size": [256, 256],
	"textures": {
		"0": "boss/toro/soul_knight"
	},
	"elements": [
		{
			"from": [6.57, -7, 7.36],
			"to": [8.49, 1.96, 9.28],
			"rotation": {"angle": 0, "axis": "y", "origin": [8.45, -2.51, 8.72]},
			"faces": {
				"north": {"uv": [3.75, 6.6875, 3.625, 7.375], "rotation": 180, "texture": "#0"},
				"east": {"uv": [6.75, 3.9375, 7.4375, 4.0625], "rotation": 270, "texture": "#0"},
				"south": {"uv": [4.125, 7.3125, 4, 6.625], "texture": "#0"},
				"west": {"uv": [6.75, 4.0625, 7.4375, 4.1875], "rotation": 90, "texture": "#0"},
				"up": {"uv": [8.75, 2.6875, 8.875, 2.8125], "rotation": 180, "texture": "#0"},
				"down": {"uv": [8.75, 2.8125, 8.875, 2.9375], "texture": "#0"}
			}
		},
		{
			"from": [6.57, -1.67, 6.08],
			"to": [8.49, -1.03, 10.56],
			"rotation": {"angle": 0, "axis": "y", "origin": [8.45, -2.51, 8.72]},
			"faces": {
				"north": {"uv": [8.9375, 7.3125, 8.8125, 7.375], "rotation": 180, "texture": "#0"},
				"east": {"uv": [7.6875, 8.4375, 7.75, 8.8125], "rotation": 270, "texture": "#0"},
				"south": {"uv": [8.9375, 7.3125, 8.8125, 7.25], "texture": "#0"},
				"west": {"uv": [2.0625, 8.5, 2.125, 8.875], "rotation": 90, "texture": "#0"},
				"up": {"uv": [7.3125, 7.8125, 7.4375, 8.1875], "rotation": 180, "texture": "#0"},
				"down": {"uv": [7.4375, 7.8125, 7.5625, 8.1875], "texture": "#0"}
			}
		},
		{
			"from": [6.89, -1.03, 6.72],
			"to": [8.17, 25.85, 9.92],
			"rotation": {"angle": 0, "axis": "y", "origin": [8.45, -2.51, 8.72]},
			"faces": {
				"north": {"uv": [1.75, 4.375, 1.625, 6.5], "rotation": 180, "texture": "#0"},
				"east": {"uv": [1.75, 2.9375, 3.875, 3.1875], "rotation": 270, "texture": "#0"},
				"south": {"uv": [1.625, 6.5, 1.5, 4.375], "texture": "#0"},
				"west": {"uv": [1.75, 3.1875, 3.875, 3.4375], "rotation": 90, "texture": "#0"},
				"up": {"uv": [7.9375, 8.25, 8.0625, 8.5], "rotation": 180, "texture": "#0"},
				"down": {"uv": [8.3125, 6.0625, 8.4375, 6.3125], "texture": "#0"}
			}
		},
		{
			"from": [7.05, 25.85, 7.36],
			"to": [8.01, 28.41, 9.28],
			"rotation": {"angle": 0, "axis": "y", "origin": [8.45, -2.51, 8.72]},
			"faces": {
				"north": {"uv": [8.875, 0.25, 8.8125, 0.4375], "rotation": 180, "texture": "#0"},
				"east": {"uv": [8.5625, 6.3125, 8.75, 6.4375], "rotation": 270, "texture": "#0"},
				"south": {"uv": [0.125, 9, 0.0625, 8.8125], "texture": "#0"},
				"west": {"uv": [8.5625, 7.0625, 8.75, 7.1875], "rotation": 90, "texture": "#0"},
				"up": {"uv": [8.8125, 7.625, 8.875, 7.75], "rotation": 180, "texture": "#0"},
				"down": {"uv": [7.6875, 8.8125, 7.75, 8.9375], "texture": "#0"}
			}
		},
		{
			"from": [7.53, -1.03, 5.44],
			"to": [7.53, 30.97, 11.2],
			"rotation": {"angle": 0, "axis": "y", "origin": [8.45, -2.51, 8.72]},
			"faces": {
				"north": {"uv": [0, 0, 0, 2.5], "rotation": 180, "texture": "#0"},
				"east": {"uv": [4.79688, 8.9375, 2, 9.625], "rotation": 270, "texture": "#0"},
				"south": {"uv": [0, 2.5, 0, 0], "texture": "#0"},
				"west": {"uv": [2, 8.9375, 4.79688, 9.625], "rotation": 90, "texture": "#0"},
				"up": {"uv": [0, 0, 0, 0.4375], "rotation": 180, "texture": "#0"},
				"down": {"uv": [0, 0, 0, 0.4375], "texture": "#0"}
			}
		},
		{
			"from": [8.49, -2.47, 9.44],
			"to": [9.13, 0.25, 10.08],
			"rotation": {"angle": 0, "axis": "y", "origin": [8.45, -2.51, 8.72]},
			"faces": {
				"north": {"uv": [0.5, 8.8125, 0.4375, 9], "rotation": 180, "texture": "#0"},
				"east": {"uv": [8.75, 7.4375, 8.9375, 7.5], "rotation": 270, "texture": "#0"},
				"south": {"uv": [0.4375, 9, 0.375, 8.8125], "texture": "#0"},
				"west": {"uv": [8.75, 7.5, 8.9375, 7.5625], "rotation": 90, "texture": "#0"},
				"up": {"uv": [8.875, 1.1875, 8.9375, 1.25], "rotation": 180, "texture": "#0"},
				"down": {"uv": [1.4375, 8.875, 1.5, 8.9375], "texture": "#0"}
			}
		},
		{
			"from": [5.93, -2.47, 9.44],
			"to": [6.57, 0.25, 10.08],
			"rotation": {"angle": 0, "axis": "y", "origin": [8.45, -2.51, 8.72]},
			"faces": {
				"north": {"uv": [0.75, 8.8125, 0.6875, 9], "rotation": 180, "texture": "#0"},
				"east": {"uv": [8.8125, 0.4375, 9, 0.5], "rotation": 270, "texture": "#0"},
				"south": {"uv": [8.875, 0.6875, 8.8125, 0.5], "texture": "#0"},
				"west": {"uv": [0.5, 8.8125, 0.6875, 8.875], "rotation": 90, "texture": "#0"},
				"up": {"uv": [1.5, 8.875, 1.5625, 8.9375], "rotation": 180, "texture": "#0"},
				"down": {"uv": [8.875, 1.5, 8.9375, 1.5625], "texture": "#0"}
			}
		},
		{
			"from": [5.93, -2.47, 6.56],
			"to": [6.57, 0.25, 7.2],
			"rotation": {"angle": 0, "axis": "y", "origin": [8.45, -2.51, 8.72]},
			"faces": {
				"north": {"uv": [0.875, 8.8125, 0.8125, 9], "rotation": 180, "texture": "#0"},
				"east": {"uv": [8.8125, 0.6875, 9, 0.75], "rotation": 270, "texture": "#0"},
				"south": {"uv": [0.8125, 9, 0.75, 8.8125], "texture": "#0"},
				"west": {"uv": [8.8125, 0.75, 9, 0.8125], "rotation": 90, "texture": "#0"},
				"up": {"uv": [1.5625, 8.875, 1.625, 8.9375], "rotation": 180, "texture": "#0"},
				"down": {"uv": [8.875, 1.5625, 8.9375, 1.625], "texture": "#0"}
			}
		},
		{
			"from": [7.21, -2.31, 5.44],
			"to": [7.85, 0.25, 6.08],
			"rotation": {"angle": 0, "axis": "y", "origin": [8.45, -2.51, 8.72]},
			"faces": {
				"north": {"uv": [1.1875, 8.8125, 1.125, 9], "rotation": 180, "texture": "#0"},
				"east": {"uv": [8.8125, 0.8125, 9, 0.875], "rotation": 270, "texture": "#0"},
				"south": {"uv": [8.875, 1.25, 8.8125, 1.0625], "texture": "#0"},
				"west": {"uv": [0.9375, 8.8125, 1.125, 8.875], "rotation": 90, "texture": "#0"},
				"up": {"uv": [1.625, 8.875, 1.6875, 8.9375], "rotation": 180, "texture": "#0"},
				"down": {"uv": [8.875, 1.625, 8.9375, 1.6875], "texture": "#0"}
			}
		},
		{
			"from": [7.21, -2.31, 10.56],
			"to": [7.85, 0.25, 11.2],
			"rotation": {"angle": 0, "axis": "y", "origin": [8.45, -2.51, 8.72]},
			"faces": {
				"north": {"uv": [1.375, 8.8125, 1.3125, 9], "rotation": 180, "texture": "#0"},
				"east": {"uv": [8.8125, 1.25, 9, 1.3125], "rotation": 270, "texture": "#0"},
				"south": {"uv": [1.25, 9, 1.1875, 8.8125], "texture": "#0"},
				"west": {"uv": [8.8125, 1.3125, 9, 1.375], "rotation": 90, "texture": "#0"},
				"up": {"uv": [1.8125, 8.875, 1.875, 8.9375], "rotation": 180, "texture": "#0"},
				"down": {"uv": [1.875, 8.875, 1.9375, 8.9375], "texture": "#0"}
			}
		},
		{
			"from": [8.49, -2.47, 6.56],
			"to": [9.13, 0.25, 7.2],
			"rotation": {"angle": 0, "axis": "y", "origin": [8.45, -2.51, 8.72]},
			"faces": {
				"north": {"uv": [8.875, 1.5, 8.8125, 1.6875], "rotation": 180, "texture": "#0"},
				"east": {"uv": [8.8125, 1.375, 9, 1.4375], "rotation": 270, "texture": "#0"},
				"south": {"uv": [1.4375, 9, 1.375, 8.8125], "texture": "#0"},
				"west": {"uv": [8.8125, 1.4375, 9, 1.5], "rotation": 90, "texture": "#0"},
				"up": {"uv": [8.875, 1.9375, 8.9375, 2], "rotation": 180, "texture": "#0"},
				"down": {"uv": [8.875, 2, 8.9375, 2.0625], "texture": "#0"}
			}
		},
		{
			"from": [6.41, -7, 7.2],
			"to": [8.65, -5.72, 9.44],
			"rotation": {"angle": 0, "axis": "y", "origin": [8.45, -2.51, 8.72]},
			"faces": {
				"north": {"uv": [8.75, 7.8125, 8.5625, 7.9375], "rotation": 180, "texture": "#0"},
				"east": {"uv": [8.5625, 8.3125, 8.6875, 8.5], "rotation": 270, "texture": "#0"},
				"south": {"uv": [8.75, 7.4375, 8.5625, 7.3125], "texture": "#0"},
				"west": {"uv": [8.5625, 8.5, 8.6875, 8.6875], "rotation": 90, "texture": "#0"},
				"up": {"uv": [8.1875, 0.375, 8.375, 0.5625], "rotation": 180, "texture": "#0"},
				"down": {"uv": [8.1875, 0.5625, 8.375, 0.75], "texture": "#0"}
			}
		},
		{
			"from": [7.85, -6.95, 8.6],
			"to": [8.65, -6.15, 9.4],
			"rotation": {"angle": 0, "axis": "y", "origin": [8.45, -2.51, 8.72]},
			"color": 0,
			"faces": {
				"north": {"uv": [0, 0, 0.0625, 0.0625], "rotation": 180, "texture": "#missing"},
				"east": {"uv": [0, 0, 0.0625, 0.0625], "rotation": 270, "texture": "#missing"},
				"south": {"uv": [0, 0, 0.0625, 0.0625], "texture": "#missing"},
				"west": {"uv": [0, 0, 0.0625, 0.0625], "rotation": 90, "texture": "#missing"},
				"up": {"uv": [0, 0, 0.0625, 0.0625], "rotation": 180, "texture": "#missing"},
				"down": {"uv": [0, 0, 0.0625, 0.0625], "texture": "#missing"}
			}
		}
	],
	"display": {
		"thirdperson_righthand": {
			"translation": [0, 6.25, 1.75],
			"scale": [0.6, 0.6, 0.6]
		},
		"thirdperson_lefthand": {
			"translation": [0, 6.25, 1.75],
			"scale": [0.6, 0.6, 0.6]
		},
		"firstperson_righthand": {
			"rotation": [0, 0, -11.25],
			"translation": [0.75, 3, 0.75],
			"scale": [0.6, 0.6, 0.6]
		},
		"firstperson_lefthand": {
			"rotation": [0, 0, -11.25],
			"translation": [0.75, 3, 0.75],
			"scale": [0.6, 0.6, 0.6]
		},
		"ground": {
			"rotation": [-25.25, -6.36, 27.91],
			"translation": [0, 2.5, 0],
			"scale": [0.5, 0.5, 0.5]
		},
		"gui": {
			"rotation": [90, 47.5, -90],
			"translation": [-1.5, -1.5, 0],
			"scale": [0.5, 0.5, 0.5]
		},
		"fixed": {
			"rotation": [0, 90, 0],
			"translation": [0, 0, -1.5]
		}
	},
	"groups": [
		{
			"name": "sword",
			"origin": [-0.15, -15.15, 1.6],
			"color": 0,
			"children": [
				0,
				1,
				2,
				3,
				4,
				5,
				6,
				7,
				8,
				9,
				10,
				11,
				{
					"name": "swordedge",
					"origin": [-0.32, -11.92, -29.12],
					"color": 0,
					"children": [12]
				}
			]
		}
	]
}