{
	"credit": "momirealms",
	"texture_size": [256, 256],
	"textures": {
		"0": "boss/toro/soul_knight"
	},
	"elements": [
		{
			"from": [6.77069, -14, 7.32225],
			"to": [8.01466, 18.98179, 8.56622],
			"rotation": {"angle": 0, "axis": "y", "origin": [7.08168, -0.8, 7.94424]},
			"faces": {
				"north": {"uv": [2, 3.4375, 1.875, 7.5625], "rotation": 180, "texture": "#0"},
				"east": {"uv": [3.375, 1.6875, 7.5, 1.8125], "rotation": 270, "texture": "#0"},
				"south": {"uv": [1.875, 7.5625, 1.75, 3.4375], "texture": "#0"},
				"west": {"uv": [3.375, 1.8125, 7.5, 1.9375], "rotation": 90, "texture": "#0"},
				"up": {"uv": [8.75, 5.125, 8.875, 5.25], "rotation": 180, "texture": "#0"},
				"down": {"uv": [5.1875, 8.75, 5.3125, 8.875], "texture": "#0"}
			}
		},
		{
			"from": [6.90027, 13.74513, 8.09973],
			"to": [7.88508, 23.2563, 9.3437],
			"rotation": {"angle": 0, "axis": "y", "origin": [7.08168, -0.8, 7.94424]},
			"faces": {
				"north": {"uv": [4.5, 5.4375, 4.375, 6.5625], "rotation": 180, "texture": "#0"},
				"east": {"uv": [5.125, 1.4375, 6.25, 1.5625], "rotation": 270, "texture": "#0"},
				"south": {"uv": [4.375, 6.5625, 4.25, 5.4375], "texture": "#0"},
				"west": {"uv": [5.1875, 2.75, 6.3125, 2.875], "rotation": 90, "texture": "#0"},
				"up": {"uv": [8.75, 5.25, 8.875, 5.375], "rotation": 180, "texture": "#0"},
				"down": {"uv": [5.3125, 8.75, 5.4375, 8.875], "texture": "#0"}
			}
		},
		{
			"from": [7.36676, 10.11689, 4.21233],
			"to": [7.36676, 31.0311, 14.78606],
			"rotation": {"angle": 0, "axis": "y", "origin": [7.08168, -0.8, 7.94424]},
			"faces": {
				"north": {"uv": [0, 0, 0, 2.5], "rotation": 180, "texture": "#0"},
				"east": {"uv": [2.5, 1.25, 0, 2.5], "rotation": 270, "texture": "#0"},
				"south": {"uv": [0, 2.5, 0, 0], "texture": "#0"},
				"west": {"uv": [0, 1.25, 2.5, 2.5], "rotation": 90, "texture": "#0"},
				"up": {"uv": [0, 0, 0, 1.25], "rotation": 180, "texture": "#0"},
				"down": {"uv": [0, 0, 0, 1.25], "texture": "#0"}
			}
		},
		{
			"from": [7.15943, 12.43259, 1.38571],
			"to": [7.62592, 18.4451, 2.62967],
			"rotation": {"angle": 22.5, "axis": "x", "origin": [7.08168, -0.8, 7.94424]},
			"faces": {
				"north": {"uv": [5.8125, 7.5625, 5.75, 8.3125], "rotation": 180, "texture": "#0"},
				"east": {"uv": [6.25, 1.4375, 7, 1.5625], "rotation": 270, "texture": "#0"},
				"south": {"uv": [1.75, 4.3125, 1.6875, 3.5625], "texture": "#0"},
				"west": {"uv": [6.625, 3.25, 7.375, 3.375], "rotation": 90, "texture": "#0"},
				"up": {"uv": [8.625, 8.8125, 8.6875, 8.9375], "rotation": 180, "texture": "#0"},
				"down": {"uv": [8.8125, 8.625, 8.875, 8.75], "texture": "#0"}
			}
		},
		{
			"from": [7.02985, 19.04117, -1.98337],
			"to": [7.7555, 24.79452, -0.35067],
			"rotation": {"angle": 22.5, "axis": "x", "origin": [7.08168, -0.8, 7.94424]},
			"faces": {
				"north": {"uv": [5.1875, 7.875, 5.125, 8.5625], "rotation": 180, "texture": "#0"},
				"east": {"uv": [5.6875, 3.625, 6.375, 3.8125], "rotation": 270, "texture": "#0"},
				"south": {"uv": [1.9375, 8.5625, 1.875, 7.875], "texture": "#0"},
				"west": {"uv": [5.75, 0.375, 6.4375, 0.5625], "rotation": 90, "texture": "#0"},
				"up": {"uv": [1.6875, 8.8125, 1.75, 9], "rotation": 180, "texture": "#0"},
				"down": {"uv": [1.75, 8.8125, 1.8125, 9], "texture": "#0"}
			}
		},
		{
			"from": [7.15943, 19.08795, -10.96272],
			"to": [7.62592, 22.12012, -9.71875],
			"rotation": {"angle": 45, "axis": "x", "origin": [7.08168, -0.8, 7.94424]},
			"faces": {
				"north": {"uv": [5.5625, 8.5, 5.5, 8.875], "rotation": 180, "texture": "#0"},
				"east": {"uv": [7.875, 4.125, 8.25, 4.25], "rotation": 270, "texture": "#0"},
				"south": {"uv": [4.8125, 8.875, 4.75, 8.5], "texture": "#0"},
				"west": {"uv": [7.875, 6.5, 8.25, 6.625], "rotation": 90, "texture": "#0"},
				"up": {"uv": [8.6875, 8.8125, 8.75, 8.9375], "rotation": 180, "texture": "#0"},
				"down": {"uv": [8.75, 8.8125, 8.8125, 8.9375], "texture": "#0"}
			}
		},
		{
			"from": [7.28901, 20.64291, -11.0923],
			"to": [7.49634, 23.67508, -10.36665],
			"rotation": {"angle": 45, "axis": "x", "origin": [7.08168, -0.8, 7.94424]},
			"faces": {
				"north": {"uv": [2.9375, 8.5625, 2.875, 8.9375], "rotation": 180, "texture": "#0"},
				"east": {"uv": [8.625, 0.1875, 9, 0.25], "rotation": 270, "texture": "#0"},
				"south": {"uv": [2.5, 8.9375, 2.4375, 8.5625], "texture": "#0"},
				"west": {"uv": [5.5625, 8.625, 5.9375, 8.6875], "rotation": 90, "texture": "#0"},
				"up": {"uv": [2.1875, 8.875, 2.25, 8.9375], "rotation": 180, "texture": "#0"},
				"down": {"uv": [2.25, 8.875, 2.3125, 8.9375], "texture": "#0"}
			}
		},
		{
			"from": [7.28901, 17.35663, -2.63127],
			"to": [7.49634, 24.40578, -1.90563],
			"rotation": {"angle": 22.5, "axis": "x", "origin": [7.08168, -0.8, 7.94424]},
			"faces": {
				"north": {"uv": [0.875, 7.4375, 0.8125, 8.3125], "rotation": 180, "texture": "#0"},
				"east": {"uv": [5.5, 2.25, 6.375, 2.3125], "rotation": 270, "texture": "#0"},
				"south": {"uv": [6.75, 8.1875, 6.6875, 7.3125], "texture": "#0"},
				"west": {"uv": [7.5625, 7.25, 8.4375, 7.3125], "rotation": 90, "texture": "#0"},
				"up": {"uv": [8.875, 2.25, 8.9375, 2.3125], "rotation": 180, "texture": "#0"},
				"down": {"uv": [8.875, 2.3125, 8.9375, 2.375], "texture": "#0"}
			}
		},
		{
			"from": [7.15943, 2.98999, 8.48847],
			"to": [7.62592, 8.74334, 9.47328],
			"rotation": {"angle": 0, "axis": "y", "origin": [7.08168, -0.8, 7.94424]},
			"faces": {
				"north": {"uv": [6.375, 7.875, 6.3125, 8.5625], "rotation": 180, "texture": "#0"},
				"east": {"uv": [6.75, 6.5625, 7.4375, 6.6875], "rotation": 270, "texture": "#0"},
				"south": {"uv": [5.25, 8.5625, 5.1875, 7.875], "texture": "#0"},
				"west": {"uv": [6.8125, 1.5625, 7.5, 1.6875], "rotation": 90, "texture": "#0"},
				"up": {"uv": [8.8125, 8.75, 8.875, 8.875], "rotation": 180, "texture": "#0"},
				"down": {"uv": [8.875, 0, 8.9375, 0.125], "texture": "#0"}
			}
		},
		{
			"from": [6.51153, 10.76479, 6.93351],
			"to": [8.27382, 11.33494, 8.95496],
			"rotation": {"angle": 0, "axis": "y", "origin": [7.08168, -0.8, 7.94424]},
			"faces": {
				"north": {"uv": [9, 2.1875, 8.8125, 2.25], "rotation": 180, "texture": "#0"},
				"east": {"uv": [2.8125, 8.6875, 2.875, 8.9375], "rotation": 270, "texture": "#0"},
				"south": {"uv": [2.3125, 8.875, 2.125, 8.8125], "texture": "#0"},
				"west": {"uv": [3.9375, 8.6875, 4, 8.9375], "rotation": 90, "texture": "#0"},
				"up": {"uv": [7.125, 7.875, 7.3125, 8.125], "rotation": 180, "texture": "#0"},
				"down": {"uv": [7.875, 7.4375, 8.0625, 7.6875], "texture": "#0"}
			}
		},
		{
			"from": [7.15943, -16, 6.93351],
			"to": [7.62592, -8.67505, 7.91832],
			"rotation": {"angle": 0, "axis": "y", "origin": [7.08168, -0.8, 7.94424]},
			"faces": {
				"north": {"uv": [5.875, 7.3125, 5.8125, 8.3125], "rotation": 180, "texture": "#0"},
				"east": {"uv": [5.6875, 3.8125, 6.6875, 3.9375], "rotation": 270, "texture": "#0"},
				"south": {"uv": [0.9375, 8.25, 0.875, 7.25], "texture": "#0"},
				"west": {"uv": [5.75, 0.5625, 6.75, 0.6875], "rotation": 90, "texture": "#0"},
				"up": {"uv": [0.125, 8.875, 0.1875, 9], "rotation": 180, "texture": "#0"},
				"down": {"uv": [0.1875, 8.875, 0.25, 9], "texture": "#0"}
			}
		},
		{
			"from": [7.28901, 13.72839, -1.98337],
			"to": [7.49634, 19.22258, -0.99857],
			"rotation": {"angle": 22.5, "axis": "x", "origin": [7.08168, -0.8, 7.94424]},
			"faces": {
				"north": {"uv": [1.4375, 7.9375, 1.375, 8.625], "rotation": 180, "texture": "#0"},
				"east": {"uv": [6.875, 4.1875, 7.5625, 4.3125], "rotation": 270, "texture": "#0"},
				"south": {"uv": [6.4375, 8.5625, 6.375, 7.875], "texture": "#0"},
				"west": {"uv": [6.875, 4.3125, 7.5625, 4.4375], "rotation": 90, "texture": "#0"},
				"up": {"uv": [0.25, 8.875, 0.3125, 9], "rotation": 180, "texture": "#0"},
				"down": {"uv": [8.875, 0.25, 8.9375, 0.375], "texture": "#0"}
			}
		},
		{
			"from": [6.90027, 11.67185, 6.80393],
			"to": [7.88508, 22.6084, 7.65916],
			"rotation": {"angle": 0, "axis": "y", "origin": [7.08168, -0.8, 7.94424]},
			"faces": {
				"north": {"uv": [1.0625, 5.125, 0.9375, 6.4375], "rotation": 180, "texture": "#0"},
				"east": {"uv": [4.625, 1.5625, 5.9375, 1.6875], "rotation": 270, "texture": "#0"},
				"south": {"uv": [3.875, 6.3125, 3.75, 5], "texture": "#0"},
				"west": {"uv": [5.0625, 2.3125, 6.375, 2.4375], "rotation": 90, "texture": "#0"},
				"up": {"uv": [8.75, 5.375, 8.875, 5.5], "rotation": 180, "texture": "#0"},
				"down": {"uv": [8.75, 5.5, 8.875, 5.625], "texture": "#0"}
			}
		},
		{
			"from": [7.28901, 18.88769, 17.55737],
			"to": [7.49634, 22.69734, 18.80134],
			"rotation": {"angle": -22.5, "axis": "x", "origin": [7.08168, -0.8, 7.94424]},
			"faces": {
				"north": {"uv": [1.25, 8.375, 1.1875, 8.8125], "rotation": 180, "texture": "#0"},
				"east": {"uv": [7.5625, 7.3125, 8, 7.4375], "rotation": 270, "texture": "#0"},
				"south": {"uv": [1.1875, 8.8125, 1.125, 8.375], "texture": "#0"},
				"west": {"uv": [7.625, 0.4375, 8.0625, 0.5625], "rotation": 90, "texture": "#0"},
				"up": {"uv": [0.3125, 8.875, 0.375, 9], "rotation": 180, "texture": "#0"},
				"down": {"uv": [0.5, 8.875, 0.5625, 9], "texture": "#0"}
			}
		}
	],
	"display": {
		"thirdperson_righthand": {
			"translation": [1.25, 6.75, 1.5]
		},
		"thirdperson_lefthand": {
			"translation": [-0.75, 6.75, 1.5]
		},
		"firstperson_righthand": {
			"rotation": [-23.25, 0, -23],
			"translation": [1.5, 0.5, 0]
		},
		"firstperson_lefthand": {
			"rotation": [-23.25, 0, -23],
			"translation": [1.5, 0.5, 0]
		},
		"ground": {
			"rotation": [17.19, 4.21, 27.36],
			"translation": [0, 8.25, 0],
			"scale": [0.5, 0.5, 0.5]
		},
		"gui": {
			"rotation": [90, 48.25, -90],
			"translation": [-0.5, 0.5, 0],
			"scale": [0.5, 0.4375, 0.5]
		},
		"fixed": {
			"rotation": [179.45, -86.72, 179.48],
			"scale": [2, 2, 2]
		}
	},
	"groups": [
		{
			"name": "spear",
			"origin": [3.2, -5.8, 0.8],
			"color": 0,
			"children": [0, 1, 2, 3, 4, 5, 6, 7, 8, 9, 10, 11, 12, 13]
		}
	]
}