{"textures":{"0":"modelengine:entity/cizha_the_scarecrow_intruder_minion"},"elements":[{"from":[5.572303,7.9908957,5.1617002],"to":[10.71516,26.276611,10.304558],"rotation":{"angle":0.0,"axis":"y","origin":[8.572303,16.990896,7.6617007]},"faces":{"east":{"uv":[6.875,3.875,7.4375,5.875],"rotation":0,"texture":"#0","tintindex":0},"south":{"uv":[7.4375,3.875,6.875,5.875],"rotation":0,"texture":"#0","tintindex":0},"north":{"uv":[6.875,3.875,7.4375,5.875],"rotation":0,"texture":"#0","tintindex":0},"west":{"uv":[7.4375,3.875,6.875,5.875],"rotation":0,"texture":"#0","tintindex":0},"up":{"uv":[7.4375,4.4375,6.875,3.875],"rotation":0,"texture":"#0","tintindex":0},"down":{"uv":[7.4375,5.3125,6.875,5.875],"rotation":0,"texture":"#0","tintindex":0}}},{"from":[-2.9991264,7.9908957,7.5617003],"to":[21.000874,25.705183,7.6188436],"rotation":{"angle":0.0,"axis":"y","origin":[8.572303,16.990896,7.6617007]},"faces":{"east":{"uv":[6.3125,8.625,6.375,10.5625],"rotation":0,"texture":"#0","tintindex":0},"south":{"uv":[8.375,0.0,5.75,1.9375],"rotation":0,"texture":"#0","tintindex":0},"north":{"uv":[5.75,0.0,8.375,1.9375],"rotation":0,"texture":"#0","tintindex":0},"west":{"uv":[6.375,8.625,6.4375,10.5625],"rotation":0,"texture":"#0","tintindex":0},"up":{"uv":[11.75,8.4375,8.875,8.375],"rotation":0,"texture":"#0","tintindex":0},"down":{"uv":[11.75,8.4375,8.875,8.5],"rotation":0,"texture":"#0","tintindex":0}}},{"from":[8.216128,7.9908957,-3.3413334],"to":[8.273271,25.705183,20.658669],"rotation":{"angle":0.0,"axis":"y","origin":[8.2446995,16.848038,8.658668]},"faces":{"east":{"uv":[5.75,0.0,8.375,1.9375],"rotation":0,"texture":"#0","tintindex":0},"south":{"uv":[6.3125,8.625,6.375,10.5625],"rotation":0,"texture":"#0","tintindex":0},"north":{"uv":[6.375,8.625,6.4375,10.5625],"rotation":0,"texture":"#0","tintindex":0},"west":{"uv":[8.375,0.0,5.75,1.9375],"rotation":0,"texture":"#0","tintindex":0},"up":{"uv":[11.75,8.4375,8.875,8.375],"rotation":90,"texture":"#0","tintindex":0},"down":{"uv":[11.75,8.4375,8.875,8.5],"rotation":270,"texture":"#0","tintindex":0}}}],"display":{"head":{"translation":[0.0,-6.4,0.0],"scale":[4.0,4.0,4.0]}}}