{"textures":{"0":"modelengine:entity/cizha_the_scarecrow_intruder_minion"},"elements":[{"from":[1.9642305,5.3862715,5.2892857],"to":[11.107088,11.671986,10.860714],"rotation":{"angle":22.5,"axis":"z","origin":[6.5356593,8.529129,8.075]},"faces":{"east":{"uv":[9.25,2.0625,8.625,2.75],"rotation":0,"texture":"#0","tintindex":0},"south":{"uv":[9.0,4.5625,8.0,5.25],"rotation":0,"texture":"#0","tintindex":0},"north":{"uv":[8.0,4.5625,9.0,5.25],"rotation":0,"texture":"#0","tintindex":0},"west":{"uv":[8.625,2.0625,9.25,2.75],"rotation":0,"texture":"#0","tintindex":0},"up":{"uv":[9.0,5.1875,8.0,4.5625],"rotation":0,"texture":"#0","tintindex":0},"down":{"uv":[9.0,4.5625,8.0,5.1875],"rotation":0,"texture":"#0","tintindex":0}}},{"from":[4.7561274,-9.142857,5.4321427],"to":[9.898985,6.8571434,10.575],"rotation":{"angle":0.0,"axis":"y","origin":[7.327556,-1.1428576,8.0035715]},"faces":{"east":{"uv":[6.875,4.0625,7.4375,5.8125],"rotation":0,"texture":"#0","tintindex":0},"south":{"uv":[7.4375,4.0625,6.875,5.8125],"rotation":0,"texture":"#0","tintindex":0},"north":{"uv":[6.875,4.0625,7.4375,5.8125],"rotation":0,"texture":"#0","tintindex":0},"west":{"uv":[7.4375,4.0625,6.875,5.8125],"rotation":0,"texture":"#0","tintindex":0},"up":{"uv":[7.4375,4.625,6.875,4.0625],"rotation":0,"texture":"#0","tintindex":0},"down":{"uv":[7.4375,5.25,6.875,5.8125],"rotation":0,"texture":"#0","tintindex":0}}},{"from":[7.0949426,10.018074,5.4892855],"to":[12.237801,20.30379,10.632143],"rotation":{"angle":-22.5,"axis":"z","origin":[9.666371,15.160933,8.060715]},"faces":{"east":{"uv":[2.25,7.5,2.8125,8.625],"rotation":0,"texture":"#0","tintindex":0},"south":{"uv":[2.8125,7.5,2.25,8.625],"rotation":0,"texture":"#0","tintindex":0},"north":{"uv":[2.25,7.5,2.8125,8.625],"rotation":0,"texture":"#0","tintindex":0},"west":{"uv":[2.8125,7.5,2.25,8.625],"rotation":0,"texture":"#0","tintindex":0},"up":{"uv":[2.8125,8.0625,2.25,7.5],"rotation":0,"texture":"#0","tintindex":0},"down":{"uv":[2.8125,8.625,2.25,9.1875],"rotation":0,"texture":"#0","tintindex":0}}},{"from":[-0.9581585,-1.7142859,7.832143],"to":[17.898985,32.0,7.8892856],"rotation":{"angle":0.0,"axis":"y","origin":[8.470413,15.142857,7.8607144]},"faces":{"east":{"uv":[6.0625,8.625,6.125,12.375],"rotation":0,"texture":"#0","tintindex":0},"south":{"uv":[2.3125,0.0625,0.25,3.75],"rotation":0,"texture":"#0","tintindex":0},"north":{"uv":[0.25,0.0625,2.3125,3.75],"rotation":0,"texture":"#0","tintindex":0},"west":{"uv":[6.125,8.625,6.1875,12.375],"rotation":0,"texture":"#0","tintindex":0},"up":{"uv":[11.75,8.5625,8.875,8.5],"rotation":0,"texture":"#0","tintindex":0},"down":{"uv":[11.875,5.0,9.0,5.0625],"rotation":0,"texture":"#0","tintindex":0}}}],"display":{"head":{"translation":[0.0,58.767082,0.0],"scale":[4.0,4.0,4.0]}}}