{"textures":{"0":"modelengine:entity/cizha_the_scarecrow_intruder_minion"},"elements":[{"from":[5.5483475,-0.57142925,5.15856],"to":[10.691205,17.714287,10.301417],"rotation":{"angle":0.0,"axis":"y","origin":[8.119777,8.857142,7.7299886]},"faces":{"east":{"uv":[5.75,3.9375,6.3125,5.9375],"rotation":0,"texture":"#0","tintindex":0},"south":{"uv":[6.3125,3.9375,5.75,5.9375],"rotation":0,"texture":"#0","tintindex":0},"north":{"uv":[5.75,3.9375,6.3125,5.9375],"rotation":0,"texture":"#0","tintindex":0},"west":{"uv":[6.3125,3.9375,5.75,5.9375],"rotation":0,"texture":"#0","tintindex":0},"up":{"uv":[6.3125,4.5,5.75,3.9375],"rotation":0,"texture":"#0","tintindex":0},"down":{"uv":[6.3125,5.375,5.75,5.9375],"rotation":0,"texture":"#0","tintindex":0}}},{"from":[3.2843823,-5.8236256,5.0157027],"to":[12.427239,0.46208954,10.5871315],"rotation":{"angle":22.5,"axis":"z","origin":[7.8558106,-2.680768,7.8014174]},"faces":{"east":{"uv":[9.25,2.0625,8.625,2.75],"rotation":0,"texture":"#0","tintindex":0},"south":{"uv":[9.0,4.5625,8.0,5.25],"rotation":0,"texture":"#0","tintindex":0},"north":{"uv":[8.0,4.5625,9.0,5.25],"rotation":0,"texture":"#0","tintindex":0},"west":{"uv":[8.625,2.0625,9.25,2.75],"rotation":0,"texture":"#0","tintindex":0},"up":{"uv":[9.0,5.1875,8.0,4.5625],"rotation":0,"texture":"#0","tintindex":0},"down":{"uv":[9.0,4.5625,8.0,5.1875],"rotation":0,"texture":"#0","tintindex":0}}},{"from":[3.593637,16.505587,5.0157027],"to":[12.736494,22.791302,10.5871315],"rotation":{"angle":-22.5,"axis":"z","origin":[8.165066,19.648445,7.8014174]},"faces":{"east":{"uv":[9.25,2.0625,8.625,2.75],"rotation":0,"texture":"#0","tintindex":0},"south":{"uv":[9.0,4.5625,8.0,5.25],"rotation":0,"texture":"#0","tintindex":0},"north":{"uv":[8.0,4.5625,9.0,5.25],"rotation":0,"texture":"#0","tintindex":0},"west":{"uv":[8.625,2.0625,9.25,2.75],"rotation":0,"texture":"#0","tintindex":0},"up":{"uv":[9.0,5.1875,8.0,4.5625],"rotation":0,"texture":"#0","tintindex":0},"down":{"uv":[9.0,4.5625,8.0,5.1875],"rotation":0,"texture":"#0","tintindex":0}}},{"from":[8.192173,8.571428,-1.0587597],"to":[8.249316,32.0,17.798386],"rotation":{"angle":0.0,"axis":"y","origin":[8.220744,25.714287,8.369813]},"faces":{"east":{"uv":[0.25,1.1875,2.3125,3.75],"rotation":0,"texture":"#0","tintindex":0},"south":{"uv":[6.0625,8.625,6.125,12.375],"rotation":0,"texture":"#0","tintindex":0},"north":{"uv":[6.125,8.625,6.1875,12.375],"rotation":0,"texture":"#0","tintindex":0},"west":{"uv":[2.3125,1.1875,0.25,3.75],"rotation":0,"texture":"#0","tintindex":0},"up":{"uv":[11.75,8.5625,8.875,8.5],"rotation":90,"texture":"#0","tintindex":0},"down":{"uv":[11.875,5.0,9.0,5.0625],"rotation":270,"texture":"#0","tintindex":0}}},{"from":[-4.7373676,-1.1428585,7.55856],"to":[18.691204,29.142857,7.6157026],"rotation":{"angle":0.0,"axis":"y","origin":[6.976919,12.0,7.5871315]},"faces":{"east":{"uv":[6.1875,8.625,6.25,12.375],"rotation":0,"texture":"#0","tintindex":0},"south":{"uv":[2.8125,3.75,0.25,7.0625],"rotation":0,"texture":"#0","tintindex":0},"north":{"uv":[0.25,3.75,2.8125,7.0625],"rotation":0,"texture":"#0","tintindex":0},"west":{"uv":[6.25,8.625,6.3125,12.375],"rotation":0,"texture":"#0","tintindex":0},"up":{"uv":[11.875,5.125,9.0,5.0625],"rotation":0,"texture":"#0","tintindex":0},"down":{"uv":[11.875,5.125,9.0,5.1875],"rotation":0,"texture":"#0","tintindex":0}}}],"display":{"head":{"translation":[0.0,40.045845,0.0],"scale":[4.0,4.0,4.0]}}}