{
	"credit": "Made with Blockbench",
	"textures": {
		"2": "block_model:custom/whitebg",
		"3": "block_model:custom/lightblueshop",
		"4": "block_model:custom/grayshop",
		"5": "block_model:custom/blueshop",
		"particle": "block_model:custom/beetroot"
	},
	"elements": [
		{
			"from": [1.3, 6, -2],
			"to": [14.6, 9, 12],
			"rotation": {"angle": 22.5, "axis": "x", "origin": [0, 0, 0]},
			"faces": {
				"north": {"uv": [0, 0, 12, 3], "texture": "#2"},
				"east": {"uv": [0, 0, 12, 3], "texture": "#2"},
				"south": {"uv": [0, 0, 14, 3], "texture": "#2"},
				"west": {"uv": [0, 0, 14, 3], "texture": "#2"},
				"up": {"uv": [0, 0, 11, 14], "texture": "#2"},
				"down": {"uv": [0, 0, 14, 14], "texture": "#2"}
			}
		},
		{
			"from": [8.9, 7, -1],
			"to": [13.6, 9.3, 2.7],
			"rotation": {"angle": 22.5, "axis": "x", "origin": [0, 0, 0]},
			"faces": {
				"north": {"uv": [0, 0, 12, 3], "texture": "#2"},
				"east": {"uv": [0, 0, 12, 3], "texture": "#2"},
				"south": {"uv": [0, 0, 13, 3], "texture": "#2"},
				"west": {"uv": [0, 0, 14, 3], "texture": "#2"},
				"up": {"uv": [0, 1, 8, 3], "texture": "#3"},
				"down": {"uv": [0, 0, 14, 14], "texture": "#2"}
			}
		},
		{
			"from": [1, 0, 2],
			"to": [15, 6, 14],
			"faces": {
				"north": {"uv": [0, 0, 11, 6], "texture": "#2"},
				"east": {"uv": [0, 0, 1, 6], "texture": "#2"},
				"south": {"uv": [0, 0, 12, 6], "texture": "#2"},
				"west": {"uv": [0, 0, 1, 6], "texture": "#2"},
				"up": {"uv": [0, 10, 10, 16], "texture": "#2"},
				"down": {"uv": [0, 0, 14, 1], "texture": "#2"}
			}
		},
		{
			"from": [1.5, 0, 2.1],
			"to": [2.6, 12, 3.4],
			"faces": {
				"north": {"uv": [0, 0, 11, 6], "texture": "#2"},
				"east": {"uv": [0, 0, 1, 6], "texture": "#2"},
				"south": {"uv": [0, 0, 12, 6], "texture": "#2"},
				"west": {"uv": [0, 0, 1, 6], "texture": "#2"},
				"up": {"uv": [0, 10, 10, 16], "texture": "#2"},
				"down": {"uv": [0, 0, 14, 1], "texture": "#2"}
			}
		},
		{
			"from": [-1.2, 10.8, 2.9],
			"to": [4.8, 13.6, 4.5],
			"rotation": {"angle": 22.5, "axis": "y", "origin": [0, 0, 0]},
			"faces": {
				"north": {"uv": [0, 0, 11, 6], "texture": "#2"},
				"east": {"uv": [0, 0, 1, 6], "texture": "#2"},
				"south": {"uv": [0, 0, 12, 6], "texture": "#2"},
				"west": {"uv": [0, 0, 1, 6], "texture": "#2"},
				"up": {"uv": [0, 10, 10, 16], "texture": "#2"},
				"down": {"uv": [0, 0, 14, 1], "texture": "#2"}
			}
		},
		{
			"from": [-1, 11, 3.9],
			"to": [4.4, 13.4, 4.7],
			"rotation": {"angle": 22.5, "axis": "y", "origin": [0, 0, 0]},
			"faces": {
				"north": {"uv": [0, 0, 11, 6], "texture": "#2"},
				"east": {"uv": [0, 0, 1, 6], "texture": "#2"},
				"south": {"uv": [0, 2, 7, 3], "texture": "#3"},
				"west": {"uv": [0, 0, 1, 6], "texture": "#2"},
				"up": {"uv": [0, 10, 10, 16], "texture": "#2"},
				"down": {"uv": [0, 0, 14, 1], "texture": "#2"}
			}
		},
		{
			"from": [1, 0, 14],
			"to": [15, 5, 15.6],
			"faces": {
				"north": {"uv": [0, 0, 11, 6], "texture": "#2"},
				"east": {"uv": [0, 0, 1, 6], "texture": "#2"},
				"south": {"uv": [0, 0, 12, 6], "texture": "#2"},
				"west": {"uv": [0, 0, 1, 6], "texture": "#2"},
				"up": {"uv": [0, 10, 10, 16], "texture": "#2"},
				"down": {"uv": [0, 0, 14, 1], "texture": "#2"}
			}
		},
		{
			"from": [0.8, 3.1, 1.1],
			"to": [15.2, 4.8, 16],
			"faces": {
				"north": {"uv": [0, 1.2, 13, 2.8], "texture": "#5"},
				"east": {"uv": [0, 1.2, 13, 2.8], "texture": "#5"},
				"south": {"uv": [0, 1.2, 13, 2.8], "texture": "#5"},
				"west": {"uv": [0, 1.2, 13, 2.8], "texture": "#5"},
				"up": {"uv": [0, 1.2, 13, 2.8], "texture": "#5"},
				"down": {"uv": [0, 1.2, 13, 2.8], "texture": "#5"}
			}
		},
		{
			"from": [1.5, 2, 9.6],
			"to": [2.6, 6.6, 11],
			"faces": {
				"north": {"uv": [0, 13, 2, 15], "texture": "#4"},
				"east": {"uv": [0, 13, 2, 15], "texture": "#4"},
				"south": {"uv": [0, 13, 2, 15], "texture": "#4"},
				"west": {"uv": [0, 13, 2, 15], "texture": "#4"},
				"up": {"uv": [0, 13, 2, 15], "texture": "#4"},
				"down": {"uv": [0, 13, 2, 15], "texture": "#4"}
			}
		},
		{
			"from": [1.5, 2, 11.7],
			"to": [2.6, 6.6, 13.1],
			"faces": {
				"north": {"uv": [0, 13, 2, 15], "texture": "#4"},
				"east": {"uv": [0, 13, 2, 15], "texture": "#4"},
				"south": {"uv": [0, 13, 2, 15], "texture": "#4"},
				"west": {"uv": [0, 13, 2, 15], "texture": "#4"},
				"up": {"uv": [0, 13, 2, 15], "texture": "#4"},
				"down": {"uv": [0, 13, 2, 15], "texture": "#4"}
			}
		},
		{
			"from": [3.2, 2, 11.7],
			"to": [4.3, 6.6, 13.1],
			"faces": {
				"north": {"uv": [0, 13, 2, 15], "texture": "#4"},
				"east": {"uv": [0, 13, 2, 15], "texture": "#4"},
				"south": {"uv": [0, 13, 2, 15], "texture": "#4"},
				"west": {"uv": [0, 13, 2, 15], "texture": "#4"},
				"up": {"uv": [0, 13, 2, 15], "texture": "#4"},
				"down": {"uv": [0, 13, 2, 15], "texture": "#4"}
			}
		},
		{
			"from": [3.2, 2, 9.6],
			"to": [4.3, 6.6, 11],
			"faces": {
				"north": {"uv": [0, 13, 2, 15], "texture": "#4"},
				"east": {"uv": [0, 13, 2, 15], "texture": "#4"},
				"south": {"uv": [0, 13, 2, 15], "texture": "#4"},
				"west": {"uv": [0, 13, 2, 15], "texture": "#4"},
				"up": {"uv": [0, 13, 2, 15], "texture": "#4"},
				"down": {"uv": [0, 13, 2, 15], "texture": "#4"}
			}
		},
		{
			"from": [4.8, 2, 11.7],
			"to": [5.9, 6.6, 13.1],
			"faces": {
				"north": {"uv": [0, 13, 2, 15], "texture": "#4"},
				"east": {"uv": [0, 13, 2, 15], "texture": "#4"},
				"south": {"uv": [0, 13, 2, 15], "texture": "#4"},
				"west": {"uv": [0, 13, 2, 15], "texture": "#4"},
				"up": {"uv": [0, 13, 2, 15], "texture": "#4"},
				"down": {"uv": [0, 13, 2, 15], "texture": "#4"}
			}
		},
		{
			"from": [4.8, 2, 9.6],
			"to": [5.9, 6.6, 11],
			"faces": {
				"north": {"uv": [0, 13, 2, 15], "texture": "#4"},
				"east": {"uv": [0, 13, 2, 15], "texture": "#4"},
				"south": {"uv": [0, 13, 2, 15], "texture": "#4"},
				"west": {"uv": [0, 13, 2, 15], "texture": "#4"},
				"up": {"uv": [0, 13, 2, 15], "texture": "#4"},
				"down": {"uv": [0, 13, 2, 15], "texture": "#4"}
			}
		},
		{
			"from": [6.4, 2, 11.7],
			"to": [7.5, 6.6, 13.1],
			"faces": {
				"north": {"uv": [0, 13, 2, 15], "texture": "#4"},
				"east": {"uv": [0, 13, 2, 15], "texture": "#4"},
				"south": {"uv": [0, 13, 2, 15], "texture": "#4"},
				"west": {"uv": [0, 13, 2, 15], "texture": "#4"},
				"up": {"uv": [0, 13, 2, 15], "texture": "#4"},
				"down": {"uv": [0, 13, 2, 15], "texture": "#4"}
			}
		},
		{
			"from": [6.4, 2, 9.6],
			"to": [7.5, 6.6, 11],
			"faces": {
				"north": {"uv": [0, 13, 2, 15], "texture": "#4"},
				"east": {"uv": [0, 13, 2, 15], "texture": "#4"},
				"south": {"uv": [0, 13, 2, 15], "texture": "#4"},
				"west": {"uv": [0, 13, 2, 15], "texture": "#4"},
				"up": {"uv": [0, 13, 2, 15], "texture": "#4"},
				"down": {"uv": [0, 13, 2, 15], "texture": "#4"}
			}
		},
		{
			"from": [8.1, 2, 11.7],
			"to": [9.2, 6.6, 13.1],
			"faces": {
				"north": {"uv": [0, 13, 2, 15], "texture": "#4"},
				"east": {"uv": [0, 13, 2, 15], "texture": "#4"},
				"south": {"uv": [0, 13, 2, 15], "texture": "#4"},
				"west": {"uv": [0, 13, 2, 15], "texture": "#4"},
				"up": {"uv": [0, 13, 2, 15], "texture": "#4"},
				"down": {"uv": [0, 13, 2, 15], "texture": "#4"}
			}
		},
		{
			"from": [8.1, 2, 9.6],
			"to": [9.2, 6.6, 11],
			"faces": {
				"north": {"uv": [0, 13, 2, 15], "texture": "#4"},
				"east": {"uv": [0, 13, 2, 15], "texture": "#4"},
				"south": {"uv": [0, 13, 2, 15], "texture": "#4"},
				"west": {"uv": [0, 13, 2, 15], "texture": "#4"},
				"up": {"uv": [0, 13, 2, 15], "texture": "#4"},
				"down": {"uv": [0, 13, 2, 15], "texture": "#4"}
			}
		},
		{
			"from": [9.8, 2, 11.7],
			"to": [10.9, 6.6, 13.1],
			"faces": {
				"north": {"uv": [0, 13, 2, 15], "texture": "#4"},
				"east": {"uv": [0, 13, 2, 15], "texture": "#4"},
				"south": {"uv": [0, 13, 2, 15], "texture": "#4"},
				"west": {"uv": [0, 13, 2, 15], "texture": "#4"},
				"up": {"uv": [0, 13, 2, 15], "texture": "#4"},
				"down": {"uv": [0, 13, 2, 15], "texture": "#4"}
			}
		},
		{
			"from": [14.9, 1.4, 11.7],
			"to": [15.4, 2.8, 13.1],
			"faces": {
				"north": {"uv": [0, 13, 2, 15], "texture": "#4"},
				"east": {"uv": [0, 13, 2, 15], "texture": "#4"},
				"south": {"uv": [0, 13, 2, 15], "texture": "#4"},
				"west": {"uv": [0, 13, 2, 15], "texture": "#4"},
				"up": {"uv": [0, 13, 2, 15], "texture": "#4"},
				"down": {"uv": [0, 13, 2, 15], "texture": "#4"}
			}
		},
		{
			"from": [7.6, 1.8, 14.8],
			"to": [8.1, 4.3, 16.2],
			"faces": {
				"north": {"uv": [0, 13, 2, 15], "texture": "#4"},
				"east": {"uv": [0, 13, 2, 15], "texture": "#4"},
				"south": {"uv": [0, 13, 2, 15], "texture": "#4"},
				"west": {"uv": [0, 13, 2, 15], "texture": "#4"},
				"up": {"uv": [0, 13, 2, 15], "texture": "#4"},
				"down": {"uv": [0, 13, 2, 15], "texture": "#4"}
			}
		},
		{
			"from": [9.8, 2, 9.6],
			"to": [10.9, 6.6, 11],
			"faces": {
				"north": {"uv": [0, 13, 2, 15], "texture": "#4"},
				"east": {"uv": [0, 13, 2, 15], "texture": "#4"},
				"south": {"uv": [0, 13, 2, 15], "texture": "#4"},
				"west": {"uv": [0, 13, 2, 15], "texture": "#4"},
				"up": {"uv": [0, 13, 2, 15], "texture": "#4"},
				"down": {"uv": [0, 13, 2, 15], "texture": "#4"}
			}
		},
		{
			"from": [11.4, 2, 9.6],
			"to": [14.3, 6.6, 11],
			"faces": {
				"north": {"uv": [0, 13, 2, 15], "texture": "#4"},
				"east": {"uv": [0, 13, 2, 15], "texture": "#4"},
				"south": {"uv": [0, 13, 2, 15], "texture": "#4"},
				"west": {"uv": [0, 13, 2, 15], "texture": "#4"},
				"up": {"uv": [0, 13, 2, 15], "texture": "#4"},
				"down": {"uv": [0, 13, 2, 15], "texture": "#4"}
			}
		}
	],
	"display": {
		"thirdperson_righthand": {
			"rotation": [71.52, 8.48, 13.89],
			"translation": [0, 0.75, -1],
			"scale": [0.20508, 0.20508, 0.20508]
		},
		"thirdperson_lefthand": {
			"rotation": [71.52, 8.48, 13.89],
			"translation": [0, 0.75, -1],
			"scale": [0.20508, 0.20508, 0.20508]
		},
		"firstperson_righthand": {
			"rotation": [0, 25, 0],
			"translation": [2, -0.5, 0],
			"scale": [0.28477, 0.28477, 0.28477]
		},
		"firstperson_lefthand": {
			"rotation": [0, 25, 0],
			"translation": [2, -0.5, 0],
			"scale": [0.28477, 0.28477, 0.28477]
		},
		"ground": {
			"translation": [0, 2, 0],
			"scale": [0.5, 0.5, 0.5]
		},
		"gui": {
			"rotation": [13.85, -35.3, 4.13],
			"translation": [0.5, -2.35, 0],
			"scale": [0.58398, 0.58398, 0.58398]
		},
		"head": {
			"translation": [0, -30.4, 0],
			"scale": [1.6, 1.6, 1.6]
		},
		"fixed": {
			"rotation": [-90, 180, 0],
			"translation": [0, 0, -14],
			"scale": [2.01, 2.01, 2.01]
		}
	}
}