{"providers":[{"file":"base/black.png","chars":[""],"height":1,"ascent":-5000,"type":"bitmap"},{"file":"base/black.png","chars":[""],"height":2,"ascent":-5000,"type":"bitmap"},{"file":"base/black.png","chars":[""],"height":3,"ascent":-5000,"type":"bitmap"},{"file":"base/black.png","chars":[""],"height":4,"ascent":-5000,"type":"bitmap"},{"file":"base/black.png","chars":[""],"height":5,"ascent":-5000,"type":"bitmap"},{"file":"base/black.png","chars":[""],"height":6,"ascent":-5000,"type":"bitmap"},{"file":"base/black.png","chars":[""],"height":7,"ascent":-5000,"type":"bitmap"},{"file":"base/black.png","chars":[""],"height":15,"ascent":-5000,"type":"bitmap"},{"file":"base/black.png","chars":[""],"height":31,"ascent":-5000,"type":"bitmap"},{"file":"base/black.png","chars":[""],"height":63,"ascent":-5000,"type":"bitmap"},{"file":"base/black.png","chars":[""],"height":127,"ascent":-5000,"type":"bitmap"},{"file":"base/black.png","chars":[""],"height":256,"ascent":-5000,"type":"bitmap"},{"file":"base/black.png","chars":[""],"height":512,"ascent":-5000,"type":"bitmap"},{"file":"base/black.png","chars":[""],"height":1024,"ascent":-5000,"type":"bitmap"},{"file":"base/black.png","chars":[""],"height":-3,"ascent":-5000,"type":"bitmap"},{"file":"base/black.png","chars":[""],"height":-4,"ascent":-5000,"type":"bitmap"},{"file":"base/black.png","chars":[""],"height":-5,"ascent":-5000,"type":"bitmap"},{"file":"base/black.png","chars":[""],"height":-6,"ascent":-5000,"type":"bitmap"},{"file":"base/black.png","chars":[""],"height":-7,"ascent":-5000,"type":"bitmap"},{"file":"base/black.png","chars":[""],"height":-8,"ascent":-5000,"type":"bitmap"},{"file":"base/black.png","chars":[""],"height":-9,"ascent":-5000,"type":"bitmap"},{"file":"base/black.png","chars":[""],"height":-10,"ascent":-5000,"type":"bitmap"},{"file":"base/black.png","chars":[""],"height":-18,"ascent":-5000,"type":"bitmap"},{"file":"base/black.png","chars":[""],"height":-34,"ascent":-5000,"type":"bitmap"},{"file":"base/black.png","chars":[""],"height":-66,"ascent":-5000,"type":"bitmap"},{"file":"base/black.png","chars":[""],"height":-130,"ascent":-5000,"type":"bitmap"},{"file":"base/black.png","chars":[""],"height":-259,"ascent":-5000,"type":"bitmap"},{"file":"base/black.png","chars":[""],"height":-515,"ascent":-5000,"type":"bitmap"},{"file":"base/black.png","chars":[""],"height":-1027,"ascent":-5000,"type":"bitmap"},{"file":"emoji:backgrounds/b128.png","chars":[""],"height":9,"ascent":6,"type":"bitmap"},{"file":"emoji:critc.png","chars":[""],"height":9,"ascent":8,"type":"bitmap"},{"file":"emoji:critd.png","chars":[""],"height":9,"ascent":8,"type":"bitmap"},{"file":"emoji:closechat.png","chars":[""],"height":9,"ascent":8,"type":"bitmap"},{"file":"emoji:info.png","chars":[""],"height":9,"ascent":8,"type":"bitmap"},{"file":"emoji:error.png","chars":[""],"height":9,"ascent":8,"type":"bitmap"},{"file":"emoji:attack_damage.png","chars":[""],"height":9,"ascent":8,"type":"bitmap"},{"file":"emoji:water_damage.png","chars":[""],"height":9,"ascent":8,"type":"bitmap"},{"file":"emoji:hp.png","chars":[""],"height":10,"ascent":9,"type":"bitmap"},{"file":"emoji:hp.png","chars":[""],"height":10,"ascent":-10,"type":"bitmap"},{"file":"emoji:wind_damage.png","chars":[""],"height":10,"ascent":9,"type":"bitmap"},{"file":"emoji:fire_damage.png","chars":[""],"height":10,"ascent":9,"type":"bitmap"},{"file":"emoji:ice_damage.png","chars":[""],"height":10,"ascent":9,"type":"bitmap"},{"file":"emoji:gold.png","chars":[""],"height":9,"ascent":-10,"type":"bitmap"},{"file":"emoji:crystal.png","chars":[""],"height":9,"ascent":-10,"type":"bitmap"},{"file":"emoji:gold.png","chars":[""],"height":9,"ascent":8,"type":"bitmap"},{"file":"emoji:symbol_attack.png","chars":[""],"height":10,"ascent":10,"type":"bitmap"},{"file":"emoji:overload.png","chars":[""],"height":10,"ascent":10,"type":"bitmap"},{"file":"emoji:attackspeed.png","chars":[""],"height":10,"ascent":10,"type":"bitmap"},{"file":"emoji:resist.png","chars":[""],"height":9,"ascent":8,"type":"bitmap"},{"file":"emoji:crystal.png","chars":[""],"height":8,"ascent":8,"type":"bitmap"},{"file":"emoji:energy.png","chars":[""],"height":8,"ascent":7,"type":"bitmap"},{"file":"minecraft:item/salmon.png","chars":[""],"height":10,"ascent":9,"type":"bitmap"},{"file":"minecraft:item/salmon_bucket.png","chars":[""],"height":10,"ascent":9,"type":"bitmap"},{"file":"minecraft:item/scute.png","chars":[""],"height":10,"ascent":9,"type":"bitmap"},{"file":"minecraft:item/seagrass.png","chars":[""],"height":10,"ascent":9,"type":"bitmap"},{"file":"minecraft:item/sea_pickle.png","chars":[""],"height":10,"ascent":9,"type":"bitmap"},{"file":"minecraft:item/shears.png","chars":[""],"height":10,"ascent":9,"type":"bitmap"},{"file":"minecraft:item/shulker_shell.png","chars":[""],"height":10,"ascent":9,"type":"bitmap"},{"file":"minecraft:item/skull_banner_pattern.png","chars":[""],"height":10,"ascent":9,"type":"bitmap"},{"file":"minecraft:item/slime_ball.png","chars":[""],"height":10,"ascent":9,"type":"bitmap"},{"file":"minecraft:item/snowball.png","chars":[""],"height":10,"ascent":9,"type":"bitmap"},{"file":"minecraft:item/spawn_egg.png","chars":[""],"height":10,"ascent":9,"type":"bitmap"},{"file":"minecraft:item/spawn_egg_overlay.png","chars":[""],"height":10,"ascent":9,"type":"bitmap"},{"file":"minecraft:item/spectral_arrow.png","chars":[""],"height":10,"ascent":9,"type":"bitmap"},{"file":"minecraft:item/spider_eye.png","chars":[""],"height":10,"ascent":9,"type":"bitmap"},{"file":"minecraft:item/splash_potion.png","chars":[""],"height":10,"ascent":9,"type":"bitmap"},{"file":"minecraft:item/spruce_boat.png","chars":[""],"height":10,"ascent":9,"type":"bitmap"},{"file":"minecraft:item/spruce_door.png","chars":[""],"height":10,"ascent":9,"type":"bitmap"},{"file":"minecraft:item/spruce_sign.png","chars":[""],"height":10,"ascent":9,"type":"bitmap"},{"file":"minecraft:item/stick.png","chars":[""],"height":10,"ascent":9,"type":"bitmap"},{"file":"minecraft:item/stone_axe.png","chars":[""],"height":10,"ascent":9,"type":"bitmap"},{"file":"minecraft:item/stone_hoe.png","chars":[""],"height":10,"ascent":9,"type":"bitmap"},{"file":"minecraft:item/stone_pickaxe.png","chars":[""],"height":10,"ascent":9,"type":"bitmap"},{"file":"minecraft:item/stone_shovel.png","chars":[""],"height":10,"ascent":9,"type":"bitmap"},{"file":"minecraft:item/stone_sword.png","chars":[""],"height":10,"ascent":9,"type":"bitmap"},{"file":"minecraft:item/string.png","chars":[""],"height":10,"ascent":9,"type":"bitmap"},{"file":"minecraft:item/structure_void.png","chars":[""],"height":10,"ascent":9,"type":"bitmap"},{"file":"minecraft:item/sugar.png","chars":[""],"height":10,"ascent":9,"type":"bitmap"},{"file":"minecraft:item/sugar_cane.png","chars":[""],"height":10,"ascent":9,"type":"bitmap"},{"file":"minecraft:item/suspicious_stew.png","chars":[""],"height":10,"ascent":9,"type":"bitmap"},{"file":"minecraft:item/sweet_berries.png","chars":[""],"height":10,"ascent":9,"type":"bitmap"},{"file":"minecraft:item/tipped_arrow_base.png","chars":[""],"height":10,"ascent":9,"type":"bitmap"},{"file":"minecraft:item/tipped_arrow_head.png","chars":[""],"height":10,"ascent":9,"type":"bitmap"},{"file":"minecraft:item/tnt_minecart.png","chars":[""],"height":10,"ascent":9,"type":"bitmap"},{"file":"minecraft:item/totem_of_undying.png","chars":[""],"height":10,"ascent":9,"type":"bitmap"},{"file":"minecraft:item/trident.png","chars":[""],"height":10,"ascent":9,"type":"bitmap"},{"file":"minecraft:item/tropical_fish.png","chars":[""],"height":10,"ascent":9,"type":"bitmap"},{"file":"minecraft:item/tropical_fish_bucket.png","chars":[""],"height":10,"ascent":9,"type":"bitmap"},{"file":"minecraft:item/turtle_egg.png","chars":[""],"height":10,"ascent":9,"type":"bitmap"},{"file":"minecraft:item/turtle_helmet.png","chars":[""],"height":10,"ascent":9,"type":"bitmap"},{"file":"minecraft:item/water_bucket.png","chars":[""],"height":10,"ascent":9,"type":"bitmap"},{"file":"minecraft:item/wheat.png","chars":[""],"height":10,"ascent":9,"type":"bitmap"},{"file":"minecraft:item/wheat_seeds.png","chars":[""],"height":10,"ascent":9,"type":"bitmap"},{"file":"minecraft:item/white_dye.png","chars":[""],"height":10,"ascent":9,"type":"bitmap"},{"file":"minecraft:item/wooden_axe.png","chars":[""],"height":10,"ascent":9,"type":"bitmap"},{"file":"minecraft:item/wooden_hoe.png","chars":[""],"height":10,"ascent":9,"type":"bitmap"},{"file":"minecraft:item/wooden_pickaxe.png","chars":[""],"height":10,"ascent":9,"type":"bitmap"},{"file":"minecraft:item/wooden_shovel.png","chars":[""],"height":10,"ascent":9,"type":"bitmap"},{"file":"minecraft:item/wooden_sword.png","chars":[""],"height":10,"ascent":9,"type":"bitmap"},{"file":"minecraft:item/writable_book.png","chars":[""],"height":10,"ascent":9,"type":"bitmap"},{"file":"minecraft:item/diamond_chestplate.png","chars":[""],"height":9,"ascent":8,"type":"bitmap"},{"file":"emoji:iron_chestplate.png","chars":[""],"height":9,"ascent":8,"type":"bitmap"},{"file":"minecraft:item/netherite_chestplate.png","chars":[""],"height":9,"ascent":8,"type":"bitmap"},{"file":"minecraft:item/diamond_boots.png","chars":[""],"height":10,"ascent":9,"type":"bitmap"},{"file":"minecraft:item/written_book.png","chars":[""],"height":10,"ascent":9,"type":"bitmap"},{"file":"minecraft:item/yellow_dye.png","chars":[""],"height":10,"ascent":9,"type":"bitmap"},{"file":"minecraft:item/clock_00.png","chars":[""],"height":10,"ascent":5,"type":"bitmap"},{"file":"minecraft:item/clock_00.png","chars":[""],"height":10,"ascent":9,"type":"bitmap"},{"file":"emoji:time.png","chars":[""],"height":10,"ascent":5,"type":"bitmap"},{"file":"emoji:time.png","chars":[""],"height":10,"ascent":9,"type":"bitmap"},{"file":"emoji:icon_comment.png","chars":[""],"height":10,"ascent":5,"type":"bitmap"},{"file":"emoji:icon_comment.png","chars":[""],"height":10,"ascent":9,"type":"bitmap"},{"file":"emoji:space.png","chars":[""],"height":10,"ascent":9,"type":"bitmap"},{"file":"emoji:font/emoji/0.png","chars":[""],"height":9,"ascent":8,"type":"bitmap"},{"file":"emoji:font/emoji/1.png","chars":[""],"height":9,"ascent":8,"type":"bitmap"},{"file":"emoji:font/emoji/2.png","chars":[""],"height":9,"ascent":8,"type":"bitmap"},{"file":"emoji:font/emoji/3.png","chars":[""],"height":9,"ascent":8,"type":"bitmap"},{"file":"emoji:font/emoji/4.png","chars":[""],"height":9,"ascent":8,"type":"bitmap"},{"file":"emoji:font/emoji/5.png","chars":[""],"height":9,"ascent":8,"type":"bitmap"},{"file":"emoji:font/emoji/6.png","chars":[""],"height":9,"ascent":8,"type":"bitmap"},{"file":"emoji:font/emoji/7.png","chars":[""],"height":9,"ascent":8,"type":"bitmap"},{"file":"emoji:font/emoji/8.png","chars":[""],"height":9,"ascent":8,"type":"bitmap"},{"file":"emoji:font/emoji/9.png","chars":[""],"height":9,"ascent":8,"type":"bitmap"},{"file":"emoji:font/emoji/alarmclock.png","chars":[""],"height":9,"ascent":8,"type":"bitmap"},{"file":"emoji:font/emoji/alien.png","chars":[""],"height":9,"ascent":8,"type":"bitmap"},{"file":"emoji:font/emoji/angry.png","chars":[""],"height":9,"ascent":8,"type":"bitmap"},{"file":"emoji:font/emoji/angry1.png","chars":[""],"height":9,"ascent":8,"type":"bitmap"},{"file":"emoji:font/emoji/angry2.png","chars":[""],"height":9,"ascent":8,"type":"bitmap"},{"file":"emoji:font/emoji/angry3.png","chars":[""],"height":9,"ascent":8,"type":"bitmap"},{"file":"emoji:font/emoji/anxious.png","chars":[""],"height":9,"ascent":8,"type":"bitmap"},{"file":"emoji:font/emoji/aquarius.png","chars":[""],"height":9,"ascent":8,"type":"bitmap"},{"file":"emoji:font/emoji/aries.png","chars":[""],"height":9,"ascent":8,"type":"bitmap"},{"file":"emoji:font/emoji/asterisk.png","chars":[""],"height":9,"ascent":8,"type":"bitmap"},{"file":"emoji:font/emoji/atm.png","chars":[""],"height":9,"ascent":8,"type":"bitmap"},{"file":"emoji:font/emoji/avocado.png","chars":[""],"height":9,"ascent":8,"type":"bitmap"},{"file":"emoji:font/emoji/bacon.png","chars":[""],"height":9,"ascent":8,"type":"bitmap"},{"file":"emoji:font/emoji/baguette.png","chars":[""],"height":9,"ascent":8,"type":"bitmap"},{"file":"emoji:font/emoji/bandage.png","chars":[""],"height":9,"ascent":8,"type":"bitmap"},{"file":"emoji:font/emoji/bat.png","chars":[""],"height":9,"ascent":8,"type":"bitmap"},{"file":"emoji:font/emoji/biceps.png","chars":[""],"height":9,"ascent":8,"type":"bitmap"},{"file":"emoji:font/emoji/biohazard.png","chars":[""],"height":9,"ascent":8,"type":"bitmap"},{"file":"emoji:font/emoji/blocked.png","chars":[""],"height":9,"ascent":8,"type":"bitmap"},{"file":"emoji:font/emoji/blood.png","chars":[""],"height":9,"ascent":8,"type":"bitmap"},{"file":"emoji:font/emoji/blush.png","chars":[""],"height":9,"ascent":8,"type":"bitmap"},{"file":"emoji:font/emoji/bye.png","chars":[""],"height":9,"ascent":8,"type":"bitmap"},{"file":"emoji:font/emoji/callme.png","chars":[""],"height":9,"ascent":8,"type":"bitmap"},{"file":"emoji:font/emoji/cancel.png","chars":[""],"height":9,"ascent":8,"type":"bitmap"},{"file":"emoji:font/emoji/cancer.png","chars":[""],"height":9,"ascent":8,"type":"bitmap"},{"file":"emoji:font/emoji/capricorn.png","chars":[""],"height":9,"ascent":8,"type":"bitmap"},{"file":"emoji:font/emoji/carrot.png","chars":[""],"height":9,"ascent":8,"type":"bitmap"},{"file":"emoji:font/emoji/chair.png","chars":[""],"height":9,"ascent":8,"type":"bitmap"},{"file":"emoji:font/emoji/chick.png","chars":[""],"height":9,"ascent":8,"type":"bitmap"},{"file":"emoji:font/emoji/chick1.png","chars":[""],"height":9,"ascent":8,"type":"bitmap"},{"file":"emoji:font/emoji/chick2.png","chars":[""],"height":9,"ascent":8,"type":"bitmap"},{"file":"emoji:font/emoji/clap.png","chars":[""],"height":9,"ascent":8,"type":"bitmap"},{"file":"emoji:font/emoji/coffin.png","chars":[""],"height":9,"ascent":8,"type":"bitmap"},{"file":"emoji:font/emoji/cold.png","chars":[""],"height":9,"ascent":8,"type":"bitmap"},{"file":"emoji:font/emoji/confirm.png","chars":[""],"height":9,"ascent":8,"type":"bitmap"},{"file":"emoji:font/emoji/confused.png","chars":[""],"height":9,"ascent":8,"type":"bitmap"},{"file":"emoji:font/emoji/confused1.png","chars":[""],"height":9,"ascent":8,"type":"bitmap"},{"file":"emoji:font/emoji/couple.png","chars":[""],"height":9,"ascent":8,"type":"bitmap"},{"file":"emoji:font/emoji/cowboy.png","chars":[""],"height":9,"ascent":8,"type":"bitmap"},{"file":"emoji:font/emoji/crab.png","chars":[""],"height":9,"ascent":8,"type":"bitmap"},{"file":"emoji:font/emoji/croissant.png","chars":[""],"height":9,"ascent":8,"type":"bitmap"},{"file":"emoji:font/emoji/crossedfingers.png","chars":[""],"height":9,"ascent":8,"type":"bitmap"},{"file":"emoji:font/emoji/cry.png","chars":[""],"height":9,"ascent":8,"type":"bitmap"},{"file":"emoji:font/emoji/cry1.png","chars":[""],"height":9,"ascent":8,"type":"bitmap"},{"file":"emoji:font/emoji/crycat.png","chars":[""],"height":9,"ascent":8,"type":"bitmap"},{"file":"emoji:font/emoji/cucumber.png","chars":[""],"height":9,"ascent":8,"type":"bitmap"},{"file":"emoji:font/emoji/dead.png","chars":[""],"height":9,"ascent":8,"type":"bitmap"},{"file":"emoji:font/emoji/dead1.png","chars":[""],"height":9,"ascent":8,"type":"bitmap"},{"file":"emoji:font/emoji/dollar.png","chars":[""],"height":9,"ascent":8,"type":"bitmap"},{"file":"emoji:font/emoji/doubleexclamation.png","chars":[""],"height":9,"ascent":8,"type":"bitmap"},{"file":"emoji:font/emoji/down.png","chars":[""],"height":9,"ascent":8,"type":"bitmap"},{"file":"emoji:font/emoji/drops.png","chars":[""],"height":9,"ascent":8,"type":"bitmap"},{"file":"emoji:font/emoji/drumstick.png","chars":[""],"height":9,"ascent":8,"type":"bitmap"},{"file":"emoji:font/emoji/duck.png","chars":[""],"height":9,"ascent":8,"type":"bitmap"},{"file":"emoji:font/emoji/eagle.png","chars":[""],"height":9,"ascent":8,"type":"bitmap"},{"file":"emoji:font/emoji/eggplant.png","chars":[""],"height":9,"ascent":8,"type":"bitmap"},{"file":"emoji:font/emoji/eject.png","chars":[""],"height":9,"ascent":8,"type":"bitmap"},{"file":"emoji:font/emoji/evil.png","chars":[""],"height":9,"ascent":8,"type":"bitmap"},{"file":"emoji:font/emoji/explodehead.png","chars":[""],"height":9,"ascent":8,"type":"bitmap"},{"file":"emoji:font/emoji/eyes.png","chars":[""],"height":9,"ascent":8,"type":"bitmap"},{"file":"emoji:font/emoji/facemask.png","chars":[""],"height":9,"ascent":8,"type":"bitmap"},{"file":"emoji:font/emoji/fastdown.png","chars":[""],"height":9,"ascent":8,"type":"bitmap"},{"file":"emoji:font/emoji/fastforward.png","chars":[""],"height":9,"ascent":8,"type":"bitmap"},{"file":"emoji:font/emoji/fastreverse.png","chars":[""],"height":9,"ascent":8,"type":"bitmap"},{"file":"emoji:font/emoji/fastup.png","chars":[""],"height":9,"ascent":8,"type":"bitmap"},{"file":"emoji:font/emoji/fbowing.png","chars":[""],"height":9,"ascent":8,"type":"bitmap"},{"file":"emoji:font/emoji/fear.png","chars":[""],"height":9,"ascent":8,"type":"bitmap"},{"file":"emoji:font/emoji/fear1.png","chars":[""],"height":9,"ascent":8,"type":"bitmap"},{"file":"emoji:font/emoji/fear3.png","chars":[""],"height":9,"ascent":8,"type":"bitmap"},{"file":"emoji:font/emoji/featcat.png","chars":[""],"height":9,"ascent":8,"type":"bitmap"},{"file":"emoji:font/emoji/ffacepalm.png","chars":[""],"height":9,"ascent":8,"type":"bitmap"},{"file":"emoji:font/emoji/fidk.png","chars":[""],"height":9,"ascent":8,"type":"bitmap"},{"file":"emoji:font/emoji/finger.png","chars":[""],"height":9,"ascent":8,"type":"bitmap"},{"file":"emoji:font/emoji/fire.png","chars":[""],"height":9,"ascent":8,"type":"bitmap"},{"file":"emoji:font/emoji/fish.png","chars":[""],"height":9,"ascent":8,"type":"bitmap"},{"file":"emoji:font/emoji/flamingo.png","chars":[""],"height":9,"ascent":8,"type":"bitmap"},{"file":"emoji:font/emoji/fmage.png","chars":[""],"height":9,"ascent":8,"type":"bitmap"},{"file":"emoji:font/emoji/fno.png","chars":[""],"height":9,"ascent":8,"type":"bitmap"},{"file":"emoji:font/emoji/fok.png","chars":[""],"height":9,"ascent":8,"type":"bitmap"},{"file":"emoji:font/emoji/frown.png","chars":[""],"height":9,"ascent":8,"type":"bitmap"},{"file":"emoji:font/emoji/frown2.png","chars":[""],"height":9,"ascent":8,"type":"bitmap"},{"file":"emoji:font/emoji/frown3.png","chars":[""],"height":9,"ascent":8,"type":"bitmap"},{"file":"emoji:font/emoji/frown4.png","chars":[""],"height":9,"ascent":8,"type":"bitmap"},{"file":"emoji:font/emoji/frown5.png","chars":[""],"height":9,"ascent":8,"type":"bitmap"},{"file":"emoji:font/emoji/frown6.png","chars":[""],"height":9,"ascent":8,"type":"bitmap"},{"file":"emoji:font/emoji/gemini.png","chars":[""],"height":9,"ascent":8,"type":"bitmap"},{"file":"emoji:font/emoji/giraffe.png","chars":[""],"height":9,"ascent":8,"type":"bitmap"},{"file":"emoji:font/emoji/halo.png","chars":[""],"height":9,"ascent":8,"type":"bitmap"},{"file":"emoji:font/emoji/hamburger.png","chars":[""],"height":9,"ascent":8,"type":"bitmap"},{"file":"emoji:font/emoji/handshake.png","chars":[""],"height":9,"ascent":8,"type":"bitmap"},{"file":"emoji:font/emoji/hashtag.png","chars":[""],"height":9,"ascent":8,"type":"bitmap"},{"file":"emoji:font/emoji/heart.png","chars":[""],"height":9,"ascent":8,"type":"bitmap"},{"file":"emoji:font/emoji/heart1.png","chars":[""],"height":9,"ascent":8,"type":"bitmap"},{"file":"emoji:font/emoji/heart2.png","chars":[""],"height":9,"ascent":8,"type":"bitmap"},{"file":"emoji:font/emoji/heart3.png","chars":[""],"height":9,"ascent":8,"type":"bitmap"},{"file":"emoji:font/emoji/heart4.png","chars":[""],"height":9,"ascent":8,"type":"bitmap"},{"file":"emoji:font/emoji/heart5.png","chars":[""],"height":9,"ascent":8,"type":"bitmap"},{"file":"emoji:font/emoji/heart6.png","chars":[""],"height":9,"ascent":8,"type":"bitmap"},{"file":"emoji:font/emoji/hehe.png","chars":[""],"height":9,"ascent":8,"type":"bitmap"},{"file":"emoji:font/emoji/hot.png","chars":[""],"height":9,"ascent":8,"type":"bitmap"},{"file":"emoji:font/emoji/hourglass.png","chars":[""],"height":9,"ascent":8,"type":"bitmap"},{"file":"emoji:font/emoji/hourglass1.png","chars":[""],"height":9,"ascent":8,"type":"bitmap"},{"file":"emoji:font/emoji/hug.png","chars":[""],"height":9,"ascent":8,"type":"bitmap"},{"file":"emoji:font/emoji/ice.png","chars":[""],"height":9,"ascent":8,"type":"bitmap"},{"file":"emoji:font/emoji/ill.png","chars":[""],"height":9,"ascent":8,"type":"bitmap"},{"file":"emoji:font/emoji/inlove.png","chars":[""],"height":9,"ascent":8,"type":"bitmap"},{"file":"emoji:font/emoji/inlove1.png","chars":[""],"height":9,"ascent":8,"type":"bitmap"},{"file":"emoji:font/emoji/inlovecat.png","chars":[""],"height":9,"ascent":8,"type":"bitmap"},{"file":"emoji:font/emoji/jackolantern.png","chars":[""],"height":9,"ascent":8,"type":"bitmap"},{"file":"emoji:font/emoji/kebab.png","chars":[""],"height":9,"ascent":8,"type":"bitmap"},{"file":"emoji:font/emoji/kiss.png","chars":[""],"height":9,"ascent":8,"type":"bitmap"},{"file":"emoji:font/emoji/kiss1.png","chars":[""],"height":9,"ascent":8,"type":"bitmap"},{"file":"emoji:font/emoji/kiss2.png","chars":[""],"height":9,"ascent":8,"type":"bitmap"},{"file":"emoji:font/emoji/kiss3.png","chars":[""],"height":9,"ascent":8,"type":"bitmap"},{"file":"emoji:font/emoji/lasttrack.png","chars":[""],"height":9,"ascent":8,"type":"bitmap"},{"file":"emoji:font/emoji/laugh.png","chars":[""],"height":9,"ascent":8,"type":"bitmap"},{"file":"emoji:font/emoji/laugh2.png","chars":[""],"height":9,"ascent":8,"type":"bitmap"},{"file":"emoji:font/emoji/laugh3.png","chars":[""],"height":9,"ascent":8,"type":"bitmap"},{"file":"emoji:font/emoji/laugh4.png","chars":[""],"height":9,"ascent":8,"type":"bitmap"},{"file":"emoji:font/emoji/laughcat.png","chars":[""],"height":9,"ascent":8,"type":"bitmap"},{"file":"emoji:font/emoji/left.png","chars":[""],"height":9,"ascent":8,"type":"bitmap"},{"file":"emoji:font/emoji/leftcurve.png","chars":[""],"height":9,"ascent":8,"type":"bitmap"},{"file":"emoji:font/emoji/leo.png","chars":[""],"height":9,"ascent":8,"type":"bitmap"},{"file":"emoji:font/emoji/lion.png","chars":[""],"height":9,"ascent":8,"type":"bitmap"},{"file":"emoji:font/emoji/lock.png","chars":[""],"height":9,"ascent":8,"type":"bitmap"},{"file":"emoji:font/emoji/luck.png","chars":[""],"height":9,"ascent":8,"type":"bitmap"},{"file":"emoji:font/emoji/lying.png","chars":[""],"height":9,"ascent":8,"type":"bitmap"},{"file":"emoji:font/emoji/m.png","chars":[""],"height":9,"ascent":8,"type":"bitmap"},{"file":"emoji:font/emoji/mad.png","chars":[""],"height":9,"ascent":8,"type":"bitmap"},{"file":"emoji:font/emoji/mbowing.png","chars":[""],"height":9,"ascent":8,"type":"bitmap"},{"file":"emoji:font/emoji/medal.png","chars":[""],"height":9,"ascent":4,"type":"bitmap"},{"file":"emoji:font/emoji/medal.png","chars":[""],"height":9,"ascent":8,"type":"bitmap"},{"file":"emoji:font/emoji/mfacepalm.png","chars":[""],"height":9,"ascent":8,"type":"bitmap"},{"file":"emoji:font/emoji/midk.png","chars":[""],"height":9,"ascent":8,"type":"bitmap"},{"file":"emoji:font/emoji/mmage.png","chars":[""],"height":9,"ascent":8,"type":"bitmap"},{"file":"emoji:font/emoji/mmh.png","chars":[""],"height":9,"ascent":8,"type":"bitmap"},{"file":"emoji:font/emoji/mno.png","chars":[""],"height":9,"ascent":8,"type":"bitmap"},{"file":"emoji:font/emoji/mok.png","chars":[""],"height":9,"ascent":8,"type":"bitmap"},{"file":"emoji:font/emoji/money.png","chars":[""],"height":9,"ascent":8,"type":"bitmap"},{"file":"emoji:font/emoji/moneyface.png","chars":[""],"height":9,"ascent":8,"type":"bitmap"},{"file":"emoji:font/emoji/monkey1.png","chars":[""],"height":9,"ascent":8,"type":"bitmap"},{"file":"emoji:font/emoji/monkey2.png","chars":[""],"height":9,"ascent":8,"type":"bitmap"},{"file":"emoji:font/emoji/monkey3.png","chars":[""],"height":9,"ascent":8,"type":"bitmap"},{"file":"emoji:font/emoji/monocle.png","chars":[""],"height":9,"ascent":8,"type":"bitmap"},{"file":"emoji:font/emoji/moon.png","chars":[""],"height":9,"ascent":8,"type":"bitmap"},{"file":"emoji:font/emoji/moon1.png","chars":[""],"height":9,"ascent":8,"type":"bitmap"},{"file":"emoji:font/emoji/moon2.png","chars":[""],"height":9,"ascent":8,"type":"bitmap"},{"file":"emoji:font/emoji/moon3.png","chars":[""],"height":9,"ascent":8,"type":"bitmap"},{"file":"emoji:font/emoji/moon4.png","chars":[""],"height":9,"ascent":8,"type":"bitmap"},{"file":"emoji:font/emoji/moon5.png","chars":[""],"height":9,"ascent":8,"type":"bitmap"},{"file":"emoji:font/emoji/nausea.png","chars":[""],"height":9,"ascent":8,"type":"bitmap"},{"file":"emoji:font/emoji/nerd.png","chars":[""],"height":9,"ascent":8,"type":"bitmap"},{"file":"emoji:font/emoji/neutral.png","chars":[""],"height":9,"ascent":8,"type":"bitmap"},{"file":"emoji:font/emoji/nexttrack.png","chars":[""],"height":9,"ascent":8,"type":"bitmap"},{"file":"emoji:font/emoji/no1.png","chars":[""],"height":9,"ascent":8,"type":"bitmap"},{"file":"emoji:font/emoji/noexpression.png","chars":[""],"height":9,"ascent":8,"type":"bitmap"},{"file":"emoji:font/emoji/nomouth.png","chars":[""],"height":9,"ascent":8,"type":"bitmap"},{"file":"emoji:font/emoji/ok.png","chars":[""],"height":9,"ascent":8,"type":"bitmap"},{"file":"emoji:font/emoji/ok1.png","chars":[""],"height":9,"ascent":8,"type":"bitmap"},{"file":"emoji:font/emoji/owl.png","chars":[""],"height":9,"ascent":8,"type":"bitmap"},{"file":"emoji:font/emoji/pan.png","chars":[""],"height":9,"ascent":8,"type":"bitmap"},{"file":"emoji:font/emoji/party.png","chars":[""],"height":9,"ascent":8,"type":"bitmap"},{"file":"emoji:font/emoji/party1.png","chars":[""],"height":9,"ascent":8,"type":"bitmap"},{"file":"emoji:font/emoji/pause.png","chars":[""],"height":9,"ascent":8,"type":"bitmap"},{"file":"emoji:font/emoji/peace.png","chars":[""],"height":9,"ascent":8,"type":"bitmap"},{"file":"emoji:font/emoji/peach.png","chars":[""],"height":9,"ascent":8,"type":"bitmap"},{"file":"emoji:font/emoji/pencil.png","chars":[""],"height":9,"ascent":8,"type":"bitmap"},{"file":"emoji:font/emoji/person.png","chars":[""],"height":9,"ascent":8,"type":"bitmap"},{"file":"emoji:font/emoji/pick.png","chars":[""],"height":9,"ascent":8,"type":"bitmap"},{"file":"emoji:font/emoji/pig.png","chars":[""],"height":9,"ascent":8,"type":"bitmap"},{"file":"emoji:font/emoji/pisces.png","chars":[""],"height":9,"ascent":8,"type":"bitmap"},{"file":"emoji:font/emoji/pizza.png","chars":[""],"height":9,"ascent":8,"type":"bitmap"},{"file":"emoji:font/emoji/play.png","chars":[""],"height":9,"ascent":8,"type":"bitmap"},{"file":"emoji:font/emoji/playpause.png","chars":[""],"height":9,"ascent":8,"type":"bitmap"},{"file":"emoji:font/emoji/please.png","chars":[""],"height":9,"ascent":8,"type":"bitmap"},{"file":"emoji:font/emoji/poo.png","chars":[""],"height":9,"ascent":8,"type":"bitmap"},{"file":"emoji:font/emoji/potato.png","chars":[""],"height":9,"ascent":8,"type":"bitmap"},{"file":"emoji:font/emoji/puke.png","chars":[""],"height":9,"ascent":8,"type":"bitmap"},{"file":"emoji:font/emoji/punch.png","chars":[""],"height":9,"ascent":8,"type":"bitmap"},{"file":"emoji:font/emoji/question.png","chars":[""],"height":9,"ascent":8,"type":"bitmap"},{"file":"emoji:font/emoji/radioactive.png","chars":[""],"height":9,"ascent":8,"type":"bitmap"},{"file":"emoji:font/emoji/raisedfist.png","chars":[""],"height":9,"ascent":8,"type":"bitmap"},{"file":"emoji:font/emoji/raisedhand.png","chars":[""],"height":9,"ascent":8,"type":"bitmap"},{"file":"emoji:font/emoji/record.png","chars":[""],"height":9,"ascent":8,"type":"bitmap"},{"file":"emoji:font/emoji/redcircle.png","chars":[""],"height":9,"ascent":8,"type":"bitmap"},{"file":"emoji:font/emoji/reverse.png","chars":[""],"height":9,"ascent":8,"type":"bitmap"},{"file":"emoji:font/emoji/riceball.png","chars":[""],"height":9,"ascent":8,"type":"bitmap"},{"file":"emoji:font/emoji/rightarrow.png","chars":[""],"height":9,"ascent":8,"type":"bitmap"},{"file":"emoji:font/emoji/rightcurve.png","chars":[""],"height":9,"ascent":8,"type":"bitmap"},{"file":"emoji:font/emoji/robot.png","chars":[""],"height":9,"ascent":8,"type":"bitmap"},{"file":"emoji:font/emoji/rock.png","chars":[""],"height":9,"ascent":8,"type":"bitmap"},{"file":"emoji:font/emoji/rolling.png","chars":[""],"height":9,"ascent":8,"type":"bitmap"},{"file":"emoji:font/emoji/rooster.png","chars":[""],"height":9,"ascent":8,"type":"bitmap"},{"file":"emoji:font/emoji/sad.png","chars":[""],"height":9,"ascent":8,"type":"bitmap"},{"file":"emoji:font/emoji/sagittarius.png","chars":[""],"height":9,"ascent":8,"type":"bitmap"},{"file":"emoji:font/emoji/salad.png","chars":[""],"height":9,"ascent":8,"type":"bitmap"},{"file":"emoji:font/emoji/salt.png","chars":[""],"height":9,"ascent":8,"type":"bitmap"},{"file":"emoji:font/emoji/scorpio.png","chars":[""],"height":9,"ascent":8,"type":"bitmap"},{"file":"emoji:font/emoji/scorpion.png","chars":[""],"height":9,"ascent":8,"type":"bitmap"},{"file":"emoji:font/emoji/shark.png","chars":[""],"height":9,"ascent":8,"type":"bitmap"},{"file":"emoji:font/emoji/shh.png","chars":[""],"height":9,"ascent":8,"type":"bitmap"},{"file":"emoji:font/emoji/shrimp.png","chars":[""],"height":9,"ascent":8,"type":"bitmap"},{"file":"emoji:font/emoji/sleeping.png","chars":[""],"height":9,"ascent":8,"type":"bitmap"},{"file":"emoji:font/emoji/sleepy.png","chars":[""],"height":9,"ascent":8,"type":"bitmap"},{"file":"emoji:font/emoji/small.png","chars":[""],"height":9,"ascent":8,"type":"bitmap"},{"file":"emoji:font/emoji/smile.png","chars":[""],"height":9,"ascent":8,"type":"bitmap"},{"file":"emoji:font/emoji/smile2.png","chars":[""],"height":9,"ascent":8,"type":"bitmap"},{"file":"emoji:font/emoji/smile3.png","chars":[""],"height":9,"ascent":8,"type":"bitmap"},{"file":"emoji:font/emoji/smile4.png","chars":[""],"height":9,"ascent":8,"type":"bitmap"},{"file":"emoji:font/emoji/smile5.png","chars":[""],"height":9,"ascent":8,"type":"bitmap"},{"file":"emoji:font/emoji/smile6.png","chars":[""],"height":9,"ascent":8,"type":"bitmap"},{"file":"emoji:font/emoji/smilecat.png","chars":[""],"height":9,"ascent":8,"type":"bitmap"},{"file":"emoji:font/emoji/sneeze.png","chars":[""],"height":9,"ascent":8,"type":"bitmap"},{"file":"emoji:font/emoji/soccerball.png","chars":[""],"height":9,"ascent":8,"type":"bitmap"},{"file":"emoji:font/emoji/sparkles.png","chars":[""],"height":9,"ascent":8,"type":"bitmap"},{"file":"emoji:font/emoji/squid.png","chars":[""],"height":9,"ascent":8,"type":"bitmap"},{"file":"emoji:font/emoji/star.png","chars":[""],"height":9,"ascent":8,"type":"bitmap"},{"file":"emoji:font/emoji/starcrescent.png","chars":[""],"height":9,"ascent":8,"type":"bitmap"},{"file":"emoji:font/emoji/stareyes.png","chars":[""],"height":9,"ascent":8,"type":"bitmap"},{"file":"emoji:font/emoji/stop.png","chars":[""],"height":9,"ascent":8,"type":"bitmap"},{"file":"emoji:font/emoji/stopsign.png","chars":[""],"height":9,"ascent":8,"type":"bitmap"},{"file":"emoji:font/emoji/sun.png","chars":[""],"height":9,"ascent":8,"type":"bitmap"},{"file":"emoji:font/emoji/sunglasses.png","chars":[""],"height":9,"ascent":8,"type":"bitmap"},{"file":"emoji:font/emoji/surprised.png","chars":[""],"height":9,"ascent":8,"type":"bitmap"},{"file":"emoji:font/emoji/sushi.png","chars":[""],"height":9,"ascent":8,"type":"bitmap"},{"file":"emoji:font/emoji/sweat.png","chars":[""],"height":9,"ascent":8,"type":"bitmap"},{"file":"emoji:font/emoji/taurus.png","chars":[""],"height":9,"ascent":8,"type":"bitmap"},{"file":"emoji:font/emoji/think.png","chars":[""],"height":9,"ascent":8,"type":"bitmap"},{"file":"emoji:font/emoji/think1.png","chars":[""],"height":9,"ascent":8,"type":"bitmap"},{"file":"emoji:font/emoji/think2.png","chars":[""],"height":9,"ascent":8,"type":"bitmap"},{"file":"emoji:font/emoji/think3.png","chars":[""],"height":9,"ascent":8,"type":"bitmap"},{"file":"emoji:font/emoji/think4.png","chars":[""],"height":9,"ascent":8,"type":"bitmap"},{"file":"emoji:font/emoji/think5.png","chars":[""],"height":9,"ascent":8,"type":"bitmap"},{"file":"emoji:font/emoji/think6.png","chars":[""],"height":9,"ascent":8,"type":"bitmap"},{"file":"emoji:font/emoji/tongue.png","chars":[""],"height":9,"ascent":8,"type":"bitmap"},{"file":"emoji:font/emoji/tree.png","chars":[""],"height":9,"ascent":8,"type":"bitmap"},{"file":"emoji:font/emoji/trex.png","chars":[""],"height":9,"ascent":8,"type":"bitmap"},{"file":"emoji:font/emoji/turkey.png","chars":[""],"height":9,"ascent":8,"type":"bitmap"},{"file":"emoji:font/emoji/twofingers.png","chars":[""],"height":9,"ascent":8,"type":"bitmap"},{"file":"emoji:font/emoji/unamused.png","chars":[""],"height":9,"ascent":8,"type":"bitmap"},{"file":"emoji:font/emoji/unicorn.png","chars":[""],"height":9,"ascent":8,"type":"bitmap"},{"file":"emoji:font/emoji/unlock.png","chars":[""],"height":9,"ascent":8,"type":"bitmap"},{"file":"emoji:font/emoji/up.png","chars":[""],"height":9,"ascent":8,"type":"bitmap"},{"file":"emoji:font/emoji/upsidedown.png","chars":[""],"height":9,"ascent":8,"type":"bitmap"},{"file":"emoji:font/emoji/virgo.png","chars":[""],"height":9,"ascent":8,"type":"bitmap"},{"file":"emoji:font/emoji/voltage.png","chars":[""],"height":9,"ascent":8,"type":"bitmap"},{"file":"emoji:font/emoji/warning.png","chars":[""],"height":9,"ascent":8,"type":"bitmap"},{"file":"emoji:font/emoji/wc.png","chars":[""],"height":9,"ascent":8,"type":"bitmap"},{"file":"emoji:font/emoji/what.png","chars":[""],"height":9,"ascent":8,"type":"bitmap"},{"file":"emoji:font/emoji/wink.png","chars":[""],"height":9,"ascent":8,"type":"bitmap"},{"file":"emoji:font/emoji/woozy.png","chars":[""],"height":9,"ascent":8,"type":"bitmap"},{"file":"emoji:font/emoji/write.png","chars":[""],"height":9,"ascent":8,"type":"bitmap"},{"file":"emoji:font/emoji/xd.png","chars":[""],"height":9,"ascent":8,"type":"bitmap"},{"file":"emoji:font/emoji/yawn.png","chars":[""],"height":9,"ascent":8,"type":"bitmap"},{"file":"emoji:font/emoji/yinyang.png","chars":[""],"height":9,"ascent":8,"type":"bitmap"},{"file":"emoji:font/emoji/yum.png","chars":[""],"height":9,"ascent":8,"type":"bitmap"},{"file":"emoji:font/emoji/zebra.png","chars":[""],"height":9,"ascent":8,"type":"bitmap"},{"file":"emoji:font/emoji/zip.png","chars":[""],"height":9,"ascent":8,"type":"bitmap"},{"file":"_iainternal:gui/no_recipe.png","chars":[""],"height":170,"ascent":47,"type":"bitmap"},{"file":"_iainternal:gui/crafting.png","chars":[""],"height":170,"ascent":47,"type":"bitmap"},{"file":"_iainternal:gui/cooking.png","chars":[""],"height":170,"ascent":47,"type":"bitmap"},{"file":"_iainternal:gui/blank_menu.png","chars":[""],"height":170,"ascent":47,"type":"bitmap"},{"file":"_iainternal:gui/anvil_repair.png","chars":[""],"height":170,"ascent":47,"type":"bitmap"},{"file":"_iainternal:gui/smithing.png","chars":[""],"height":170,"ascent":47,"type":"bitmap"},{"file":"emoji:mainmenu.png","chars":[""],"height":256,"ascent":16,"type":"bitmap"},{"file":"emoji:menu-server-gui.png","chars":[""],"height":256,"ascent":16,"type":"bitmap"},{"file":"emoji:auction.png","chars":[""],"height":256,"ascent":16,"type":"bitmap"},{"file":"emoji:items.png","chars":[""],"height":256,"ascent":16,"type":"bitmap"},{"file":"emoji:category.png","chars":[""],"height":256,"ascent":16,"type":"bitmap"},{"file":"emoji:warps.png","chars":[""],"height":255,"ascent":47,"type":"bitmap"},{"file":"ranks:font/rank/admin.png","chars":[""],"height":9,"ascent":8,"type":"bitmap"},{"file":"ranks:font/rank/helper.png","chars":[""],"height":9,"ascent":8,"type":"bitmap"},{"file":"ranks:font/rank/twitch.png","chars":[""],"height":9,"ascent":8,"type":"bitmap"},{"file":"ranks:font/rank/youtuber.png","chars":[""],"height":9,"ascent":8,"type":"bitmap"},{"file":"ranks:font/rank/dev.png","chars":[""],"height":9,"ascent":8,"type":"bitmap"},{"file":"ranks:font/rank/player.png","chars":[""],"height":9,"ascent":8,"type":"bitmap"},{"file":"ranks:font/rank/pro.png","chars":[""],"height":9,"ascent":8,"type":"bitmap"},{"file":"ranks:font/rank/elite.png","chars":[""],"height":9,"ascent":8,"type":"bitmap"},{"file":"ranks:font/rank/epiv.png","chars":[""],"height":9,"ascent":8,"type":"bitmap"},{"file":"ranks:font/rank/legend.png","chars":[""],"height":9,"ascent":8,"type":"bitmap"},{"file":"ranks:font/rank/mythic.png","chars":[""],"height":9,"ascent":8,"type":"bitmap"},{"file":"ranks:font/rank/admin.png","chars":[""],"height":9,"ascent":4,"type":"bitmap"},{"file":"ranks:font/rank/helper.png","chars":[""],"height":9,"ascent":4,"type":"bitmap"},{"file":"ranks:font/rank/twitch.png","chars":[""],"height":9,"ascent":4,"type":"bitmap"},{"file":"ranks:font/rank/youtuber.png","chars":[""],"height":9,"ascent":4,"type":"bitmap"},{"file":"ranks:font/rank/dev.png","chars":[""],"height":9,"ascent":4,"type":"bitmap"},{"file":"ranks:font/rank/player.png","chars":[""],"height":9,"ascent":4,"type":"bitmap"},{"file":"ranks:font/rank/pro.png","chars":[""],"height":9,"ascent":4,"type":"bitmap"},{"file":"ranks:font/rank/elite.png","chars":[""],"height":9,"ascent":4,"type":"bitmap"},{"file":"ranks:font/rank/epiv.png","chars":[""],"height":9,"ascent":4,"type":"bitmap"},{"file":"ranks:font/rank/legend.png","chars":[""],"height":9,"ascent":4,"type":"bitmap"},{"file":"ranks:font/rank/mythic.png","chars":[""],"height":9,"ascent":4,"type":"bitmap"},{"file":"ranks:font/rank/investor.png","chars":[""],"height":9,"ascent":8,"type":"bitmap"},{"file":"ranks:font/rank/investor.png","chars":[""],"height":9,"ascent":4,"type":"bitmap"},{"file":"profile:fonts/profile_prefix.png","chars":[""],"height":10,"ascent":-30,"type":"bitmap"},{"file":"profile:fonts/profile_prefix.png","chars":[""],"height":8,"ascent":8,"type":"bitmap"},{"file":"profile:fonts/profile_gui.png","chars":[""],"height":255,"ascent":81,"type":"bitmap"},{"file":"cosmetic:custom/menu/menu.png","chars":[""],"height":255,"ascent":45,"type":"bitmap"},{"file":"cosmetic:custom/menu/menu2.png","chars":[""],"height":255,"ascent":59,"type":"bitmap"},{"file":"cosmetic:custom/menu/trade.png","chars":[""],"height":255,"ascent":98,"type":"bitmap"},{"file":"cosmetic:custom/menu/screen.png","chars":[""],"height":1500,"ascent":70,"type":"bitmap"},{"file":"cosmetic:custom/menu/slot_selected.png","chars":["쌃"],"height":23,"ascent":-4,"type":"bitmap"},{"file":"cosmetic:custom/menu/slot_selected.png","chars":[""],"height":20,"ascent":-94,"type":"bitmap"},{"file":"cosmetic:custom/menu/black.png","chars":[""],"height":5,"ascent":-5000,"type":"bitmap"},{"file":"cosmetic:custom/menu/pixel_split.png","chars":[""],"height":-3,"ascent":-32768,"type":"bitmap"},{"file":"cosmetic:custom/menu/pixel_split.png","chars":[""],"height":-4,"ascent":-32678,"type":"bitmap"},{"file":"cosmetic:custom/menu/pixel_split.png","chars":[""],"height":-5,"ascent":-32768,"type":"bitmap"},{"file":"cosmetic:custom/menu/pixel_split.png","chars":[""],"height":-6,"ascent":-32768,"type":"bitmap"},{"file":"cosmetic:custom/menu/pixel_split.png","chars":[""],"height":-7,"ascent":-32768,"type":"bitmap"},{"file":"cosmetic:custom/menu/pixel_split.png","chars":[""],"height":-8,"ascent":-32768,"type":"bitmap"},{"file":"cosmetic:custom/menu/pixel_split.png","chars":[""],"height":-9,"ascent":-32768,"type":"bitmap"},{"file":"cosmetic:custom/menu/pixel_split.png","chars":[""],"height":-10,"ascent":-32768,"type":"bitmap"},{"file":"cosmetic:custom/menu/pixel_split.png","chars":[""],"height":-18,"ascent":-32768,"type":"bitmap"},{"file":"cosmetic:custom/menu/pixel_split.png","chars":[""],"height":-34,"ascent":-32768,"type":"bitmap"},{"file":"cosmetic:custom/menu/pixel_split.png","chars":[""],"height":-66,"ascent":-32768,"type":"bitmap"},{"file":"cosmetic:custom/menu/slot_locked.png","chars":["쌥"],"height":32,"ascent":-40,"type":"bitmap"},{"file":"cosmetic:custom/menu/slot_locked.png","chars":["쌦"],"height":32,"ascent":-58,"type":"bitmap"},{"file":"cosmetic:custom/menu/slot_locked.png","chars":["쌧"],"height":32,"ascent":-76,"type":"bitmap"},{"file":"cosmetic:custom/menu/slot_locked.png","chars":["쌨"],"height":32,"ascent":-94,"type":"bitmap"},{"file":"cosmetic:custom/menu/selected.png","chars":["쌉"],"height":32,"ascent":-3,"type":"bitmap"},{"file":"cosmetic:custom/menu/selected.png","chars":["쌊"],"height":32,"ascent":-21,"type":"bitmap"},{"file":"cosmetic:custom/menu/selected.png","chars":["쌋"],"height":32,"ascent":-39,"type":"bitmap"},{"file":"cosmetic:custom/menu/selected.png","chars":["쌌"],"height":32,"ascent":-57,"type":"bitmap"},{"file":"cosmetic:custom/menu/selected.png","chars":["쌍"],"height":32,"ascent":-75,"type":"bitmap"},{"file":"cosmetic:custom/menu/selected.png","chars":["쌎"],"height":32,"ascent":-93,"type":"bitmap"},{"file":"itemtags:icones/dinheiro.png","chars":[""],"height":10,"ascent":9,"type":"bitmap"},{"file":"itemtags:tags/clique_tag.png","chars":[""],"height":9,"ascent":8,"type":"bitmap"},{"file":"itemtags:menus/loteria.png","chars":[""],"height":170,"ascent":73,"type":"bitmap"}]}