{"textures":{"0":"modelengine:entity/cizha_the_scarecrow"},"elements":[{"from":[6.857143,-0.2857151,2.2857141],"to":[18.857143,12.857143,13.714286],"rotation":{"angle":0.0,"axis":"y","origin":[12.9307575,5.094269,8.298967]},"faces":{"east":{"uv":[8.0625,6.28125,8.6875,7.0],"rotation":0,"texture":"#0","tintindex":0},"south":{"uv":[8.71875,4.84375,8.0625,5.5625],"rotation":0,"texture":"#0","tintindex":0},"north":{"uv":[8.0625,4.84375,8.71875,5.5625],"rotation":0,"texture":"#0","tintindex":0},"west":{"uv":[8.6875,6.28125,8.0625,7.0],"rotation":0,"texture":"#0","tintindex":0},"up":{"uv":[3.5625,2.3125,4.21875,1.6875],"rotation":0,"texture":"#0","tintindex":0},"down":{"uv":[3.5625,1.6875,4.21875,2.3125],"rotation":0,"texture":"#0","tintindex":0}}},{"from":[6.8438272,13.054636,1.9396381],"to":[17.70097,13.111778,13.36821],"rotation":{"angle":0.0,"axis":"y","origin":[12.9307575,5.094269,8.298967]},"faces":{"east":{"uv":[14.84375,15.03125,14.46875,14.65625],"rotation":180,"texture":"#0","tintindex":0},"south":{"uv":[14.71875,14.71875,14.09375,15.3125],"rotation":270,"texture":"#0","tintindex":0},"north":{"uv":[14.78125,14.71875,14.15625,15.3125],"rotation":90,"texture":"#0","tintindex":0},"west":{"uv":[14.78125,14.6875,14.3125,15.15625],"rotation":0,"texture":"#0","tintindex":0},"up":{"uv":[2.8125,7.8125,3.4375,7.21875],"rotation":90,"texture":"#0","tintindex":0},"down":{"uv":[2.8125,7.8125,3.4375,7.21875],"rotation":90,"texture":"#0","tintindex":0}}},{"from":[10.392512,14.503393,0.64736414],"to":[21.249657,14.703392,14.933079],"rotation":{"angle":22.5,"axis":"z","origin":[12.9307575,5.094269,8.298967]},"faces":{"east":{"uv":[14.25,13.625,13.46875,14.471875],"rotation":180,"texture":"#0","tintindex":0},"south":{"uv":[14.534375,13.65625,13.71875,14.65625],"rotation":270,"texture":"#0","tintindex":0},"north":{"uv":[14.253125,13.625,13.75,14.625],"rotation":90,"texture":"#0","tintindex":0},"west":{"uv":[14.34375,13.75,12.9375,14.846875],"rotation":0,"texture":"#0","tintindex":0},"up":{"uv":[5.15625,7.9375,4.375,8.53125],"rotation":270,"texture":"#0","tintindex":0},"down":{"uv":[4.375,7.9375,5.15625,8.53125],"rotation":270,"texture":"#0","tintindex":0}}},{"from":[11.77381,-11.508026,3.3682098],"to":[11.830954,-0.6508837,14.796782],"rotation":{"angle":-22.5,"axis":"z","origin":[12.9307575,5.094269,8.298967]},"faces":{"east":{"uv":[3.4375,7.21875,2.8125,7.8125],"rotation":0,"texture":"#0","tintindex":0},"south":{"uv":[14.71875,14.71875,14.09375,15.3125],"rotation":0,"texture":"#0","tintindex":0},"north":{"uv":[14.78125,14.71875,14.15625,15.3125],"rotation":0,"texture":"#0","tintindex":0},"west":{"uv":[3.4375,7.21875,2.8125,7.8125],"rotation":0,"texture":"#0","tintindex":0},"up":{"uv":[14.78125,14.6875,14.3125,15.15625],"rotation":90,"texture":"#0","tintindex":0},"down":{"uv":[14.84375,15.03125,14.46875,14.65625],"rotation":270,"texture":"#0","tintindex":0}}},{"from":[14.030562,-11.508026,3.3682098],"to":[14.087706,-0.6508837,14.796782],"rotation":{"angle":22.5,"axis":"z","origin":[12.9307575,5.094269,8.298967]},"faces":{"east":{"uv":[2.8125,7.21875,3.4375,7.8125],"rotation":0,"texture":"#0","tintindex":0},"south":{"uv":[14.09375,14.71875,14.71875,15.3125],"rotation":0,"texture":"#0","tintindex":0},"north":{"uv":[14.15625,14.71875,14.78125,15.3125],"rotation":0,"texture":"#0","tintindex":0},"west":{"uv":[2.8125,7.21875,3.4375,7.8125],"rotation":0,"texture":"#0","tintindex":0},"up":{"uv":[14.78125,15.15625,14.3125,14.6875],"rotation":90,"texture":"#0","tintindex":0},"down":{"uv":[14.84375,14.65625,14.46875,15.03125],"rotation":270,"texture":"#0","tintindex":0}}},{"from":[7.428571,-11.398689,7.405986],"to":[18.857143,-0.5415449,7.4631286],"rotation":{"angle":22.5,"axis":"x","origin":[12.9307575,5.094269,8.298967]},"faces":{"east":{"uv":[14.09375,14.71875,14.71875,15.3125],"rotation":0,"texture":"#0","tintindex":0},"south":{"uv":[2.8125,7.21875,3.4375,7.8125],"rotation":0,"texture":"#0","tintindex":0},"north":{"uv":[2.8125,7.21875,3.4375,7.8125],"rotation":0,"texture":"#0","tintindex":0},"west":{"uv":[14.15625,14.71875,14.78125,15.3125],"rotation":0,"texture":"#0","tintindex":0},"up":{"uv":[14.78125,15.15625,14.3125,14.6875],"rotation":0,"texture":"#0","tintindex":0},"down":{"uv":[14.84375,14.65625,14.46875,15.03125],"rotation":0,"texture":"#0","tintindex":0}}},{"from":[7.428571,-11.398689,9.134807],"to":[18.857143,-0.5415449,9.191949],"rotation":{"angle":-22.5,"axis":"x","origin":[12.9307575,5.094269,8.298967]},"faces":{"east":{"uv":[14.71875,14.71875,14.09375,15.3125],"rotation":0,"texture":"#0","tintindex":0},"south":{"uv":[3.4375,7.21875,2.8125,7.8125],"rotation":0,"texture":"#0","tintindex":0},"north":{"uv":[3.4375,7.21875,2.8125,7.8125],"rotation":0,"texture":"#0","tintindex":0},"west":{"uv":[14.78125,14.71875,14.15625,15.3125],"rotation":0,"texture":"#0","tintindex":0},"up":{"uv":[14.78125,14.6875,14.3125,15.15625],"rotation":0,"texture":"#0","tintindex":0},"down":{"uv":[14.84375,15.03125,14.46875,14.65625],"rotation":0,"texture":"#0","tintindex":0}}}],"display":{"head":{"translation":[0.0,-6.4,0.0],"scale":[4.0,4.0,4.0]}}}