{"textures":{"0":"modelengine:entity/cizha_the_scarecrow"},"elements":[{"from":[-2.8571434,-0.2857151,2.2857141],"to":[9.142858,12.857143,13.714286],"rotation":{"angle":0.0,"axis":"y","origin":[3.1549559,5.094269,8.298967]},"faces":{"east":{"uv":[8.0625,6.28125,8.6875,7.0],"rotation":0,"texture":"#0","tintindex":0},"south":{"uv":[8.0625,4.84375,8.71875,5.5625],"rotation":0,"texture":"#0","tintindex":0},"north":{"uv":[8.71875,4.84375,8.0625,5.5625],"rotation":0,"texture":"#0","tintindex":0},"west":{"uv":[8.6875,6.28125,8.0625,7.0],"rotation":0,"texture":"#0","tintindex":0},"up":{"uv":[4.21875,2.3125,3.5625,1.6875],"rotation":0,"texture":"#0","tintindex":0},"down":{"uv":[4.21875,1.6875,3.5625,2.3125],"rotation":0,"texture":"#0","tintindex":0}}},{"from":[-2.347231,-11.398689,9.134807],"to":[9.081342,-0.5415449,9.191949],"rotation":{"angle":-22.5,"axis":"x","origin":[3.1549559,5.094269,8.298967]},"faces":{"east":{"uv":[14.71875,14.71875,14.09375,15.3125],"rotation":0,"texture":"#0","tintindex":0},"south":{"uv":[3.4375,7.21875,2.8125,7.8125],"rotation":0,"texture":"#0","tintindex":0},"north":{"uv":[3.4375,7.21875,2.8125,7.8125],"rotation":0,"texture":"#0","tintindex":0},"west":{"uv":[14.78125,14.71875,14.15625,15.3125],"rotation":0,"texture":"#0","tintindex":0},"up":{"uv":[14.78125,14.6875,14.3125,15.15625],"rotation":0,"texture":"#0","tintindex":0},"down":{"uv":[14.84375,15.03125,14.46875,14.65625],"rotation":0,"texture":"#0","tintindex":0}}},{"from":[-2.347231,-11.398689,7.405986],"to":[9.081342,-0.5415449,7.4631286],"rotation":{"angle":22.5,"axis":"x","origin":[3.1549559,5.094269,8.298967]},"faces":{"east":{"uv":[14.09375,14.71875,14.71875,15.3125],"rotation":0,"texture":"#0","tintindex":0},"south":{"uv":[2.8125,7.21875,3.4375,7.8125],"rotation":0,"texture":"#0","tintindex":0},"north":{"uv":[2.8125,7.21875,3.4375,7.8125],"rotation":0,"texture":"#0","tintindex":0},"west":{"uv":[14.15625,14.71875,14.78125,15.3125],"rotation":0,"texture":"#0","tintindex":0},"up":{"uv":[14.78125,15.15625,14.3125,14.6875],"rotation":0,"texture":"#0","tintindex":0},"down":{"uv":[14.84375,14.65625,14.46875,15.03125],"rotation":0,"texture":"#0","tintindex":0}}},{"from":[4.2547607,-11.508026,3.3682098],"to":[4.311904,-0.6508837,14.796782],"rotation":{"angle":22.5,"axis":"z","origin":[3.1549559,5.094269,8.298967]},"faces":{"east":{"uv":[2.8125,7.21875,3.4375,7.8125],"rotation":0,"texture":"#0","tintindex":0},"south":{"uv":[14.09375,14.71875,14.71875,15.3125],"rotation":0,"texture":"#0","tintindex":0},"north":{"uv":[14.15625,14.71875,14.78125,15.3125],"rotation":0,"texture":"#0","tintindex":0},"west":{"uv":[2.8125,7.21875,3.4375,7.8125],"rotation":0,"texture":"#0","tintindex":0},"up":{"uv":[14.78125,15.15625,14.3125,14.6875],"rotation":90,"texture":"#0","tintindex":0},"down":{"uv":[14.84375,14.65625,14.46875,15.03125],"rotation":270,"texture":"#0","tintindex":0}}},{"from":[1.9980092,-11.508026,3.3682098],"to":[2.0551515,-0.6508837,14.796782],"rotation":{"angle":-22.5,"axis":"z","origin":[3.1549559,5.094269,8.298967]},"faces":{"east":{"uv":[3.4375,7.21875,2.8125,7.8125],"rotation":0,"texture":"#0","tintindex":0},"south":{"uv":[14.71875,14.71875,14.09375,15.3125],"rotation":0,"texture":"#0","tintindex":0},"north":{"uv":[14.78125,14.71875,14.15625,15.3125],"rotation":0,"texture":"#0","tintindex":0},"west":{"uv":[3.4375,7.21875,2.8125,7.8125],"rotation":0,"texture":"#0","tintindex":0},"up":{"uv":[14.78125,14.6875,14.3125,15.15625],"rotation":90,"texture":"#0","tintindex":0},"down":{"uv":[14.84375,15.03125,14.46875,14.65625],"rotation":270,"texture":"#0","tintindex":0}}},{"from":[-1.7581139,13.054636,1.9396381],"to":[9.09903,13.111778,13.36821],"rotation":{"angle":0.0,"axis":"y","origin":[3.1549559,5.094269,8.298967]},"faces":{"east":{"uv":[14.3125,14.6875,14.78125,15.15625],"rotation":0,"texture":"#0","tintindex":0},"south":{"uv":[14.71875,15.3125,14.09375,14.71875],"rotation":270,"texture":"#0","tintindex":0},"north":{"uv":[14.78125,15.3125,14.15625,14.71875],"rotation":90,"texture":"#0","tintindex":0},"west":{"uv":[14.46875,15.03125,14.84375,14.65625],"rotation":180,"texture":"#0","tintindex":0},"up":{"uv":[2.8125,7.21875,3.4375,7.8125],"rotation":90,"texture":"#0","tintindex":0},"down":{"uv":[2.8125,7.21875,3.4375,7.8125],"rotation":90,"texture":"#0","tintindex":0}}},{"from":[-5.295924,14.448723,0.64736414],"to":[5.561219,14.648724,14.933079],"rotation":{"angle":-22.5,"axis":"z","origin":[3.1549559,5.094269,8.298967]},"faces":{"east":{"uv":[12.9375,13.75,14.34375,14.846875],"rotation":0,"texture":"#0","tintindex":0},"south":{"uv":[14.534375,14.65625,13.71875,13.65625],"rotation":270,"texture":"#0","tintindex":0},"north":{"uv":[14.253125,14.625,13.75,13.625],"rotation":90,"texture":"#0","tintindex":0},"west":{"uv":[13.46875,13.625,14.25,14.471875],"rotation":180,"texture":"#0","tintindex":0},"up":{"uv":[5.15625,8.53125,4.375,7.9375],"rotation":270,"texture":"#0","tintindex":0},"down":{"uv":[4.375,8.53125,5.15625,7.9375],"rotation":270,"texture":"#0","tintindex":0}}}],"display":{"head":{"translation":[0.0,-6.4,0.0],"scale":[4.0,4.0,4.0]}}}