{"textures":{"0":"modelengine:entity/cizha_the_scarecrow"},"elements":[{"from":[-2.6676521,14.3816,-1.6786938],"to":[19.73235,26.3816,15.921307],"rotation":{"angle":0.0,"axis":"y","origin":[8.5838785,20.215546,6.6894393]},"faces":{"east":{"uv":[3.5625,1.6875,5.0,2.625],"rotation":0,"texture":"#0","tintindex":0},"south":{"uv":[6.71875,5.9375,4.96875,6.875],"rotation":0,"texture":"#0","tintindex":0},"north":{"uv":[4.96875,5.9375,6.71875,6.875],"rotation":0,"texture":"#0","tintindex":0},"west":{"uv":[5.0,1.6875,3.5625,2.625],"rotation":0,"texture":"#0","tintindex":0},"up":{"uv":[1.75,4.59375,0.0,3.15625],"rotation":0,"texture":"#0","tintindex":0},"down":{"uv":[3.5,3.15625,1.75,4.59375],"rotation":0,"texture":"#0","tintindex":0}}},{"from":[-2.7676525,11.6816,-1.8986931],"to":[-2.7276525,26.8816,15.941307],"rotation":{"angle":0.0,"axis":"y","origin":[8.5838785,20.215546,6.6894393]},"faces":{"east":{"uv":[4.96875,4.5625,3.5,5.75],"rotation":0,"texture":"#0","tintindex":0},"south":{"uv":[13.75,13.75,15.53125,14.9375],"rotation":0,"texture":"#0","tintindex":0},"north":{"uv":[13.53125,13.8125,15.3125,15.0],"rotation":0,"texture":"#0","tintindex":0},"west":{"uv":[3.5,4.5625,4.96875,5.75],"rotation":0,"texture":"#0","tintindex":0},"up":{"uv":[15.375,15.03125,13.59375,13.5625],"rotation":0,"texture":"#0","tintindex":0},"down":{"uv":[15.25,14.46875,14.5625,15.09375],"rotation":0,"texture":"#0","tintindex":0}}},{"from":[19.792347,11.6816,-1.8986931],"to":[19.832348,26.8816,15.941307],"rotation":{"angle":0.0,"axis":"y","origin":[8.5838785,20.215546,6.6894393]},"faces":{"east":{"uv":[4.96875,4.5625,3.5,5.75],"rotation":0,"texture":"#0","tintindex":0},"south":{"uv":[13.75,13.75,15.53125,14.9375],"rotation":0,"texture":"#0","tintindex":0},"north":{"uv":[13.53125,13.8125,15.3125,15.0],"rotation":0,"texture":"#0","tintindex":0},"west":{"uv":[3.5,4.5625,4.96875,5.75],"rotation":0,"texture":"#0","tintindex":0},"up":{"uv":[15.375,15.03125,13.59375,13.5625],"rotation":0,"texture":"#0","tintindex":0},"down":{"uv":[15.25,14.46875,14.5625,15.09375],"rotation":0,"texture":"#0","tintindex":0}}},{"from":[-2.7676525,11.6816,15.901307],"to":[19.832348,26.8816,15.941307],"rotation":{"angle":0.0,"axis":"y","origin":[8.5838785,20.215546,6.6894393]},"faces":{"east":{"uv":[15.65625,14.59375,14.1875,15.78125],"rotation":0,"texture":"#0","tintindex":0},"south":{"uv":[3.5,3.15625,5.28125,4.34375],"rotation":0,"texture":"#0","tintindex":0},"north":{"uv":[5.28125,3.15625,3.5,4.34375],"rotation":0,"texture":"#0","tintindex":0},"west":{"uv":[14.03125,14.8125,15.5,16.0],"rotation":0,"texture":"#0","tintindex":0},"up":{"uv":[15.53125,15.75,13.75,14.28125],"rotation":0,"texture":"#0","tintindex":0},"down":{"uv":[15.25,14.46875,14.5625,15.09375],"rotation":0,"texture":"#0","tintindex":0}}},{"from":[-2.7676525,26.8616,-1.8986931],"to":[19.832348,26.9016,15.941307],"rotation":{"angle":0.0,"axis":"y","origin":[8.5838785,20.215546,6.6894393]},"faces":{"east":{"uv":[15.8125,14.3125,14.34375,15.5],"rotation":0,"texture":"#0","tintindex":0},"south":{"uv":[13.25,13.8125,15.03125,15.0],"rotation":0,"texture":"#0","tintindex":0},"north":{"uv":[13.75,14.34375,15.53125,15.53125],"rotation":0,"texture":"#0","tintindex":0},"west":{"uv":[13.625,14.4375,15.09375,15.625],"rotation":0,"texture":"#0","tintindex":0},"up":{"uv":[3.5625,3.15625,1.78125,1.6875],"rotation":0,"texture":"#0","tintindex":0},"down":{"uv":[3.5625,1.6875,1.78125,3.15625],"rotation":0,"texture":"#0","tintindex":0}}},{"from":[-2.7676525,11.6816,-1.8986931],"to":[19.832348,26.8816,-1.8586931],"rotation":{"angle":0.0,"axis":"y","origin":[8.5838785,20.215546,6.6894393]},"faces":{"east":{"uv":[14.3125,13.625,12.84375,14.8125],"rotation":0,"texture":"#0","tintindex":0},"south":{"uv":[5.09375,0.0,3.3125,1.1875],"rotation":0,"texture":"#0","tintindex":0},"north":{"uv":[3.3125,0.0,5.09375,1.1875],"rotation":0,"texture":"#0","tintindex":0},"west":{"uv":[13.9375,14.03125,15.40625,15.21875],"rotation":0,"texture":"#0","tintindex":0},"up":{"uv":[14.625,15.09375,12.84375,13.625],"rotation":0,"texture":"#0","tintindex":0},"down":{"uv":[15.25,14.46875,14.5625,15.09375],"rotation":0,"texture":"#0","tintindex":0}}},{"from":[1.9264655,22.778904,-2.04],"to":[14.726465,29.178905,-1.6999998],"rotation":{"angle":0.0,"axis":"y","origin":[8.5838785,20.215546,6.6894393]},"faces":{"east":{"uv":[13.46875,13.625,14.25,14.471875],"rotation":270,"texture":"#0","tintindex":0},"south":{"uv":[5.90625,8.8125,5.40625,9.8125],"rotation":270,"texture":"#0","tintindex":0},"north":{"uv":[5.40625,8.8125,5.90625,9.8125],"rotation":90,"texture":"#0","tintindex":0},"west":{"uv":[12.9375,13.75,14.34375,14.846875],"rotation":270,"texture":"#0","tintindex":0},"up":{"uv":[13.75,13.625,14.253125,14.625],"rotation":270,"texture":"#0","tintindex":0},"down":{"uv":[13.71875,13.65625,14.534375,14.65625],"rotation":270,"texture":"#0","tintindex":0}}},{"from":[15.326253,3.507062,-2.1455374],"to":[15.466253,11.107062,7.854462],"rotation":{"angle":22.5,"axis":"z","origin":[8.5838785,20.215546,6.6894393]},"faces":{"east":{"uv":[5.15625,7.9375,4.375,8.53125],"rotation":0,"texture":"#0","tintindex":0},"south":{"uv":[14.534375,13.65625,13.71875,14.65625],"rotation":0,"texture":"#0","tintindex":0},"north":{"uv":[14.253125,13.625,13.75,14.625],"rotation":0,"texture":"#0","tintindex":0},"west":{"uv":[4.375,7.9375,5.15625,8.53125],"rotation":0,"texture":"#0","tintindex":0},"up":{"uv":[14.34375,13.75,12.9375,14.846875],"rotation":90,"texture":"#0","tintindex":0},"down":{"uv":[14.25,13.625,13.46875,14.471875],"rotation":270,"texture":"#0","tintindex":0}}},{"from":[-4.7722435,4.8703976,3.137134],"to":[5.227756,12.470398,3.277134],"rotation":{"angle":22.5,"axis":"x","origin":[8.5838785,20.215546,6.6894393]},"faces":{"east":{"uv":[14.534375,13.65625,13.71875,14.65625],"rotation":0,"texture":"#0","tintindex":0},"south":{"uv":[4.375,7.9375,5.15625,8.53125],"rotation":0,"texture":"#0","tintindex":0},"north":{"uv":[5.15625,7.9375,4.375,8.53125],"rotation":0,"texture":"#0","tintindex":0},"west":{"uv":[14.253125,13.625,13.75,14.625],"rotation":0,"texture":"#0","tintindex":0},"up":{"uv":[14.34375,13.75,12.9375,14.846875],"rotation":0,"texture":"#0","tintindex":0},"down":{"uv":[14.25,13.625,13.46875,14.471875],"rotation":0,"texture":"#0","tintindex":0}}},{"from":[-2.332244,7.24184,0.18407106],"to":[7.667756,14.84184,0.3240714],"rotation":{"angle":0.0,"axis":"y","origin":[8.5838785,20.215546,6.6894393]},"faces":{"east":{"uv":[14.534375,13.65625,13.71875,14.65625],"rotation":0,"texture":"#0","tintindex":0},"south":{"uv":[4.375,7.9375,5.15625,8.53125],"rotation":0,"texture":"#0","tintindex":0},"north":{"uv":[5.15625,7.9375,4.375,8.53125],"rotation":0,"texture":"#0","tintindex":0},"west":{"uv":[14.253125,13.625,13.75,14.625],"rotation":0,"texture":"#0","tintindex":0},"up":{"uv":[14.34375,13.75,12.9375,14.846875],"rotation":0,"texture":"#0","tintindex":0},"down":{"uv":[14.25,13.625,13.46875,14.471875],"rotation":0,"texture":"#0","tintindex":0}}},{"from":[18.270391,7.14184,0.29446268],"to":[18.410393,14.74184,10.294462],"rotation":{"angle":0.0,"axis":"y","origin":[8.5838785,20.215546,6.6894393]},"faces":{"east":{"uv":[5.15625,7.9375,4.375,8.53125],"rotation":0,"texture":"#0","tintindex":0},"south":{"uv":[14.534375,13.65625,13.71875,14.65625],"rotation":0,"texture":"#0","tintindex":0},"north":{"uv":[14.253125,13.625,13.75,14.625],"rotation":0,"texture":"#0","tintindex":0},"west":{"uv":[4.375,7.9375,5.15625,8.53125],"rotation":0,"texture":"#0","tintindex":0},"up":{"uv":[14.34375,13.75,12.9375,14.846875],"rotation":90,"texture":"#0","tintindex":0},"down":{"uv":[14.25,13.625,13.46875,14.471875],"rotation":270,"texture":"#0","tintindex":0}}},{"from":[15.252342,3.5376768,7.366706],"to":[15.392343,11.137677,17.366707],"rotation":{"angle":22.5,"axis":"z","origin":[8.5838785,20.215546,6.6894393]},"faces":{"east":{"uv":[4.375,7.9375,5.15625,8.53125],"rotation":0,"texture":"#0","tintindex":0},"south":{"uv":[13.75,13.625,14.253125,14.625],"rotation":0,"texture":"#0","tintindex":0},"north":{"uv":[13.71875,13.65625,14.534375,14.65625],"rotation":0,"texture":"#0","tintindex":0},"west":{"uv":[5.15625,7.9375,4.375,8.53125],"rotation":0,"texture":"#0","tintindex":0},"up":{"uv":[12.9375,13.75,14.34375,14.846875],"rotation":90,"texture":"#0","tintindex":0},"down":{"uv":[13.46875,13.625,14.25,14.471875],"rotation":270,"texture":"#0","tintindex":0}}},{"from":[18.190392,7.14184,4.9267063],"to":[18.33039,14.74184,14.926706],"rotation":{"angle":0.0,"axis":"y","origin":[8.5838785,20.215546,6.6894393]},"faces":{"east":{"uv":[4.375,7.9375,5.15625,8.53125],"rotation":0,"texture":"#0","tintindex":0},"south":{"uv":[13.75,13.625,14.253125,14.625],"rotation":0,"texture":"#0","tintindex":0},"north":{"uv":[13.71875,13.65625,14.534375,14.65625],"rotation":0,"texture":"#0","tintindex":0},"west":{"uv":[5.15625,7.9375,4.375,8.53125],"rotation":0,"texture":"#0","tintindex":0},"up":{"uv":[12.9375,13.75,14.34375,14.846875],"rotation":90,"texture":"#0","tintindex":0},"down":{"uv":[13.46875,13.625,14.25,14.471875],"rotation":270,"texture":"#0","tintindex":0}}},{"from":[0.96239996,3.2009153,-2.1455374],"to":[1.1023993,10.800916,7.854462],"rotation":{"angle":-22.5,"axis":"z","origin":[8.5838785,20.215546,6.6894393]},"faces":{"east":{"uv":[5.15625,7.9375,4.375,8.53125],"rotation":0,"texture":"#0","tintindex":0},"south":{"uv":[13.71875,13.65625,14.534375,14.65625],"rotation":0,"texture":"#0","tintindex":0},"north":{"uv":[13.75,13.625,14.253125,14.625],"rotation":0,"texture":"#0","tintindex":0},"west":{"uv":[4.375,7.9375,5.15625,8.53125],"rotation":0,"texture":"#0","tintindex":0},"up":{"uv":[14.34375,14.846875,12.9375,13.75],"rotation":90,"texture":"#0","tintindex":0},"down":{"uv":[14.25,14.471875,13.46875,13.625],"rotation":270,"texture":"#0","tintindex":0}}},{"from":[-2.042635,7.14184,0.29446268],"to":[-1.9026346,14.74184,10.294462],"rotation":{"angle":0.0,"axis":"y","origin":[8.5838785,20.215546,6.6894393]},"faces":{"east":{"uv":[5.15625,7.9375,4.375,8.53125],"rotation":0,"texture":"#0","tintindex":0},"south":{"uv":[13.71875,13.65625,14.534375,14.65625],"rotation":0,"texture":"#0","tintindex":0},"north":{"uv":[13.75,13.625,14.253125,14.625],"rotation":0,"texture":"#0","tintindex":0},"west":{"uv":[4.375,7.9375,5.15625,8.53125],"rotation":0,"texture":"#0","tintindex":0},"up":{"uv":[14.34375,14.846875,12.9375,13.75],"rotation":90,"texture":"#0","tintindex":0},"down":{"uv":[14.25,14.471875,13.46875,13.625],"rotation":270,"texture":"#0","tintindex":0}}},{"from":[1.0363097,3.2315302,7.366706],"to":[1.1763101,10.831531,17.366707],"rotation":{"angle":-22.5,"axis":"z","origin":[8.5838785,20.215546,6.6894393]},"faces":{"east":{"uv":[4.375,7.9375,5.15625,8.53125],"rotation":0,"texture":"#0","tintindex":0},"south":{"uv":[14.253125,13.625,13.75,14.625],"rotation":0,"texture":"#0","tintindex":0},"north":{"uv":[14.534375,13.65625,13.71875,14.65625],"rotation":0,"texture":"#0","tintindex":0},"west":{"uv":[5.15625,7.9375,4.375,8.53125],"rotation":0,"texture":"#0","tintindex":0},"up":{"uv":[12.9375,14.846875,14.34375,13.75],"rotation":90,"texture":"#0","tintindex":0},"down":{"uv":[13.46875,14.471875,14.25,13.625],"rotation":270,"texture":"#0","tintindex":0}}},{"from":[-1.962635,7.14184,4.9267063],"to":[-1.8226347,14.74184,14.926706],"rotation":{"angle":0.0,"axis":"y","origin":[8.5838785,20.215546,6.6894393]},"faces":{"east":{"uv":[4.375,7.9375,5.15625,8.53125],"rotation":0,"texture":"#0","tintindex":0},"south":{"uv":[14.253125,13.625,13.75,14.625],"rotation":0,"texture":"#0","tintindex":0},"north":{"uv":[14.534375,13.65625,13.71875,14.65625],"rotation":0,"texture":"#0","tintindex":0},"west":{"uv":[5.15625,7.9375,4.375,8.53125],"rotation":0,"texture":"#0","tintindex":0},"up":{"uv":[12.9375,14.846875,14.34375,13.75],"rotation":90,"texture":"#0","tintindex":0},"down":{"uv":[13.46875,14.471875,14.25,13.625],"rotation":270,"texture":"#0","tintindex":0}}},{"from":[11.7,4.8703976,3.137134],"to":[21.7,12.470398,3.277134],"rotation":{"angle":22.5,"axis":"x","origin":[8.5838785,20.215546,6.6894393]},"faces":{"east":{"uv":[13.75,13.625,14.253125,14.625],"rotation":0,"texture":"#0","tintindex":0},"south":{"uv":[5.15625,7.9375,4.375,8.53125],"rotation":0,"texture":"#0","tintindex":0},"north":{"uv":[4.375,7.9375,5.15625,8.53125],"rotation":0,"texture":"#0","tintindex":0},"west":{"uv":[13.71875,13.65625,14.534375,14.65625],"rotation":0,"texture":"#0","tintindex":0},"up":{"uv":[12.9375,13.75,14.34375,14.846875],"rotation":0,"texture":"#0","tintindex":0},"down":{"uv":[13.46875,13.625,14.25,14.471875],"rotation":0,"texture":"#0","tintindex":0}}},{"from":[8.7,7.24184,0.18407106],"to":[18.7,14.84184,0.3240714],"rotation":{"angle":0.0,"axis":"y","origin":[8.5838785,20.215546,6.6894393]},"faces":{"east":{"uv":[13.75,13.625,14.253125,14.625],"rotation":0,"texture":"#0","tintindex":0},"south":{"uv":[5.15625,7.9375,4.375,8.53125],"rotation":0,"texture":"#0","tintindex":0},"north":{"uv":[4.375,7.9375,5.15625,8.53125],"rotation":0,"texture":"#0","tintindex":0},"west":{"uv":[13.71875,13.65625,14.534375,14.65625],"rotation":0,"texture":"#0","tintindex":0},"up":{"uv":[12.9375,13.75,14.34375,14.846875],"rotation":0,"texture":"#0","tintindex":0},"down":{"uv":[13.46875,13.625,14.25,14.471875],"rotation":0,"texture":"#0","tintindex":0}}},{"from":[19.771893,17.578903,7.194094],"to":[27.371893,27.578903,7.334094],"rotation":{"angle":22.5,"axis":"y","origin":[8.5838785,20.215546,6.6894393]},"faces":{"east":{"uv":[13.46875,13.625,14.25,14.471875],"rotation":270,"texture":"#0","tintindex":0},"south":{"uv":[4.375,7.9375,5.15625,8.53125],"rotation":270,"texture":"#0","tintindex":0},"north":{"uv":[5.15625,7.9375,4.375,8.53125],"rotation":90,"texture":"#0","tintindex":0},"west":{"uv":[12.9375,13.75,14.34375,14.846875],"rotation":270,"texture":"#0","tintindex":0},"up":{"uv":[13.75,13.625,14.253125,14.625],"rotation":270,"texture":"#0","tintindex":0},"down":{"uv":[13.71875,13.65625,14.534375,14.65625],"rotation":270,"texture":"#0","tintindex":0}}},{"from":[19.323029,19.21125,2.8676462],"to":[26.923027,27.21125,2.9076467],"rotation":{"angle":0.0,"axis":"y","origin":[8.5838785,20.215546,6.6894393]},"faces":{"east":{"uv":[14.84375,14.65625,14.46875,15.03125],"rotation":270,"texture":"#0","tintindex":0},"south":{"uv":[2.8125,7.21875,3.4375,7.8125],"rotation":270,"texture":"#0","tintindex":0},"north":{"uv":[2.8125,7.21875,3.4375,7.8125],"rotation":90,"texture":"#0","tintindex":0},"west":{"uv":[14.78125,15.15625,14.3125,14.6875],"rotation":270,"texture":"#0","tintindex":0},"up":{"uv":[14.09375,14.71875,14.71875,15.3125],"rotation":270,"texture":"#0","tintindex":0},"down":{"uv":[14.15625,14.71875,14.78125,15.3125],"rotation":270,"texture":"#0","tintindex":0}}},{"from":[19.323029,19.21125,11.113522],"to":[26.923027,27.21125,11.153522],"rotation":{"angle":0.0,"axis":"y","origin":[8.5838785,20.215546,6.6894393]},"faces":{"east":{"uv":[14.84375,15.03125,14.46875,14.65625],"rotation":270,"texture":"#0","tintindex":0},"south":{"uv":[2.8125,7.8125,3.4375,7.21875],"rotation":90,"texture":"#0","tintindex":0},"north":{"uv":[2.8125,7.8125,3.4375,7.21875],"rotation":270,"texture":"#0","tintindex":0},"west":{"uv":[14.78125,14.6875,14.3125,15.15625],"rotation":270,"texture":"#0","tintindex":0},"up":{"uv":[14.71875,14.71875,14.09375,15.3125],"rotation":270,"texture":"#0","tintindex":0},"down":{"uv":[14.78125,14.71875,14.15625,15.3125],"rotation":270,"texture":"#0","tintindex":0}}},{"from":[20.054642,17.578903,6.622875],"to":[27.654642,27.578903,6.7628756],"rotation":{"angle":-22.5,"axis":"y","origin":[8.5838785,20.215546,6.6894393]},"faces":{"east":{"uv":[13.46875,14.471875,14.25,13.625],"rotation":270,"texture":"#0","tintindex":0},"south":{"uv":[5.15625,8.53125,4.375,7.9375],"rotation":90,"texture":"#0","tintindex":0},"north":{"uv":[4.375,8.53125,5.15625,7.9375],"rotation":270,"texture":"#0","tintindex":0},"west":{"uv":[12.9375,14.846875,14.34375,13.75],"rotation":270,"texture":"#0","tintindex":0},"up":{"uv":[14.253125,13.625,13.75,14.625],"rotation":270,"texture":"#0","tintindex":0},"down":{"uv":[14.534375,13.65625,13.71875,14.65625],"rotation":270,"texture":"#0","tintindex":0}}},{"from":[-10.278048,17.578903,7.2247086],"to":[-2.6780481,27.578903,7.364709],"rotation":{"angle":-22.5,"axis":"y","origin":[8.5838785,20.215546,6.6894393]},"faces":{"east":{"uv":[12.9375,14.846875,14.34375,13.75],"rotation":270,"texture":"#0","tintindex":0},"south":{"uv":[4.375,8.53125,5.15625,7.9375],"rotation":270,"texture":"#0","tintindex":0},"north":{"uv":[5.15625,8.53125,4.375,7.9375],"rotation":90,"texture":"#0","tintindex":0},"west":{"uv":[13.46875,14.471875,14.25,13.625],"rotation":270,"texture":"#0","tintindex":0},"up":{"uv":[13.75,14.625,14.253125,13.625],"rotation":270,"texture":"#0","tintindex":0},"down":{"uv":[13.71875,14.65625,14.534375,13.65625],"rotation":270,"texture":"#0","tintindex":0}}},{"from":[-9.75527,19.21125,2.8676462],"to":[-2.1552706,27.21125,2.9076467],"rotation":{"angle":0.0,"axis":"y","origin":[8.5838785,20.215546,6.6894393]},"faces":{"east":{"uv":[14.78125,14.6875,14.3125,15.15625],"rotation":270,"texture":"#0","tintindex":0},"south":{"uv":[2.8125,7.8125,3.4375,7.21875],"rotation":270,"texture":"#0","tintindex":0},"north":{"uv":[2.8125,7.8125,3.4375,7.21875],"rotation":90,"texture":"#0","tintindex":0},"west":{"uv":[14.84375,15.03125,14.46875,14.65625],"rotation":270,"texture":"#0","tintindex":0},"up":{"uv":[14.09375,15.3125,14.71875,14.71875],"rotation":270,"texture":"#0","tintindex":0},"down":{"uv":[14.15625,15.3125,14.78125,14.71875],"rotation":270,"texture":"#0","tintindex":0}}},{"from":[-9.75527,19.21125,11.113522],"to":[-2.1552706,27.21125,11.153522],"rotation":{"angle":0.0,"axis":"y","origin":[8.5838785,20.215546,6.6894393]},"faces":{"east":{"uv":[14.78125,15.15625,14.3125,14.6875],"rotation":270,"texture":"#0","tintindex":0},"south":{"uv":[2.8125,7.21875,3.4375,7.8125],"rotation":90,"texture":"#0","tintindex":0},"north":{"uv":[2.8125,7.21875,3.4375,7.8125],"rotation":270,"texture":"#0","tintindex":0},"west":{"uv":[14.84375,14.65625,14.46875,15.03125],"rotation":270,"texture":"#0","tintindex":0},"up":{"uv":[14.71875,15.3125,14.09375,14.71875],"rotation":270,"texture":"#0","tintindex":0},"down":{"uv":[14.78125,15.3125,14.15625,14.71875],"rotation":270,"texture":"#0","tintindex":0}}},{"from":[-10.560797,17.578903,6.592261],"to":[-2.9607964,27.578903,6.7322607],"rotation":{"angle":22.5,"axis":"y","origin":[8.5838785,20.215546,6.6894393]},"faces":{"east":{"uv":[12.9375,13.75,14.34375,14.846875],"rotation":270,"texture":"#0","tintindex":0},"south":{"uv":[5.15625,7.9375,4.375,8.53125],"rotation":90,"texture":"#0","tintindex":0},"north":{"uv":[4.375,7.9375,5.15625,8.53125],"rotation":270,"texture":"#0","tintindex":0},"west":{"uv":[13.46875,13.625,14.25,14.471875],"rotation":270,"texture":"#0","tintindex":0},"up":{"uv":[14.253125,14.625,13.75,13.625],"rotation":270,"texture":"#0","tintindex":0},"down":{"uv":[14.534375,14.65625,13.71875,13.65625],"rotation":270,"texture":"#0","tintindex":0}}},{"from":[8.74,7.96184,14.897097],"to":[18.740002,15.56184,15.037098],"rotation":{"angle":0.0,"axis":"y","origin":[8.5838785,20.215546,6.6894393]},"faces":{"east":{"uv":[14.253125,13.625,13.75,14.625],"rotation":0,"texture":"#0","tintindex":0},"south":{"uv":[5.15625,7.9375,4.375,8.53125],"rotation":0,"texture":"#0","tintindex":0},"north":{"uv":[4.375,7.9375,5.15625,8.53125],"rotation":0,"texture":"#0","tintindex":0},"west":{"uv":[14.534375,13.65625,13.71875,14.65625],"rotation":0,"texture":"#0","tintindex":0},"up":{"uv":[12.9375,14.846875,14.34375,13.75],"rotation":0,"texture":"#0","tintindex":0},"down":{"uv":[13.46875,14.471875,14.25,13.625],"rotation":0,"texture":"#0","tintindex":0}}},{"from":[2.7400002,7.96184,14.9770975],"to":[12.74,15.56184,15.117097],"rotation":{"angle":0.0,"axis":"y","origin":[8.5838785,20.215546,6.6894393]},"faces":{"east":{"uv":[14.253125,13.625,13.75,14.625],"rotation":0,"texture":"#0","tintindex":0},"south":{"uv":[5.15625,7.9375,4.375,8.53125],"rotation":0,"texture":"#0","tintindex":0},"north":{"uv":[4.375,7.9375,5.15625,8.53125],"rotation":0,"texture":"#0","tintindex":0},"west":{"uv":[14.534375,13.65625,13.71875,14.65625],"rotation":0,"texture":"#0","tintindex":0},"up":{"uv":[12.9375,14.846875,14.34375,13.75],"rotation":0,"texture":"#0","tintindex":0},"down":{"uv":[13.46875,14.471875,14.25,13.625],"rotation":0,"texture":"#0","tintindex":0}}},{"from":[2.7400002,6.3618402,0.10407114],"to":[12.74,13.96184,0.244071],"rotation":{"angle":0.0,"axis":"y","origin":[8.5838785,20.215546,6.6894393]},"faces":{"east":{"uv":[13.75,13.625,14.253125,14.625],"rotation":0,"texture":"#0","tintindex":0},"south":{"uv":[5.15625,7.9375,4.375,8.53125],"rotation":0,"texture":"#0","tintindex":0},"north":{"uv":[4.375,7.9375,5.15625,8.53125],"rotation":0,"texture":"#0","tintindex":0},"west":{"uv":[13.71875,13.65625,14.534375,14.65625],"rotation":0,"texture":"#0","tintindex":0},"up":{"uv":[12.9375,13.75,14.34375,14.846875],"rotation":0,"texture":"#0","tintindex":0},"down":{"uv":[13.46875,13.625,14.25,14.471875],"rotation":0,"texture":"#0","tintindex":0}}},{"from":[-4.7322445,4.830577,12.07933],"to":[5.267756,12.430577,12.21933],"rotation":{"angle":-22.5,"axis":"x","origin":[8.5838785,20.215546,6.6894393]},"faces":{"east":{"uv":[13.71875,13.65625,14.534375,14.65625],"rotation":0,"texture":"#0","tintindex":0},"south":{"uv":[4.375,7.9375,5.15625,8.53125],"rotation":0,"texture":"#0","tintindex":0},"north":{"uv":[5.15625,7.9375,4.375,8.53125],"rotation":0,"texture":"#0","tintindex":0},"west":{"uv":[13.75,13.625,14.253125,14.625],"rotation":0,"texture":"#0","tintindex":0},"up":{"uv":[14.34375,14.846875,12.9375,13.75],"rotation":0,"texture":"#0","tintindex":0},"down":{"uv":[14.25,14.471875,13.46875,13.625],"rotation":0,"texture":"#0","tintindex":0}}},{"from":[11.74,4.830577,12.07933],"to":[21.74,12.430577,12.21933],"rotation":{"angle":-22.5,"axis":"x","origin":[8.5838785,20.215546,6.6894393]},"faces":{"east":{"uv":[14.253125,13.625,13.75,14.625],"rotation":0,"texture":"#0","tintindex":0},"south":{"uv":[5.15625,7.9375,4.375,8.53125],"rotation":0,"texture":"#0","tintindex":0},"north":{"uv":[4.375,7.9375,5.15625,8.53125],"rotation":0,"texture":"#0","tintindex":0},"west":{"uv":[14.534375,13.65625,13.71875,14.65625],"rotation":0,"texture":"#0","tintindex":0},"up":{"uv":[12.9375,14.846875,14.34375,13.75],"rotation":0,"texture":"#0","tintindex":0},"down":{"uv":[13.46875,14.471875,14.25,13.625],"rotation":0,"texture":"#0","tintindex":0}}},{"from":[2.7400002,4.9905767,11.9993305],"to":[12.74,12.590577,12.13933],"rotation":{"angle":-22.5,"axis":"x","origin":[8.5838785,20.215546,6.6894393]},"faces":{"east":{"uv":[14.253125,13.625,13.75,14.625],"rotation":0,"texture":"#0","tintindex":0},"south":{"uv":[5.15625,7.9375,4.375,8.53125],"rotation":0,"texture":"#0","tintindex":0},"north":{"uv":[4.375,7.9375,5.15625,8.53125],"rotation":0,"texture":"#0","tintindex":0},"west":{"uv":[14.534375,13.65625,13.71875,14.65625],"rotation":0,"texture":"#0","tintindex":0},"up":{"uv":[12.9375,14.846875,14.34375,13.75],"rotation":0,"texture":"#0","tintindex":0},"down":{"uv":[13.46875,14.471875,14.25,13.625],"rotation":0,"texture":"#0","tintindex":0}}},{"from":[2.7400002,5.0155907,2.661602],"to":[12.74,12.61559,2.801602],"rotation":{"angle":22.5,"axis":"x","origin":[8.5838785,20.215546,6.6894393]},"faces":{"east":{"uv":[13.75,13.625,14.253125,14.625],"rotation":0,"texture":"#0","tintindex":0},"south":{"uv":[5.15625,7.9375,4.375,8.53125],"rotation":0,"texture":"#0","tintindex":0},"north":{"uv":[4.375,7.9375,5.15625,8.53125],"rotation":0,"texture":"#0","tintindex":0},"west":{"uv":[13.71875,13.65625,14.534375,14.65625],"rotation":0,"texture":"#0","tintindex":0},"up":{"uv":[12.9375,13.75,14.34375,14.846875],"rotation":0,"texture":"#0","tintindex":0},"down":{"uv":[13.46875,13.625,14.25,14.471875],"rotation":0,"texture":"#0","tintindex":0}}},{"from":[-2.292244,7.96184,14.897097],"to":[7.707756,15.56184,15.037098],"rotation":{"angle":0.0,"axis":"y","origin":[8.5838785,20.215546,6.6894393]},"faces":{"east":{"uv":[13.71875,13.65625,14.534375,14.65625],"rotation":0,"texture":"#0","tintindex":0},"south":{"uv":[4.375,7.9375,5.15625,8.53125],"rotation":0,"texture":"#0","tintindex":0},"north":{"uv":[5.15625,7.9375,4.375,8.53125],"rotation":0,"texture":"#0","tintindex":0},"west":{"uv":[13.75,13.625,14.253125,14.625],"rotation":0,"texture":"#0","tintindex":0},"up":{"uv":[14.34375,14.846875,12.9375,13.75],"rotation":0,"texture":"#0","tintindex":0},"down":{"uv":[14.25,14.471875,13.46875,13.625],"rotation":0,"texture":"#0","tintindex":0}}},{"from":[3.732348,15.217043,-3.1426668],"to":[13.7323475,22.817043,-3.0026674],"rotation":{"angle":22.5,"axis":"x","origin":[8.5838785,20.215546,6.6894393]},"faces":{"east":{"uv":[14.534375,13.65625,13.71875,14.65625],"rotation":0,"texture":"#0","tintindex":0},"south":{"uv":[4.375,8.53125,5.15625,9.125],"rotation":0,"texture":"#0","tintindex":0},"north":{"uv":[5.15625,8.53125,4.375,9.125],"rotation":0,"texture":"#0","tintindex":0},"west":{"uv":[14.253125,13.625,13.75,14.625],"rotation":0,"texture":"#0","tintindex":0},"up":{"uv":[14.34375,13.75,12.9375,14.846875],"rotation":0,"texture":"#0","tintindex":0},"down":{"uv":[14.25,13.625,13.46875,14.471875],"rotation":0,"texture":"#0","tintindex":0}}},{"from":[3.732348,21.644678,-2.7743826],"to":[13.7323475,29.244677,-2.6343832],"rotation":{"angle":22.5,"axis":"x","origin":[8.5838785,20.215546,6.6894393]},"faces":{"east":{"uv":[14.534375,14.65625,13.71875,13.65625],"rotation":0,"texture":"#0","tintindex":0},"south":{"uv":[4.375,9.125,5.15625,8.53125],"rotation":0,"texture":"#0","tintindex":0},"north":{"uv":[5.15625,9.125,4.375,8.53125],"rotation":0,"texture":"#0","tintindex":0},"west":{"uv":[14.253125,14.625,13.75,13.625],"rotation":0,"texture":"#0","tintindex":0},"up":{"uv":[14.25,14.471875,13.46875,13.625],"rotation":0,"texture":"#0","tintindex":0},"down":{"uv":[14.34375,14.846875,12.9375,13.75],"rotation":0,"texture":"#0","tintindex":0}}},{"from":[3.732348,20.625692,-1.0534334],"to":[13.7323475,28.225693,-0.913434],"rotation":{"angle":22.5,"axis":"x","origin":[8.5838785,20.215546,6.6894393]},"faces":{"east":{"uv":[14.534375,14.65625,13.71875,13.65625],"rotation":0,"texture":"#0","tintindex":0},"south":{"uv":[4.375,9.125,5.15625,8.53125],"rotation":0,"texture":"#0","tintindex":0},"north":{"uv":[5.15625,9.125,4.375,8.53125],"rotation":0,"texture":"#0","tintindex":0},"west":{"uv":[14.253125,14.625,13.75,13.625],"rotation":0,"texture":"#0","tintindex":0},"up":{"uv":[14.25,14.471875,13.46875,13.625],"rotation":0,"texture":"#0","tintindex":0},"down":{"uv":[14.34375,14.846875,12.9375,13.75],"rotation":0,"texture":"#0","tintindex":0}}},{"from":[4.7656174,23.961494,0.39327097],"to":[14.765617,31.561495,0.53327084],"rotation":{"angle":-22.5,"axis":"y","origin":[8.5838785,20.215546,6.6894393]},"faces":{"east":{"uv":[14.534375,14.65625,13.71875,13.65625],"rotation":0,"texture":"#0","tintindex":0},"south":{"uv":[4.375,9.125,5.15625,8.53125],"rotation":0,"texture":"#0","tintindex":0},"north":{"uv":[5.15625,9.125,4.375,8.53125],"rotation":0,"texture":"#0","tintindex":0},"west":{"uv":[14.253125,14.625,13.75,13.625],"rotation":0,"texture":"#0","tintindex":0},"up":{"uv":[14.25,14.471875,13.46875,13.625],"rotation":0,"texture":"#0","tintindex":0},"down":{"uv":[14.34375,14.846875,12.9375,13.75],"rotation":0,"texture":"#0","tintindex":0}}},{"from":[1.6630349,23.961494,0.08712435],"to":[11.663035,31.561495,0.22712374],"rotation":{"angle":22.5,"axis":"y","origin":[8.5838785,20.215546,6.6894393]},"faces":{"east":{"uv":[13.75,14.625,14.253125,13.625],"rotation":0,"texture":"#0","tintindex":0},"south":{"uv":[5.15625,9.125,4.375,8.53125],"rotation":0,"texture":"#0","tintindex":0},"north":{"uv":[4.375,9.125,5.15625,8.53125],"rotation":0,"texture":"#0","tintindex":0},"west":{"uv":[13.71875,14.65625,14.534375,13.65625],"rotation":0,"texture":"#0","tintindex":0},"up":{"uv":[13.46875,14.471875,14.25,13.625],"rotation":0,"texture":"#0","tintindex":0},"down":{"uv":[12.9375,14.846875,14.34375,13.75],"rotation":0,"texture":"#0","tintindex":0}}},{"from":[1.6630349,22.761496,-1.1128759],"to":[11.663035,30.361496,-0.97287655],"rotation":{"angle":22.5,"axis":"y","origin":[8.5838785,20.215546,6.6894393]},"faces":{"east":{"uv":[13.75,14.625,14.253125,13.625],"rotation":0,"texture":"#0","tintindex":0},"south":{"uv":[5.15625,9.125,4.375,8.53125],"rotation":0,"texture":"#0","tintindex":0},"north":{"uv":[4.375,9.125,5.15625,8.53125],"rotation":0,"texture":"#0","tintindex":0},"west":{"uv":[13.71875,14.65625,14.534375,13.65625],"rotation":0,"texture":"#0","tintindex":0},"up":{"uv":[13.46875,14.471875,14.25,13.625],"rotation":0,"texture":"#0","tintindex":0},"down":{"uv":[12.9375,14.846875,14.34375,13.75],"rotation":0,"texture":"#0","tintindex":0}}},{"from":[4.7656174,22.761496,-0.8067293],"to":[14.765617,30.361496,-0.666729],"rotation":{"angle":-22.5,"axis":"y","origin":[8.5838785,20.215546,6.6894393]},"faces":{"east":{"uv":[14.534375,14.65625,13.71875,13.65625],"rotation":0,"texture":"#0","tintindex":0},"south":{"uv":[4.375,9.125,5.15625,8.53125],"rotation":0,"texture":"#0","tintindex":0},"north":{"uv":[5.15625,9.125,4.375,8.53125],"rotation":0,"texture":"#0","tintindex":0},"west":{"uv":[14.253125,14.625,13.75,13.625],"rotation":0,"texture":"#0","tintindex":0},"up":{"uv":[14.25,14.471875,13.46875,13.625],"rotation":0,"texture":"#0","tintindex":0},"down":{"uv":[14.34375,14.846875,12.9375,13.75],"rotation":0,"texture":"#0","tintindex":0}}},{"from":[5.037131,22.361496,1.7801337],"to":[15.03713,29.961494,1.9201336],"rotation":{"angle":-22.5,"axis":"y","origin":[8.5838785,20.215546,6.6894393]},"faces":{"east":{"uv":[14.534375,14.65625,13.71875,13.65625],"rotation":0,"texture":"#0","tintindex":0},"south":{"uv":[4.375,9.125,5.15625,8.53125],"rotation":0,"texture":"#0","tintindex":0},"north":{"uv":[5.15625,9.125,4.375,8.53125],"rotation":0,"texture":"#0","tintindex":0},"west":{"uv":[14.253125,14.625,13.75,13.625],"rotation":0,"texture":"#0","tintindex":0},"up":{"uv":[14.25,14.471875,13.46875,13.625],"rotation":0,"texture":"#0","tintindex":0},"down":{"uv":[14.34375,14.846875,12.9375,13.75],"rotation":0,"texture":"#0","tintindex":0}}},{"from":[3.732348,22.716192,-0.18752003],"to":[13.7323475,30.316193,-0.047519684],"rotation":{"angle":22.5,"axis":"x","origin":[8.5838785,20.215546,6.6894393]},"faces":{"east":{"uv":[14.534375,14.65625,13.71875,13.65625],"rotation":0,"texture":"#0","tintindex":0},"south":{"uv":[4.375,9.125,5.15625,8.53125],"rotation":0,"texture":"#0","tintindex":0},"north":{"uv":[5.15625,9.125,4.375,8.53125],"rotation":0,"texture":"#0","tintindex":0},"west":{"uv":[14.253125,14.625,13.75,13.625],"rotation":0,"texture":"#0","tintindex":0},"up":{"uv":[14.25,14.471875,13.46875,13.625],"rotation":0,"texture":"#0","tintindex":0},"down":{"uv":[14.34375,14.846875,12.9375,13.75],"rotation":0,"texture":"#0","tintindex":0}}},{"from":[3.732348,21.697205,1.5334287],"to":[13.7323475,29.297203,1.673429],"rotation":{"angle":22.5,"axis":"x","origin":[8.5838785,20.215546,6.6894393]},"faces":{"east":{"uv":[14.534375,14.65625,13.71875,13.65625],"rotation":0,"texture":"#0","tintindex":0},"south":{"uv":[4.375,9.125,5.15625,8.53125],"rotation":0,"texture":"#0","tintindex":0},"north":{"uv":[5.15625,9.125,4.375,8.53125],"rotation":0,"texture":"#0","tintindex":0},"west":{"uv":[14.253125,14.625,13.75,13.625],"rotation":0,"texture":"#0","tintindex":0},"up":{"uv":[14.25,14.471875,13.46875,13.625],"rotation":0,"texture":"#0","tintindex":0},"down":{"uv":[14.34375,14.846875,12.9375,13.75],"rotation":0,"texture":"#0","tintindex":0}}},{"from":[5.8371305,23.961494,2.9801335],"to":[15.8371315,31.561495,3.1201334],"rotation":{"angle":-22.5,"axis":"y","origin":[8.5838785,20.215546,6.6894393]},"faces":{"east":{"uv":[14.534375,14.65625,13.71875,13.65625],"rotation":0,"texture":"#0","tintindex":0},"south":{"uv":[4.375,9.125,5.15625,8.53125],"rotation":0,"texture":"#0","tintindex":0},"north":{"uv":[5.15625,9.125,4.375,8.53125],"rotation":0,"texture":"#0","tintindex":0},"west":{"uv":[14.253125,14.625,13.75,13.625],"rotation":0,"texture":"#0","tintindex":0},"up":{"uv":[14.25,14.471875,13.46875,13.625],"rotation":0,"texture":"#0","tintindex":0},"down":{"uv":[14.34375,14.846875,12.9375,13.75],"rotation":0,"texture":"#0","tintindex":0}}},{"from":[1.3915215,23.961494,2.673987],"to":[11.391521,31.561495,2.8139868],"rotation":{"angle":22.5,"axis":"y","origin":[8.5838785,20.215546,6.6894393]},"faces":{"east":{"uv":[13.75,14.625,14.253125,13.625],"rotation":0,"texture":"#0","tintindex":0},"south":{"uv":[5.15625,9.125,4.375,8.53125],"rotation":0,"texture":"#0","tintindex":0},"north":{"uv":[4.375,9.125,5.15625,8.53125],"rotation":0,"texture":"#0","tintindex":0},"west":{"uv":[13.71875,14.65625,14.534375,13.65625],"rotation":0,"texture":"#0","tintindex":0},"up":{"uv":[13.46875,14.471875,14.25,13.625],"rotation":0,"texture":"#0","tintindex":0},"down":{"uv":[12.9375,14.846875,14.34375,13.75],"rotation":0,"texture":"#0","tintindex":0}}},{"from":[0.59152126,22.361496,1.4739866],"to":[10.591522,29.961494,1.613987],"rotation":{"angle":22.5,"axis":"y","origin":[8.5838785,20.215546,6.6894393]},"faces":{"east":{"uv":[13.75,14.625,14.253125,13.625],"rotation":0,"texture":"#0","tintindex":0},"south":{"uv":[5.15625,9.125,4.375,8.53125],"rotation":0,"texture":"#0","tintindex":0},"north":{"uv":[4.375,9.125,5.15625,8.53125],"rotation":0,"texture":"#0","tintindex":0},"west":{"uv":[13.71875,14.65625,14.534375,13.65625],"rotation":0,"texture":"#0","tintindex":0},"up":{"uv":[13.46875,14.471875,14.25,13.625],"rotation":0,"texture":"#0","tintindex":0},"down":{"uv":[12.9375,14.846875,14.34375,13.75],"rotation":0,"texture":"#0","tintindex":0}}},{"from":[1.3077149,22.761496,5.539057],"to":[11.307714,30.361496,5.679057],"rotation":{"angle":22.5,"axis":"y","origin":[8.5838785,20.215546,6.6894393]},"faces":{"east":{"uv":[13.75,14.625,14.253125,13.625],"rotation":0,"texture":"#0","tintindex":0},"south":{"uv":[5.15625,9.125,4.375,8.53125],"rotation":0,"texture":"#0","tintindex":0},"north":{"uv":[4.375,9.125,5.15625,8.53125],"rotation":0,"texture":"#0","tintindex":0},"west":{"uv":[13.71875,14.65625,14.534375,13.65625],"rotation":0,"texture":"#0","tintindex":0},"up":{"uv":[13.46875,14.471875,14.25,13.625],"rotation":0,"texture":"#0","tintindex":0},"down":{"uv":[12.9375,14.846875,14.34375,13.75],"rotation":0,"texture":"#0","tintindex":0}}},{"from":[5.120938,22.761496,5.8452034],"to":[15.120938,30.361496,5.9852037],"rotation":{"angle":-22.5,"axis":"y","origin":[8.5838785,20.215546,6.6894393]},"faces":{"east":{"uv":[14.534375,14.65625,13.71875,13.65625],"rotation":0,"texture":"#0","tintindex":0},"south":{"uv":[4.375,9.125,5.15625,8.53125],"rotation":0,"texture":"#0","tintindex":0},"north":{"uv":[5.15625,9.125,4.375,8.53125],"rotation":0,"texture":"#0","tintindex":0},"west":{"uv":[14.253125,14.625,13.75,13.625],"rotation":0,"texture":"#0","tintindex":0},"up":{"uv":[14.25,14.471875,13.46875,13.625],"rotation":0,"texture":"#0","tintindex":0},"down":{"uv":[14.34375,14.846875,12.9375,13.75],"rotation":0,"texture":"#0","tintindex":0}}},{"from":[3.732348,23.328485,1.2906876],"to":[13.7323475,30.928484,1.4306874],"rotation":{"angle":22.5,"axis":"x","origin":[8.5838785,20.215546,6.6894393]},"faces":{"east":{"uv":[14.534375,14.65625,13.71875,13.65625],"rotation":0,"texture":"#0","tintindex":0},"south":{"uv":[4.375,9.125,5.15625,8.53125],"rotation":0,"texture":"#0","tintindex":0},"north":{"uv":[5.15625,9.125,4.375,8.53125],"rotation":0,"texture":"#0","tintindex":0},"west":{"uv":[14.253125,14.625,13.75,13.625],"rotation":0,"texture":"#0","tintindex":0},"up":{"uv":[14.25,14.471875,13.46875,13.625],"rotation":0,"texture":"#0","tintindex":0},"down":{"uv":[14.34375,14.846875,12.9375,13.75],"rotation":0,"texture":"#0","tintindex":0}}},{"from":[3.732348,22.309498,3.0116363],"to":[13.7323475,29.9095,3.1516366],"rotation":{"angle":22.5,"axis":"x","origin":[8.5838785,20.215546,6.6894393]},"faces":{"east":{"uv":[14.534375,14.65625,13.71875,13.65625],"rotation":0,"texture":"#0","tintindex":0},"south":{"uv":[4.375,9.125,5.15625,8.53125],"rotation":0,"texture":"#0","tintindex":0},"north":{"uv":[5.15625,9.125,4.375,8.53125],"rotation":0,"texture":"#0","tintindex":0},"west":{"uv":[14.253125,14.625,13.75,13.625],"rotation":0,"texture":"#0","tintindex":0},"up":{"uv":[14.25,14.471875,13.46875,13.625],"rotation":0,"texture":"#0","tintindex":0},"down":{"uv":[14.34375,14.846875,12.9375,13.75],"rotation":0,"texture":"#0","tintindex":0}}},{"from":[6.4494243,23.961494,4.4583406],"to":[16.449425,31.561495,4.598341],"rotation":{"angle":-22.5,"axis":"y","origin":[8.5838785,20.215546,6.6894393]},"faces":{"east":{"uv":[14.534375,14.65625,13.71875,13.65625],"rotation":0,"texture":"#0","tintindex":0},"south":{"uv":[4.375,9.125,5.15625,8.53125],"rotation":0,"texture":"#0","tintindex":0},"north":{"uv":[5.15625,9.125,4.375,8.53125],"rotation":0,"texture":"#0","tintindex":0},"west":{"uv":[14.253125,14.625,13.75,13.625],"rotation":0,"texture":"#0","tintindex":0},"up":{"uv":[14.25,14.471875,13.46875,13.625],"rotation":0,"texture":"#0","tintindex":0},"down":{"uv":[14.34375,14.846875,12.9375,13.75],"rotation":0,"texture":"#0","tintindex":0}}},{"from":[-0.02077198,23.961494,4.152194],"to":[9.979228,31.561495,4.2921944],"rotation":{"angle":22.5,"axis":"y","origin":[8.5838785,20.215546,6.6894393]},"faces":{"east":{"uv":[13.75,14.625,14.253125,13.625],"rotation":0,"texture":"#0","tintindex":0},"south":{"uv":[5.15625,9.125,4.375,8.53125],"rotation":0,"texture":"#0","tintindex":0},"north":{"uv":[4.375,9.125,5.15625,8.53125],"rotation":0,"texture":"#0","tintindex":0},"west":{"uv":[13.71875,14.65625,14.534375,13.65625],"rotation":0,"texture":"#0","tintindex":0},"up":{"uv":[13.46875,14.471875,14.25,13.625],"rotation":0,"texture":"#0","tintindex":0},"down":{"uv":[12.9375,14.846875,14.34375,13.75],"rotation":0,"texture":"#0","tintindex":0}}},{"from":[-0.02077198,22.761496,2.9521942],"to":[9.979228,30.361496,3.092194],"rotation":{"angle":22.5,"axis":"y","origin":[8.5838785,20.215546,6.6894393]},"faces":{"east":{"uv":[13.75,14.625,14.253125,13.625],"rotation":0,"texture":"#0","tintindex":0},"south":{"uv":[5.15625,9.125,4.375,8.53125],"rotation":0,"texture":"#0","tintindex":0},"north":{"uv":[4.375,9.125,5.15625,8.53125],"rotation":0,"texture":"#0","tintindex":0},"west":{"uv":[13.71875,14.65625,14.534375,13.65625],"rotation":0,"texture":"#0","tintindex":0},"up":{"uv":[13.46875,14.471875,14.25,13.625],"rotation":0,"texture":"#0","tintindex":0},"down":{"uv":[12.9375,14.846875,14.34375,13.75],"rotation":0,"texture":"#0","tintindex":0}}},{"from":[6.4494243,22.761496,3.2583408],"to":[16.449425,30.361496,3.3983407],"rotation":{"angle":-22.5,"axis":"y","origin":[8.5838785,20.215546,6.6894393]},"faces":{"east":{"uv":[14.534375,14.65625,13.71875,13.65625],"rotation":0,"texture":"#0","tintindex":0},"south":{"uv":[4.375,9.125,5.15625,8.53125],"rotation":0,"texture":"#0","tintindex":0},"north":{"uv":[5.15625,9.125,4.375,8.53125],"rotation":0,"texture":"#0","tintindex":0},"west":{"uv":[14.253125,14.625,13.75,13.625],"rotation":0,"texture":"#0","tintindex":0},"up":{"uv":[14.25,14.471875,13.46875,13.625],"rotation":0,"texture":"#0","tintindex":0},"down":{"uv":[14.34375,14.846875,12.9375,13.75],"rotation":0,"texture":"#0","tintindex":0}}},{"from":[3.732348,24.4,3.8775501],"to":[13.7323475,32.0,4.0175505],"rotation":{"angle":22.5,"axis":"x","origin":[8.5838785,20.215546,6.6894393]},"faces":{"east":{"uv":[14.534375,14.65625,13.71875,13.65625],"rotation":0,"texture":"#0","tintindex":0},"south":{"uv":[4.375,9.125,5.15625,8.53125],"rotation":0,"texture":"#0","tintindex":0},"north":{"uv":[5.15625,9.125,4.375,8.53125],"rotation":0,"texture":"#0","tintindex":0},"west":{"uv":[14.253125,14.625,13.75,13.625],"rotation":0,"texture":"#0","tintindex":0},"up":{"uv":[14.25,14.471875,13.46875,13.625],"rotation":0,"texture":"#0","tintindex":0},"down":{"uv":[14.34375,14.846875,12.9375,13.75],"rotation":0,"texture":"#0","tintindex":0}}},{"from":[3.732348,23.381012,5.5984993],"to":[13.7323475,30.98101,5.7384987],"rotation":{"angle":22.5,"axis":"x","origin":[8.5838785,20.215546,6.6894393]},"faces":{"east":{"uv":[14.534375,14.65625,13.71875,13.65625],"rotation":0,"texture":"#0","tintindex":0},"south":{"uv":[4.375,9.125,5.15625,8.53125],"rotation":0,"texture":"#0","tintindex":0},"north":{"uv":[5.15625,9.125,4.375,8.53125],"rotation":0,"texture":"#0","tintindex":0},"west":{"uv":[14.253125,14.625,13.75,13.625],"rotation":0,"texture":"#0","tintindex":0},"up":{"uv":[14.25,14.471875,13.46875,13.625],"rotation":0,"texture":"#0","tintindex":0},"down":{"uv":[14.34375,14.846875,12.9375,13.75],"rotation":0,"texture":"#0","tintindex":0}}},{"from":[3.3323479,18.7816,-1.5786934],"to":[13.332348,26.3816,-1.438693],"rotation":{"angle":0.0,"axis":"y","origin":[8.5838785,20.215546,6.6894393]},"faces":{"east":{"uv":[14.534375,13.65625,13.71875,14.65625],"rotation":0,"texture":"#0","tintindex":0},"south":{"uv":[4.375,8.53125,5.15625,9.125],"rotation":0,"texture":"#0","tintindex":0},"north":{"uv":[5.15625,8.53125,4.375,9.125],"rotation":0,"texture":"#0","tintindex":0},"west":{"uv":[14.253125,13.625,13.75,14.625],"rotation":0,"texture":"#0","tintindex":0},"up":{"uv":[14.34375,13.75,12.9375,14.846875],"rotation":0,"texture":"#0","tintindex":0},"down":{"uv":[14.25,13.625,13.46875,14.471875],"rotation":0,"texture":"#0","tintindex":0}}},{"from":[4.2523475,-3.2903175,11.953676],"to":[12.252348,4.309683,11.993676],"rotation":{"angle":22.5,"axis":"x","origin":[8.5838785,20.215546,6.6894393]},"faces":{"east":{"uv":[14.09375,14.71875,14.71875,15.3125],"rotation":0,"texture":"#0","tintindex":0},"south":{"uv":[2.8125,7.21875,3.4375,7.8125],"rotation":0,"texture":"#0","tintindex":0},"north":{"uv":[2.8125,7.21875,3.4375,7.8125],"rotation":0,"texture":"#0","tintindex":0},"west":{"uv":[14.15625,14.71875,14.78125,15.3125],"rotation":0,"texture":"#0","tintindex":0},"up":{"uv":[14.78125,15.15625,14.3125,14.6875],"rotation":0,"texture":"#0","tintindex":0},"down":{"uv":[14.84375,14.65625,14.46875,15.03125],"rotation":0,"texture":"#0","tintindex":0}}},{"from":[4.2523475,-4.810401,5.0053067],"to":[12.252348,2.7895994,5.045307],"rotation":{"angle":0.0,"axis":"y","origin":[8.5838785,20.215546,6.6894393]},"faces":{"east":{"uv":[14.09375,14.71875,14.71875,15.3125],"rotation":0,"texture":"#0","tintindex":0},"south":{"uv":[2.8125,7.21875,3.4375,7.8125],"rotation":0,"texture":"#0","tintindex":0},"north":{"uv":[2.8125,7.21875,3.4375,7.8125],"rotation":0,"texture":"#0","tintindex":0},"west":{"uv":[14.15625,14.71875,14.78125,15.3125],"rotation":0,"texture":"#0","tintindex":0},"up":{"uv":[14.78125,15.15625,14.3125,14.6875],"rotation":0,"texture":"#0","tintindex":0},"down":{"uv":[14.84375,14.65625,14.46875,15.03125],"rotation":0,"texture":"#0","tintindex":0}}},{"from":[4.2523475,-4.810401,10.375861],"to":[12.252348,2.7895994,10.415861],"rotation":{"angle":0.0,"axis":"y","origin":[8.5838785,20.215546,6.6894393]},"faces":{"east":{"uv":[14.71875,14.71875,14.09375,15.3125],"rotation":0,"texture":"#0","tintindex":0},"south":{"uv":[3.4375,7.21875,2.8125,7.8125],"rotation":0,"texture":"#0","tintindex":0},"north":{"uv":[3.4375,7.21875,2.8125,7.8125],"rotation":0,"texture":"#0","tintindex":0},"west":{"uv":[14.78125,14.71875,14.15625,15.3125],"rotation":0,"texture":"#0","tintindex":0},"up":{"uv":[14.78125,14.6875,14.3125,15.15625],"rotation":0,"texture":"#0","tintindex":0},"down":{"uv":[14.84375,15.03125,14.46875,14.65625],"rotation":0,"texture":"#0","tintindex":0}}},{"from":[4.2523475,-4.071868,3.2720323],"to":[12.252348,3.5281324,3.3120317],"rotation":{"angle":-22.5,"axis":"x","origin":[8.5838785,20.215546,6.6894393]},"faces":{"east":{"uv":[14.71875,14.71875,14.09375,15.3125],"rotation":0,"texture":"#0","tintindex":0},"south":{"uv":[3.4375,7.21875,2.8125,7.8125],"rotation":0,"texture":"#0","tintindex":0},"north":{"uv":[3.4375,7.21875,2.8125,7.8125],"rotation":0,"texture":"#0","tintindex":0},"west":{"uv":[14.78125,14.71875,14.15625,15.3125],"rotation":0,"texture":"#0","tintindex":0},"up":{"uv":[14.78125,14.6875,14.3125,15.15625],"rotation":0,"texture":"#0","tintindex":0},"down":{"uv":[14.84375,15.03125,14.46875,14.65625],"rotation":0,"texture":"#0","tintindex":0}}},{"from":[11.796044,-4.140312,3.7790532],"to":[11.836044,3.4596877,11.779054],"rotation":{"angle":-22.5,"axis":"z","origin":[8.5838785,20.215546,6.6894393]},"faces":{"east":{"uv":[3.4375,7.21875,2.8125,7.8125],"rotation":0,"texture":"#0","tintindex":0},"south":{"uv":[14.71875,14.71875,14.09375,15.3125],"rotation":0,"texture":"#0","tintindex":0},"north":{"uv":[14.78125,14.71875,14.15625,15.3125],"rotation":0,"texture":"#0","tintindex":0},"west":{"uv":[3.4375,7.21875,2.8125,7.8125],"rotation":0,"texture":"#0","tintindex":0},"up":{"uv":[14.78125,14.6875,14.3125,15.15625],"rotation":90,"texture":"#0","tintindex":0},"down":{"uv":[14.84375,15.03125,14.46875,14.65625],"rotation":270,"texture":"#0","tintindex":0}}},{"from":[4.6786003,-4.810401,3.7790532],"to":[4.7186007,2.7895994,11.779054],"rotation":{"angle":0.0,"axis":"y","origin":[8.5838785,20.215546,6.6894393]},"faces":{"east":{"uv":[3.4375,7.21875,2.8125,7.8125],"rotation":0,"texture":"#0","tintindex":0},"south":{"uv":[14.71875,14.71875,14.09375,15.3125],"rotation":0,"texture":"#0","tintindex":0},"north":{"uv":[14.78125,14.71875,14.15625,15.3125],"rotation":0,"texture":"#0","tintindex":0},"west":{"uv":[3.4375,7.21875,2.8125,7.8125],"rotation":0,"texture":"#0","tintindex":0},"up":{"uv":[14.78125,14.6875,14.3125,15.15625],"rotation":90,"texture":"#0","tintindex":0},"down":{"uv":[14.84375,15.03125,14.46875,14.65625],"rotation":270,"texture":"#0","tintindex":0}}},{"from":[4.5926075,-3.8341656,3.7790532],"to":[4.632608,3.7658343,11.779054],"rotation":{"angle":22.5,"axis":"z","origin":[8.5838785,20.215546,6.6894393]},"faces":{"east":{"uv":[2.8125,7.21875,3.4375,7.8125],"rotation":0,"texture":"#0","tintindex":0},"south":{"uv":[14.09375,14.71875,14.71875,15.3125],"rotation":0,"texture":"#0","tintindex":0},"north":{"uv":[14.15625,14.71875,14.78125,15.3125],"rotation":0,"texture":"#0","tintindex":0},"west":{"uv":[2.8125,7.21875,3.4375,7.8125],"rotation":0,"texture":"#0","tintindex":0},"up":{"uv":[14.78125,15.15625,14.3125,14.6875],"rotation":90,"texture":"#0","tintindex":0},"down":{"uv":[14.84375,14.65625,14.46875,15.03125],"rotation":270,"texture":"#0","tintindex":0}}},{"from":[11.649156,-4.810401,3.7790532],"to":[11.689156,2.7895994,11.779054],"rotation":{"angle":0.0,"axis":"y","origin":[8.5838785,20.215546,6.6894393]},"faces":{"east":{"uv":[2.8125,7.21875,3.4375,7.8125],"rotation":0,"texture":"#0","tintindex":0},"south":{"uv":[14.09375,14.71875,14.71875,15.3125],"rotation":0,"texture":"#0","tintindex":0},"north":{"uv":[14.15625,14.71875,14.78125,15.3125],"rotation":0,"texture":"#0","tintindex":0},"west":{"uv":[2.8125,7.21875,3.4375,7.8125],"rotation":0,"texture":"#0","tintindex":0},"up":{"uv":[14.78125,15.15625,14.3125,14.6875],"rotation":90,"texture":"#0","tintindex":0},"down":{"uv":[14.84375,14.65625,14.46875,15.03125],"rotation":270,"texture":"#0","tintindex":0}}},{"from":[0.5323477,2.3815994,1.001307],"to":[15.7323475,7.1815996,14.201307],"rotation":{"angle":0.0,"axis":"y","origin":[8.5838785,20.215546,6.6894393]},"faces":{"east":{"uv":[0.0625,7.90625,1.09375,8.28125],"rotation":0,"texture":"#0","tintindex":0},"south":{"uv":[9.15625,2.84375,7.96875,3.21875],"rotation":0,"texture":"#0","tintindex":0},"north":{"uv":[7.96875,2.84375,9.15625,3.21875],"rotation":0,"texture":"#0","tintindex":0},"west":{"uv":[1.09375,7.90625,0.0625,8.28125],"rotation":0,"texture":"#0","tintindex":0},"up":{"uv":[2.6875,7.15625,1.5,6.125],"rotation":0,"texture":"#0","tintindex":0},"down":{"uv":[2.6875,6.125,1.5,7.15625],"rotation":0,"texture":"#0","tintindex":0}}},{"from":[-0.66765213,7.1815996,0.20130682],"to":[17.332348,14.3816,15.001307],"rotation":{"angle":0.0,"axis":"y","origin":[8.5838785,20.215546,6.6894393]},"faces":{"east":{"uv":[0.0,7.71875,1.15625,8.28125],"rotation":0,"texture":"#0","tintindex":0},"south":{"uv":[7.71875,4.625,6.3125,5.1875],"rotation":0,"texture":"#0","tintindex":0},"north":{"uv":[6.3125,4.625,7.71875,5.1875],"rotation":0,"texture":"#0","tintindex":0},"west":{"uv":[1.15625,7.71875,0.0,8.28125],"rotation":0,"texture":"#0","tintindex":0},"up":{"uv":[2.8125,7.1875,1.40625,6.03125],"rotation":0,"texture":"#0","tintindex":0},"down":{"uv":[2.8125,6.03125,1.40625,7.1875],"rotation":0,"texture":"#0","tintindex":0}}}],"display":{"head":{"translation":[0.0,15.999224,0.0],"scale":[4.0,4.0,4.0]}}}