{"textures":{"0":"modelengine:entity/cizha_the_scarecrow"},"elements":[{"from":[-16.0,3.4317713,-8.57143],"to":[-9.714287,6.860343,24.57143],"rotation":{"angle":0.0,"axis":"y","origin":[6.8571434,6.288914,8.0]},"faces":{"east":{"uv":[1.8125,10.78125,0.0,10.96875],"rotation":0,"texture":"#0","tintindex":0},"south":{"uv":[1.8125,7.53125,1.46875,7.71875],"rotation":0,"texture":"#0","tintindex":0},"north":{"uv":[1.8125,7.53125,1.46875,7.71875],"rotation":0,"texture":"#0","tintindex":0},"west":{"uv":[1.8125,10.78125,0.0,10.96875],"rotation":0,"texture":"#0","tintindex":0},"up":{"uv":[2.5,8.28125,0.6875,8.625],"rotation":270,"texture":"#0","tintindex":0},"down":{"uv":[2.96875,8.28125,1.15625,7.9375],"rotation":90,"texture":"#0","tintindex":0}}},{"from":[23.428572,3.4317713,-8.57143],"to":[29.714287,6.860343,24.57143],"rotation":{"angle":0.0,"axis":"y","origin":[6.8571434,6.288914,8.0]},"faces":{"east":{"uv":[0.0,10.78125,1.8125,10.96875],"rotation":0,"texture":"#0","tintindex":0},"south":{"uv":[1.46875,7.53125,1.8125,7.71875],"rotation":0,"texture":"#0","tintindex":0},"north":{"uv":[1.46875,7.53125,1.8125,7.71875],"rotation":0,"texture":"#0","tintindex":0},"west":{"uv":[0.0,10.78125,1.8125,10.96875],"rotation":0,"texture":"#0","tintindex":0},"up":{"uv":[2.5,8.625,0.6875,8.28125],"rotation":270,"texture":"#0","tintindex":0},"down":{"uv":[1.8125,7.375,0.0,7.71875],"rotation":90,"texture":"#0","tintindex":0}}},{"from":[17.142857,3.4317713,18.285715],"to":[23.428572,6.860343,24.57143],"rotation":{"angle":0.0,"axis":"y","origin":[6.8571434,6.288914,8.0]},"faces":{"east":{"uv":[0.34375,6.03125,0.0,6.21875],"rotation":0,"texture":"#0","tintindex":0},"south":{"uv":[0.34375,6.03125,0.0,6.21875],"rotation":0,"texture":"#0","tintindex":0},"north":{"uv":[0.6875,6.03125,0.34375,6.21875],"rotation":0,"texture":"#0","tintindex":0},"west":{"uv":[0.6875,6.03125,0.34375,6.21875],"rotation":0,"texture":"#0","tintindex":0},"up":{"uv":[0.34375,8.5,0.0,8.84375],"rotation":270,"texture":"#0","tintindex":0},"down":{"uv":[0.34375,6.375,0.0,6.71875],"rotation":90,"texture":"#0","tintindex":0}}},{"from":[-9.714287,3.4317713,18.285715],"to":[-3.4285736,6.860343,24.57143],"rotation":{"angle":0.0,"axis":"y","origin":[6.8571434,6.288914,8.0]},"faces":{"east":{"uv":[0.34375,6.03125,0.6875,6.21875],"rotation":0,"texture":"#0","tintindex":0},"south":{"uv":[0.0,6.03125,0.34375,6.21875],"rotation":0,"texture":"#0","tintindex":0},"north":{"uv":[0.34375,6.03125,0.6875,6.21875],"rotation":0,"texture":"#0","tintindex":0},"west":{"uv":[0.0,6.03125,0.34375,6.21875],"rotation":0,"texture":"#0","tintindex":0},"up":{"uv":[0.34375,8.84375,0.0,8.5],"rotation":270,"texture":"#0","tintindex":0},"down":{"uv":[0.34375,6.71875,0.0,6.375],"rotation":90,"texture":"#0","tintindex":0}}},{"from":[-9.714287,3.4317713,-8.57143],"to":[-3.4285736,6.860343,-2.285715],"rotation":{"angle":0.0,"axis":"y","origin":[6.8571434,6.288914,8.0]},"faces":{"east":{"uv":[0.6875,6.03125,0.34375,6.21875],"rotation":0,"texture":"#0","tintindex":0},"south":{"uv":[0.6875,6.03125,0.34375,6.21875],"rotation":0,"texture":"#0","tintindex":0},"north":{"uv":[0.34375,6.03125,0.0,6.21875],"rotation":0,"texture":"#0","tintindex":0},"west":{"uv":[0.34375,6.03125,0.0,6.21875],"rotation":0,"texture":"#0","tintindex":0},"up":{"uv":[0.0,8.84375,0.34375,8.5],"rotation":270,"texture":"#0","tintindex":0},"down":{"uv":[0.0,6.375,0.34375,6.03125],"rotation":90,"texture":"#0","tintindex":0}}},{"from":[17.142857,3.4317713,-8.57143],"to":[23.428572,6.860343,-2.285715],"rotation":{"angle":0.0,"axis":"y","origin":[6.8571434,6.288914,8.0]},"faces":{"east":{"uv":[0.0,6.03125,0.34375,6.21875],"rotation":0,"texture":"#0","tintindex":0},"south":{"uv":[0.34375,6.03125,0.6875,6.21875],"rotation":0,"texture":"#0","tintindex":0},"north":{"uv":[0.0,6.03125,0.34375,6.21875],"rotation":0,"texture":"#0","tintindex":0},"west":{"uv":[0.34375,6.03125,0.6875,6.21875],"rotation":0,"texture":"#0","tintindex":0},"up":{"uv":[0.0,8.34375,0.34375,8.6875],"rotation":270,"texture":"#0","tintindex":0},"down":{"uv":[0.0,6.03125,0.34375,6.375],"rotation":90,"texture":"#0","tintindex":0}}},{"from":[-16.0,3.4317713,24.57143],"to":[29.714287,6.860343,30.857143],"rotation":{"angle":0.0,"axis":"y","origin":[6.8571434,6.288914,8.0]},"faces":{"east":{"uv":[2.5,10.78125,2.15625,10.96875],"rotation":0,"texture":"#0","tintindex":0},"south":{"uv":[2.5,10.78125,0.0,10.96875],"rotation":0,"texture":"#0","tintindex":0},"north":{"uv":[2.5,10.78125,0.0,10.96875],"rotation":0,"texture":"#0","tintindex":0},"west":{"uv":[2.5,10.78125,2.15625,10.96875],"rotation":0,"texture":"#0","tintindex":0},"up":{"uv":[2.15625,10.78125,2.5,8.28125],"rotation":270,"texture":"#0","tintindex":0},"down":{"uv":[2.5,8.28125,2.84375,10.78125],"rotation":90,"texture":"#0","tintindex":0}}},{"from":[-16.0,3.4317713,-14.857143],"to":[29.714287,6.860343,-8.57143],"rotation":{"angle":0.0,"axis":"y","origin":[6.8571434,6.288914,8.0]},"faces":{"east":{"uv":[2.15625,10.78125,2.5,10.96875],"rotation":0,"texture":"#0","tintindex":0},"south":{"uv":[0.0,10.78125,2.5,10.96875],"rotation":0,"texture":"#0","tintindex":0},"north":{"uv":[0.0,10.78125,2.5,10.96875],"rotation":0,"texture":"#0","tintindex":0},"west":{"uv":[2.15625,10.78125,2.5,10.96875],"rotation":0,"texture":"#0","tintindex":0},"up":{"uv":[2.5,10.78125,2.15625,8.28125],"rotation":270,"texture":"#0","tintindex":0},"down":{"uv":[3.1875,8.28125,2.84375,10.78125],"rotation":90,"texture":"#0","tintindex":0}}},{"from":[-16.0,6.860343,-14.857143],"to":[29.714287,8.0032,30.857143],"rotation":{"angle":0.0,"axis":"y","origin":[6.8571434,6.288914,8.0]},"faces":{"east":{"uv":[2.5,8.34375,0.0,8.28125],"rotation":0,"texture":"#0","tintindex":0},"south":{"uv":[2.5,8.34375,0.0,8.28125],"rotation":0,"texture":"#0","tintindex":0},"north":{"uv":[2.5,8.34375,0.0,8.28125],"rotation":0,"texture":"#0","tintindex":0},"west":{"uv":[2.5,8.34375,0.0,8.28125],"rotation":0,"texture":"#0","tintindex":0},"up":{"uv":[0.0,10.78125,0.125,10.90625],"rotation":270,"texture":"#0","tintindex":0},"down":{"uv":[2.5,10.78125,0.0,8.28125],"rotation":90,"texture":"#0","tintindex":0}}}],"display":{"head":{"translation":[-86.85715,-6.4,0.0],"scale":[4.0,4.0,4.0]}}}