{"textures":{"0":"modelengine:entity/cizha_the_scarecrow"},"elements":[{"from":[-13.714287,6.860343,-14.857143],"to":[32.0,8.0032,30.857143],"rotation":{"angle":0.0,"axis":"y","origin":[9.142857,6.288914,8.0]},"faces":{"east":{"uv":[0.0,8.34375,2.5,8.28125],"rotation":0,"texture":"#0","tintindex":0},"south":{"uv":[0.0,8.34375,2.5,8.28125],"rotation":0,"texture":"#0","tintindex":0},"north":{"uv":[0.0,8.34375,2.5,8.28125],"rotation":0,"texture":"#0","tintindex":0},"west":{"uv":[0.0,8.34375,2.5,8.28125],"rotation":0,"texture":"#0","tintindex":0},"up":{"uv":[0.0,10.90625,0.125,10.78125],"rotation":270,"texture":"#0","tintindex":0},"down":{"uv":[2.5,8.28125,0.0,10.78125],"rotation":90,"texture":"#0","tintindex":0}}},{"from":[-13.714287,3.4317713,-14.857143],"to":[32.0,6.860343,-8.57143],"rotation":{"angle":0.0,"axis":"y","origin":[9.142857,6.288914,8.0]},"faces":{"east":{"uv":[2.5,10.78125,2.15625,10.96875],"rotation":0,"texture":"#0","tintindex":0},"south":{"uv":[2.5,10.78125,0.0,10.96875],"rotation":0,"texture":"#0","tintindex":0},"north":{"uv":[2.5,10.78125,0.0,10.96875],"rotation":0,"texture":"#0","tintindex":0},"west":{"uv":[2.5,10.78125,2.15625,10.96875],"rotation":0,"texture":"#0","tintindex":0},"up":{"uv":[2.5,8.28125,2.15625,10.78125],"rotation":270,"texture":"#0","tintindex":0},"down":{"uv":[3.1875,10.78125,2.84375,8.28125],"rotation":90,"texture":"#0","tintindex":0}}},{"from":[-13.714287,3.4317713,24.57143],"to":[32.0,6.860343,30.857143],"rotation":{"angle":0.0,"axis":"y","origin":[9.142857,6.288914,8.0]},"faces":{"east":{"uv":[2.15625,10.78125,2.5,10.96875],"rotation":0,"texture":"#0","tintindex":0},"south":{"uv":[0.0,10.78125,2.5,10.96875],"rotation":0,"texture":"#0","tintindex":0},"north":{"uv":[0.0,10.78125,2.5,10.96875],"rotation":0,"texture":"#0","tintindex":0},"west":{"uv":[2.15625,10.78125,2.5,10.96875],"rotation":0,"texture":"#0","tintindex":0},"up":{"uv":[2.15625,8.28125,2.5,10.78125],"rotation":270,"texture":"#0","tintindex":0},"down":{"uv":[2.5,10.78125,2.84375,8.28125],"rotation":90,"texture":"#0","tintindex":0}}},{"from":[-7.4285717,3.4317713,-8.57143],"to":[-1.1428576,6.860343,-2.285715],"rotation":{"angle":0.0,"axis":"y","origin":[9.142857,6.288914,8.0]},"faces":{"east":{"uv":[0.6875,6.03125,0.34375,6.21875],"rotation":0,"texture":"#0","tintindex":0},"south":{"uv":[0.6875,6.03125,0.34375,6.21875],"rotation":0,"texture":"#0","tintindex":0},"north":{"uv":[0.34375,6.03125,0.0,6.21875],"rotation":0,"texture":"#0","tintindex":0},"west":{"uv":[0.34375,6.03125,0.0,6.21875],"rotation":0,"texture":"#0","tintindex":0},"up":{"uv":[0.0,8.6875,0.34375,8.34375],"rotation":270,"texture":"#0","tintindex":0},"down":{"uv":[0.0,6.375,0.34375,6.03125],"rotation":90,"texture":"#0","tintindex":0}}},{"from":[19.428574,3.4317713,-8.57143],"to":[25.714287,6.860343,-2.285715],"rotation":{"angle":0.0,"axis":"y","origin":[9.142857,6.288914,8.0]},"faces":{"east":{"uv":[0.0,6.03125,0.34375,6.21875],"rotation":0,"texture":"#0","tintindex":0},"south":{"uv":[0.34375,6.03125,0.6875,6.21875],"rotation":0,"texture":"#0","tintindex":0},"north":{"uv":[0.0,6.03125,0.34375,6.21875],"rotation":0,"texture":"#0","tintindex":0},"west":{"uv":[0.34375,6.03125,0.6875,6.21875],"rotation":0,"texture":"#0","tintindex":0},"up":{"uv":[0.0,8.5,0.34375,8.84375],"rotation":270,"texture":"#0","tintindex":0},"down":{"uv":[0.0,6.03125,0.34375,6.375],"rotation":90,"texture":"#0","tintindex":0}}},{"from":[19.428574,3.4317713,18.285715],"to":[25.714287,6.860343,24.57143],"rotation":{"angle":0.0,"axis":"y","origin":[9.142857,6.288914,8.0]},"faces":{"east":{"uv":[0.34375,6.03125,0.0,6.21875],"rotation":0,"texture":"#0","tintindex":0},"south":{"uv":[0.34375,6.03125,0.0,6.21875],"rotation":0,"texture":"#0","tintindex":0},"north":{"uv":[0.6875,6.03125,0.34375,6.21875],"rotation":0,"texture":"#0","tintindex":0},"west":{"uv":[0.6875,6.03125,0.34375,6.21875],"rotation":0,"texture":"#0","tintindex":0},"up":{"uv":[0.34375,8.5,0.0,8.84375],"rotation":270,"texture":"#0","tintindex":0},"down":{"uv":[0.34375,6.375,0.0,6.71875],"rotation":90,"texture":"#0","tintindex":0}}},{"from":[-7.4285717,3.4317713,18.285715],"to":[-1.1428576,6.860343,24.57143],"rotation":{"angle":0.0,"axis":"y","origin":[9.142857,6.288914,8.0]},"faces":{"east":{"uv":[0.34375,6.03125,0.6875,6.21875],"rotation":0,"texture":"#0","tintindex":0},"south":{"uv":[0.0,6.03125,0.34375,6.21875],"rotation":0,"texture":"#0","tintindex":0},"north":{"uv":[0.34375,6.03125,0.6875,6.21875],"rotation":0,"texture":"#0","tintindex":0},"west":{"uv":[0.0,6.03125,0.34375,6.21875],"rotation":0,"texture":"#0","tintindex":0},"up":{"uv":[0.34375,8.84375,0.0,8.5],"rotation":270,"texture":"#0","tintindex":0},"down":{"uv":[0.34375,6.71875,0.0,6.375],"rotation":90,"texture":"#0","tintindex":0}}},{"from":[-13.714287,3.4317713,-8.57143],"to":[-7.4285717,6.860343,24.57143],"rotation":{"angle":0.0,"axis":"y","origin":[9.142857,6.288914,8.0]},"faces":{"east":{"uv":[1.8125,10.78125,0.0,10.96875],"rotation":0,"texture":"#0","tintindex":0},"south":{"uv":[1.8125,7.53125,1.46875,7.71875],"rotation":0,"texture":"#0","tintindex":0},"north":{"uv":[1.8125,7.53125,1.46875,7.71875],"rotation":0,"texture":"#0","tintindex":0},"west":{"uv":[1.8125,10.78125,0.0,10.96875],"rotation":0,"texture":"#0","tintindex":0},"up":{"uv":[2.5,8.28125,0.6875,8.625],"rotation":270,"texture":"#0","tintindex":0},"down":{"uv":[1.8125,7.71875,0.0,7.375],"rotation":90,"texture":"#0","tintindex":0}}},{"from":[25.714287,3.4317713,-8.57143],"to":[32.0,6.860343,24.57143],"rotation":{"angle":0.0,"axis":"y","origin":[9.142857,6.288914,8.0]},"faces":{"east":{"uv":[0.0,10.78125,1.8125,10.96875],"rotation":0,"texture":"#0","tintindex":0},"south":{"uv":[1.46875,7.53125,1.8125,7.71875],"rotation":0,"texture":"#0","tintindex":0},"north":{"uv":[1.46875,7.53125,1.8125,7.71875],"rotation":0,"texture":"#0","tintindex":0},"west":{"uv":[0.0,10.78125,1.8125,10.96875],"rotation":0,"texture":"#0","tintindex":0},"up":{"uv":[2.5,8.625,0.6875,8.28125],"rotation":270,"texture":"#0","tintindex":0},"down":{"uv":[2.96875,7.9375,1.15625,8.28125],"rotation":90,"texture":"#0","tintindex":0}}}],"display":{"head":{"translation":[86.85715,-6.4,0.0],"scale":[4.0,4.0,4.0]}}}