{"textures":{"0":"modelengine:entity/cizha_the_scarecrow"},"elements":[{"from":[-14.857143,6.860317,-16.0],"to":[30.857143,8.003175,29.714287],"rotation":{"angle":0.0,"axis":"y","origin":[8.0,6.288889,6.8571434]},"faces":{"east":{"uv":[2.5,8.34375,0.0,8.28125],"rotation":0,"texture":"#0","tintindex":0},"south":{"uv":[2.5,8.34375,0.0,8.28125],"rotation":0,"texture":"#0","tintindex":0},"north":{"uv":[2.5,8.34375,0.0,8.28125],"rotation":0,"texture":"#0","tintindex":0},"west":{"uv":[2.5,8.34375,0.0,8.28125],"rotation":0,"texture":"#0","tintindex":0},"up":{"uv":[0.0,10.78125,0.125,10.90625],"rotation":0,"texture":"#0","tintindex":0},"down":{"uv":[2.5,10.78125,0.0,8.28125],"rotation":0,"texture":"#0","tintindex":0}}},{"from":[24.57143,3.431746,-16.0],"to":[30.857143,6.860317,29.714287],"rotation":{"angle":0.0,"axis":"y","origin":[8.0,6.288889,6.8571434]},"faces":{"east":{"uv":[0.0,10.78125,2.5,10.96875],"rotation":0,"texture":"#0","tintindex":0},"south":{"uv":[2.15625,10.78125,2.5,10.96875],"rotation":0,"texture":"#0","tintindex":0},"north":{"uv":[2.15625,10.78125,2.5,10.96875],"rotation":0,"texture":"#0","tintindex":0},"west":{"uv":[0.0,10.78125,2.5,10.96875],"rotation":0,"texture":"#0","tintindex":0},"up":{"uv":[2.5,10.78125,2.15625,8.28125],"rotation":0,"texture":"#0","tintindex":0},"down":{"uv":[3.1875,8.28125,2.84375,10.78125],"rotation":0,"texture":"#0","tintindex":0}}},{"from":[-14.857143,3.431746,-16.0],"to":[-8.57143,6.860317,29.714287],"rotation":{"angle":0.0,"axis":"y","origin":[8.0,6.288889,6.8571434]},"faces":{"east":{"uv":[2.5,10.78125,0.0,10.96875],"rotation":0,"texture":"#0","tintindex":0},"south":{"uv":[2.5,10.78125,2.15625,10.96875],"rotation":0,"texture":"#0","tintindex":0},"north":{"uv":[2.5,10.78125,2.15625,10.96875],"rotation":0,"texture":"#0","tintindex":0},"west":{"uv":[2.5,10.78125,0.0,10.96875],"rotation":0,"texture":"#0","tintindex":0},"up":{"uv":[2.15625,10.78125,2.5,8.28125],"rotation":0,"texture":"#0","tintindex":0},"down":{"uv":[2.5,8.28125,2.84375,10.78125],"rotation":0,"texture":"#0","tintindex":0}}},{"from":[18.285715,3.431746,17.142857],"to":[24.57143,6.860317,23.428572],"rotation":{"angle":0.0,"axis":"y","origin":[8.0,6.288889,6.8571434]},"faces":{"east":{"uv":[0.0,6.03125,0.34375,6.21875],"rotation":0,"texture":"#0","tintindex":0},"south":{"uv":[0.0,6.03125,0.34375,6.21875],"rotation":0,"texture":"#0","tintindex":0},"north":{"uv":[0.34375,6.03125,0.6875,6.21875],"rotation":0,"texture":"#0","tintindex":0},"west":{"uv":[0.34375,6.03125,0.6875,6.21875],"rotation":0,"texture":"#0","tintindex":0},"up":{"uv":[0.0,8.34375,0.34375,8.6875],"rotation":0,"texture":"#0","tintindex":0},"down":{"uv":[0.0,6.03125,0.34375,6.375],"rotation":0,"texture":"#0","tintindex":0}}},{"from":[18.285715,3.431746,-9.714287],"to":[24.57143,6.860317,-3.4285736],"rotation":{"angle":0.0,"axis":"y","origin":[8.0,6.288889,6.8571434]},"faces":{"east":{"uv":[0.34375,6.03125,0.0,6.21875],"rotation":0,"texture":"#0","tintindex":0},"south":{"uv":[0.6875,6.03125,0.34375,6.21875],"rotation":0,"texture":"#0","tintindex":0},"north":{"uv":[0.34375,6.03125,0.0,6.21875],"rotation":0,"texture":"#0","tintindex":0},"west":{"uv":[0.6875,6.03125,0.34375,6.21875],"rotation":0,"texture":"#0","tintindex":0},"up":{"uv":[0.0,8.84375,0.34375,8.5],"rotation":0,"texture":"#0","tintindex":0},"down":{"uv":[0.0,6.375,0.34375,6.03125],"rotation":0,"texture":"#0","tintindex":0}}},{"from":[-8.57143,3.431746,-9.714287],"to":[-2.285715,6.860317,-3.4285736],"rotation":{"angle":0.0,"axis":"y","origin":[8.0,6.288889,6.8571434]},"faces":{"east":{"uv":[0.34375,6.03125,0.6875,6.21875],"rotation":0,"texture":"#0","tintindex":0},"south":{"uv":[0.34375,6.03125,0.6875,6.21875],"rotation":0,"texture":"#0","tintindex":0},"north":{"uv":[0.0,6.03125,0.34375,6.21875],"rotation":0,"texture":"#0","tintindex":0},"west":{"uv":[0.0,6.03125,0.34375,6.21875],"rotation":0,"texture":"#0","tintindex":0},"up":{"uv":[0.34375,8.84375,0.0,8.5],"rotation":0,"texture":"#0","tintindex":0},"down":{"uv":[0.34375,6.71875,0.0,6.375],"rotation":0,"texture":"#0","tintindex":0}}},{"from":[-8.57143,3.431746,17.142857],"to":[-2.285715,6.860317,23.428572],"rotation":{"angle":0.0,"axis":"y","origin":[8.0,6.288889,6.8571434]},"faces":{"east":{"uv":[0.6875,6.03125,0.34375,6.21875],"rotation":0,"texture":"#0","tintindex":0},"south":{"uv":[0.34375,6.03125,0.0,6.21875],"rotation":0,"texture":"#0","tintindex":0},"north":{"uv":[0.6875,6.03125,0.34375,6.21875],"rotation":0,"texture":"#0","tintindex":0},"west":{"uv":[0.34375,6.03125,0.0,6.21875],"rotation":0,"texture":"#0","tintindex":0},"up":{"uv":[0.34375,8.5,0.0,8.84375],"rotation":0,"texture":"#0","tintindex":0},"down":{"uv":[0.34375,6.375,0.0,6.71875],"rotation":0,"texture":"#0","tintindex":0}}},{"from":[-8.57143,3.431746,23.428572],"to":[24.57143,6.860317,29.714287],"rotation":{"angle":0.0,"axis":"y","origin":[8.0,6.288889,6.8571434]},"faces":{"east":{"uv":[1.46875,7.53125,1.8125,7.71875],"rotation":0,"texture":"#0","tintindex":0},"south":{"uv":[0.0,10.78125,1.8125,10.96875],"rotation":0,"texture":"#0","tintindex":0},"north":{"uv":[0.0,10.78125,1.8125,10.96875],"rotation":0,"texture":"#0","tintindex":0},"west":{"uv":[1.46875,7.53125,1.8125,7.71875],"rotation":0,"texture":"#0","tintindex":0},"up":{"uv":[2.5,8.625,0.6875,8.28125],"rotation":0,"texture":"#0","tintindex":0},"down":{"uv":[1.8125,7.375,0.0,7.71875],"rotation":0,"texture":"#0","tintindex":0}}},{"from":[-8.57143,3.431746,-16.0],"to":[24.57143,6.860317,-9.714287],"rotation":{"angle":0.0,"axis":"y","origin":[8.0,6.288889,6.8571434]},"faces":{"east":{"uv":[1.8125,7.53125,1.46875,7.71875],"rotation":0,"texture":"#0","tintindex":0},"south":{"uv":[1.8125,10.78125,0.0,10.96875],"rotation":0,"texture":"#0","tintindex":0},"north":{"uv":[1.8125,10.78125,0.0,10.96875],"rotation":0,"texture":"#0","tintindex":0},"west":{"uv":[1.8125,7.53125,1.46875,7.71875],"rotation":0,"texture":"#0","tintindex":0},"up":{"uv":[2.5,8.28125,0.6875,8.625],"rotation":0,"texture":"#0","tintindex":0},"down":{"uv":[2.96875,8.28125,1.15625,7.9375],"rotation":0,"texture":"#0","tintindex":0}}}],"display":{"head":{"translation":[0.0,-6.4,-86.85715],"scale":[4.0,4.0,4.0]}}}