{"textures":{"0":"modelengine:entity/cizha_the_scarecrow"},"elements":[{"from":[-14.857143,5.3968253,-14.857143],"to":[30.857143,6.5396824,30.857143],"rotation":{"angle":0.0,"axis":"y","origin":[8.0,7.111111,8.0]},"faces":{"east":{"uv":[0.0,8.28125,2.5,8.34375],"rotation":0,"texture":"#0","tintindex":0},"south":{"uv":[0.0,8.28125,2.5,8.34375],"rotation":0,"texture":"#0","tintindex":0},"north":{"uv":[0.0,8.28125,2.5,8.34375],"rotation":0,"texture":"#0","tintindex":0},"west":{"uv":[0.0,8.28125,2.5,8.34375],"rotation":0,"texture":"#0","tintindex":0},"up":{"uv":[0.0,8.28125,2.5,10.78125],"rotation":180,"texture":"#0","tintindex":0},"down":{"uv":[0.125,10.90625,0.0,10.78125],"rotation":180,"texture":"#0","tintindex":0}}},{"from":[24.57143,6.5396824,-14.857143],"to":[30.857143,9.968254,30.857143],"rotation":{"angle":0.0,"axis":"y","origin":[8.0,7.111111,8.0]},"faces":{"east":{"uv":[2.5,10.96875,0.0,10.78125],"rotation":0,"texture":"#0","tintindex":0},"south":{"uv":[2.5,10.96875,2.15625,10.78125],"rotation":0,"texture":"#0","tintindex":0},"north":{"uv":[2.5,10.96875,2.15625,10.78125],"rotation":0,"texture":"#0","tintindex":0},"west":{"uv":[2.5,10.96875,0.0,10.78125],"rotation":0,"texture":"#0","tintindex":0},"up":{"uv":[2.84375,10.78125,3.1875,8.28125],"rotation":180,"texture":"#0","tintindex":0},"down":{"uv":[2.15625,8.28125,2.5,10.78125],"rotation":180,"texture":"#0","tintindex":0}}},{"from":[-14.857143,6.5396824,-14.857143],"to":[-8.57143,9.968254,30.857143],"rotation":{"angle":0.0,"axis":"y","origin":[8.0,7.111111,8.0]},"faces":{"east":{"uv":[0.0,10.96875,2.5,10.78125],"rotation":0,"texture":"#0","tintindex":0},"south":{"uv":[2.15625,10.96875,2.5,10.78125],"rotation":0,"texture":"#0","tintindex":0},"north":{"uv":[2.15625,10.96875,2.5,10.78125],"rotation":0,"texture":"#0","tintindex":0},"west":{"uv":[0.0,10.96875,2.5,10.78125],"rotation":0,"texture":"#0","tintindex":0},"up":{"uv":[2.84375,10.78125,2.5,8.28125],"rotation":180,"texture":"#0","tintindex":0},"down":{"uv":[2.5,8.28125,2.15625,10.78125],"rotation":180,"texture":"#0","tintindex":0}}},{"from":[18.285715,6.5396824,-8.57143],"to":[24.57143,9.968254,-2.285715],"rotation":{"angle":0.0,"axis":"y","origin":[8.0,7.111111,8.0]},"faces":{"east":{"uv":[0.34375,6.21875,0.0,6.03125],"rotation":0,"texture":"#0","tintindex":0},"south":{"uv":[0.6875,6.21875,0.34375,6.03125],"rotation":0,"texture":"#0","tintindex":0},"north":{"uv":[0.34375,6.21875,0.0,6.03125],"rotation":0,"texture":"#0","tintindex":0},"west":{"uv":[0.6875,6.21875,0.34375,6.03125],"rotation":0,"texture":"#0","tintindex":0},"up":{"uv":[0.34375,6.375,0.0,6.03125],"rotation":180,"texture":"#0","tintindex":0},"down":{"uv":[0.34375,8.6875,0.0,8.34375],"rotation":180,"texture":"#0","tintindex":0}}},{"from":[18.285715,6.5396824,18.285715],"to":[24.57143,9.968254,24.57143],"rotation":{"angle":0.0,"axis":"y","origin":[8.0,7.111111,8.0]},"faces":{"east":{"uv":[0.0,6.21875,0.34375,6.03125],"rotation":0,"texture":"#0","tintindex":0},"south":{"uv":[0.0,6.21875,0.34375,6.03125],"rotation":0,"texture":"#0","tintindex":0},"north":{"uv":[0.34375,6.21875,0.6875,6.03125],"rotation":0,"texture":"#0","tintindex":0},"west":{"uv":[0.34375,6.21875,0.6875,6.03125],"rotation":0,"texture":"#0","tintindex":0},"up":{"uv":[0.34375,6.03125,0.0,6.375],"rotation":180,"texture":"#0","tintindex":0},"down":{"uv":[0.34375,8.5,0.0,8.84375],"rotation":180,"texture":"#0","tintindex":0}}},{"from":[-8.57143,6.5396824,18.285715],"to":[-2.285715,9.968254,24.57143],"rotation":{"angle":0.0,"axis":"y","origin":[8.0,7.111111,8.0]},"faces":{"east":{"uv":[0.6875,6.21875,0.34375,6.03125],"rotation":0,"texture":"#0","tintindex":0},"south":{"uv":[0.34375,6.21875,0.0,6.03125],"rotation":0,"texture":"#0","tintindex":0},"north":{"uv":[0.6875,6.21875,0.34375,6.03125],"rotation":0,"texture":"#0","tintindex":0},"west":{"uv":[0.34375,6.21875,0.0,6.03125],"rotation":0,"texture":"#0","tintindex":0},"up":{"uv":[0.0,6.375,0.34375,6.71875],"rotation":180,"texture":"#0","tintindex":0},"down":{"uv":[0.0,8.5,0.34375,8.84375],"rotation":180,"texture":"#0","tintindex":0}}},{"from":[-8.57143,6.5396824,-8.57143],"to":[-2.285715,9.968254,-2.285715],"rotation":{"angle":0.0,"axis":"y","origin":[8.0,7.111111,8.0]},"faces":{"east":{"uv":[0.34375,6.21875,0.6875,6.03125],"rotation":0,"texture":"#0","tintindex":0},"south":{"uv":[0.34375,6.21875,0.6875,6.03125],"rotation":0,"texture":"#0","tintindex":0},"north":{"uv":[0.0,6.21875,0.34375,6.03125],"rotation":0,"texture":"#0","tintindex":0},"west":{"uv":[0.0,6.21875,0.34375,6.03125],"rotation":0,"texture":"#0","tintindex":0},"up":{"uv":[0.0,6.71875,0.34375,6.375],"rotation":180,"texture":"#0","tintindex":0},"down":{"uv":[0.0,8.84375,0.34375,8.5],"rotation":180,"texture":"#0","tintindex":0}}},{"from":[-8.57143,6.5396824,-14.857143],"to":[24.57143,9.968254,-8.57143],"rotation":{"angle":0.0,"axis":"y","origin":[8.0,7.111111,8.0]},"faces":{"east":{"uv":[1.8125,7.71875,1.46875,7.53125],"rotation":0,"texture":"#0","tintindex":0},"south":{"uv":[1.8125,10.96875,0.0,10.78125],"rotation":0,"texture":"#0","tintindex":0},"north":{"uv":[1.8125,10.96875,0.0,10.78125],"rotation":0,"texture":"#0","tintindex":0},"west":{"uv":[1.8125,7.71875,1.46875,7.53125],"rotation":0,"texture":"#0","tintindex":0},"up":{"uv":[0.0,7.71875,1.8125,7.375],"rotation":180,"texture":"#0","tintindex":0},"down":{"uv":[0.6875,8.28125,2.5,8.625],"rotation":180,"texture":"#0","tintindex":0}}},{"from":[-8.57143,6.5396824,24.57143],"to":[24.57143,9.968254,30.857143],"rotation":{"angle":0.0,"axis":"y","origin":[8.0,7.111111,8.0]},"faces":{"east":{"uv":[1.46875,7.71875,1.8125,7.53125],"rotation":0,"texture":"#0","tintindex":0},"south":{"uv":[0.0,10.96875,1.8125,10.78125],"rotation":0,"texture":"#0","tintindex":0},"north":{"uv":[0.0,10.96875,1.8125,10.78125],"rotation":0,"texture":"#0","tintindex":0},"west":{"uv":[1.46875,7.71875,1.8125,7.53125],"rotation":0,"texture":"#0","tintindex":0},"up":{"uv":[1.15625,7.9375,2.96875,8.28125],"rotation":180,"texture":"#0","tintindex":0},"down":{"uv":[0.6875,8.625,2.5,8.28125],"rotation":180,"texture":"#0","tintindex":0}}}],"display":{"head":{"translation":[0.0,-6.4,0.0],"scale":[4.0,4.0,4.0]}}}