{"textures":{"0":"modelengine:entity/cizha_the_scarecrow"},"elements":[{"from":[4.5714283,8.4,4.5714283],"to":[11.428572,31.257145,11.428572],"rotation":{"angle":0.0,"axis":"y","origin":[8.0,19.828571,8.0]},"faces":{"east":{"uv":[3.1875,5.96875,3.5625,7.21875],"rotation":0,"texture":"#0","tintindex":0},"south":{"uv":[3.5625,5.96875,3.1875,7.21875],"rotation":0,"texture":"#0","tintindex":0},"north":{"uv":[3.1875,5.96875,3.5625,7.21875],"rotation":0,"texture":"#0","tintindex":0},"west":{"uv":[3.1875,5.96875,3.5625,7.21875],"rotation":0,"texture":"#0","tintindex":0},"up":{"uv":[3.9375,7.21875,3.5625,6.84375],"rotation":0,"texture":"#0","tintindex":0},"down":{"uv":[3.9375,6.84375,3.5625,7.21875],"rotation":0,"texture":"#0","tintindex":0}}}],"display":{"head":{"translation":[0.0,-6.4,0.0],"scale":[4.0,4.0,4.0]}}}