{"textures":{"0":"modelengine:entity/cizha_the_scarecrow"},"elements":[{"from":[4.6285715,7.257143,4.6285715],"to":[11.3714285,30.114286,11.3714285],"rotation":{"angle":0.0,"axis":"y","origin":[8.0,18.685715,8.0]},"faces":{"east":{"uv":[2.8125,5.96875,3.1875,7.21875],"rotation":0,"texture":"#0","tintindex":0},"south":{"uv":[3.1875,5.96875,2.8125,7.21875],"rotation":0,"texture":"#0","tintindex":0},"north":{"uv":[2.8125,5.96875,3.1875,7.21875],"rotation":0,"texture":"#0","tintindex":0},"west":{"uv":[2.8125,5.96875,3.1875,7.21875],"rotation":0,"texture":"#0","tintindex":0},"up":{"uv":[3.9375,7.21875,3.5625,6.84375],"rotation":0,"texture":"#0","tintindex":0},"down":{"uv":[3.9375,6.84375,3.5625,7.21875],"rotation":0,"texture":"#0","tintindex":0}}}],"display":{"head":{"translation":[0.0,-6.4,0.0],"scale":[4.0,4.0,4.0]}}}