{"textures":{"0":"modelengine:entity/cizha_the_scarecrow"},"elements":[{"from":[4.6713386,2.0720444,4.7986245],"to":[11.5284815,8.357759,12.227196],"rotation":{"angle":0.0,"axis":"y","origin":[8.030572,5.336223,8.370396]},"faces":{"east":{"uv":[6.125,5.34375,6.53125,5.6875],"rotation":0,"texture":"#0","tintindex":0},"south":{"uv":[5.75,5.34375,6.125,5.6875],"rotation":0,"texture":"#0","tintindex":0},"north":{"uv":[6.125,5.34375,5.75,5.6875],"rotation":0,"texture":"#0","tintindex":0},"west":{"uv":[6.53125,5.34375,6.125,5.6875],"rotation":0,"texture":"#0","tintindex":0},"up":{"uv":[5.75,5.34375,6.125,4.9375],"rotation":0,"texture":"#0","tintindex":0},"down":{"uv":[5.75,4.9375,6.125,5.34375],"rotation":0,"texture":"#0","tintindex":0}}},{"from":[7.3692255,-1.1981039,2.79529],"to":[9.65494,6.801896,5.081004],"rotation":{"angle":22.5,"axis":"z","origin":[8.030572,5.336223,8.370396]},"faces":{"east":{"uv":[6.1875,4.3125,6.3125,4.75],"rotation":0,"texture":"#0","tintindex":0},"south":{"uv":[6.1875,4.75,6.3125,5.1875],"rotation":0,"texture":"#0","tintindex":0},"north":{"uv":[6.3125,4.75,6.1875,5.1875],"rotation":0,"texture":"#0","tintindex":0},"west":{"uv":[6.3125,4.3125,6.1875,4.75],"rotation":0,"texture":"#0","tintindex":0},"up":{"uv":[6.1875,4.8125,6.0625,4.9375],"rotation":0,"texture":"#0","tintindex":0},"down":{"uv":[6.1875,4.8125,6.0625,4.9375],"rotation":0,"texture":"#0","tintindex":0}}},{"from":[6.537994,-13.714287,3.6812592],"to":[9.966566,-2.285715,3.738402],"rotation":{"angle":22.5,"axis":"z","origin":[8.030572,5.336223,8.370396]},"faces":{"east":{"uv":[14.90625,14.1875,14.1875,14.78125],"rotation":0,"texture":"#0","tintindex":0},"south":{"uv":[5.78125,4.3125,5.96875,4.9375],"rotation":0,"texture":"#0","tintindex":0},"north":{"uv":[5.96875,4.3125,5.78125,4.9375],"rotation":0,"texture":"#0","tintindex":0},"west":{"uv":[15.0625,14.59375,14.46875,15.0],"rotation":0,"texture":"#0","tintindex":0},"up":{"uv":[15.25,14.4375,14.375,15.15625],"rotation":90,"texture":"#0","tintindex":0},"down":{"uv":[14.90625,14.90625,14.3125,14.375],"rotation":270,"texture":"#0","tintindex":0}}},{"from":[7.680362,-6.8771877,3.0341191],"to":[9.394649,-0.5914736,4.7484045],"rotation":{"angle":22.5,"axis":"z","origin":[8.030572,5.336223,8.370396]},"faces":{"east":{"uv":[6.09375,4.46875,6.1875,4.8125],"rotation":0,"texture":"#0","tintindex":0},"south":{"uv":[6.09375,4.46875,6.1875,4.8125],"rotation":0,"texture":"#0","tintindex":0},"north":{"uv":[6.1875,4.46875,6.09375,4.8125],"rotation":0,"texture":"#0","tintindex":0},"west":{"uv":[6.1875,4.46875,6.09375,4.8125],"rotation":0,"texture":"#0","tintindex":0},"up":{"uv":[6.0625,4.84375,5.96875,4.9375],"rotation":0,"texture":"#0","tintindex":0},"down":{"uv":[6.0625,4.84375,5.96875,4.9375],"rotation":0,"texture":"#0","tintindex":0}}},{"from":[3.3692255,-3.483818,7.3667183],"to":[5.6549397,4.516182,9.652433],"rotation":{"angle":22.5,"axis":"z","origin":[8.030572,5.336223,8.370396]},"faces":{"east":{"uv":[6.1875,4.3125,6.3125,4.75],"rotation":0,"texture":"#0","tintindex":0},"south":{"uv":[6.1875,4.75,6.3125,5.1875],"rotation":0,"texture":"#0","tintindex":0},"north":{"uv":[6.3125,4.75,6.1875,5.1875],"rotation":0,"texture":"#0","tintindex":0},"west":{"uv":[6.3125,4.3125,6.1875,4.75],"rotation":0,"texture":"#0","tintindex":0},"up":{"uv":[6.1875,4.8125,6.0625,4.9375],"rotation":0,"texture":"#0","tintindex":0},"down":{"uv":[6.1875,4.8125,6.0625,4.9375],"rotation":0,"texture":"#0","tintindex":0}}},{"from":[2.5379934,-16.0,8.252688],"to":[5.966565,-4.57143,8.309831],"rotation":{"angle":22.5,"axis":"z","origin":[8.030572,5.336223,8.370396]},"faces":{"east":{"uv":[14.90625,14.1875,14.1875,14.78125],"rotation":0,"texture":"#0","tintindex":0},"south":{"uv":[5.78125,4.3125,5.96875,4.9375],"rotation":0,"texture":"#0","tintindex":0},"north":{"uv":[5.96875,4.3125,5.78125,4.9375],"rotation":0,"texture":"#0","tintindex":0},"west":{"uv":[15.0625,14.59375,14.46875,15.0],"rotation":0,"texture":"#0","tintindex":0},"up":{"uv":[15.25,14.4375,14.375,15.15625],"rotation":90,"texture":"#0","tintindex":0},"down":{"uv":[14.90625,14.90625,14.3125,14.375],"rotation":270,"texture":"#0","tintindex":0}}},{"from":[3.6803622,-9.162903,7.6055474],"to":[5.394648,-2.8771877,9.319834],"rotation":{"angle":22.5,"axis":"z","origin":[8.030572,5.336223,8.370396]},"faces":{"east":{"uv":[6.09375,4.46875,6.1875,4.8125],"rotation":0,"texture":"#0","tintindex":0},"south":{"uv":[6.09375,4.46875,6.1875,4.8125],"rotation":0,"texture":"#0","tintindex":0},"north":{"uv":[6.1875,4.46875,6.09375,4.8125],"rotation":0,"texture":"#0","tintindex":0},"west":{"uv":[6.1875,4.46875,6.09375,4.8125],"rotation":0,"texture":"#0","tintindex":0},"up":{"uv":[6.0625,4.84375,5.96875,4.9375],"rotation":0,"texture":"#0","tintindex":0},"down":{"uv":[6.0625,4.84375,5.96875,4.9375],"rotation":0,"texture":"#0","tintindex":0}}},{"from":[3.3692255,-3.483818,10.509576],"to":[5.6549397,4.516182,12.79529],"rotation":{"angle":22.5,"axis":"z","origin":[8.030572,5.336223,8.370396]},"faces":{"east":{"uv":[6.1875,4.3125,6.3125,4.75],"rotation":0,"texture":"#0","tintindex":0},"south":{"uv":[6.1875,4.75,6.3125,5.1875],"rotation":0,"texture":"#0","tintindex":0},"north":{"uv":[6.3125,4.75,6.1875,5.1875],"rotation":0,"texture":"#0","tintindex":0},"west":{"uv":[6.3125,4.3125,6.1875,4.75],"rotation":0,"texture":"#0","tintindex":0},"up":{"uv":[6.1875,4.8125,6.0625,4.9375],"rotation":0,"texture":"#0","tintindex":0},"down":{"uv":[6.1875,4.8125,6.0625,4.9375],"rotation":0,"texture":"#0","tintindex":0}}},{"from":[2.5379934,-16.0,11.395545],"to":[5.966565,-4.57143,11.452688],"rotation":{"angle":22.5,"axis":"z","origin":[8.030572,5.336223,8.370396]},"faces":{"east":{"uv":[14.90625,14.1875,14.1875,14.78125],"rotation":0,"texture":"#0","tintindex":0},"south":{"uv":[5.78125,4.3125,5.96875,4.9375],"rotation":0,"texture":"#0","tintindex":0},"north":{"uv":[5.96875,4.3125,5.78125,4.9375],"rotation":0,"texture":"#0","tintindex":0},"west":{"uv":[15.0625,14.59375,14.46875,15.0],"rotation":0,"texture":"#0","tintindex":0},"up":{"uv":[15.25,14.4375,14.375,15.15625],"rotation":90,"texture":"#0","tintindex":0},"down":{"uv":[14.90625,14.90625,14.3125,14.375],"rotation":270,"texture":"#0","tintindex":0}}},{"from":[1.9999995,-9.350615,9.954354],"to":[13.428572,1.5065293,10.0114975],"rotation":{"angle":-22.5,"axis":"x","origin":[8.030572,5.336223,8.370396]},"faces":{"east":{"uv":[14.15625,14.71875,14.78125,15.3125],"rotation":0,"texture":"#0","tintindex":0},"south":{"uv":[2.8125,7.21875,3.4375,7.8125],"rotation":0,"texture":"#0","tintindex":0},"north":{"uv":[2.8125,7.21875,3.4375,7.8125],"rotation":0,"texture":"#0","tintindex":0},"west":{"uv":[14.09375,14.71875,14.71875,15.3125],"rotation":0,"texture":"#0","tintindex":0},"up":{"uv":[14.3125,14.6875,14.78125,15.15625],"rotation":0,"texture":"#0","tintindex":0},"down":{"uv":[14.46875,15.03125,14.84375,14.65625],"rotation":0,"texture":"#0","tintindex":0}}},{"from":[9.78224,-9.420082,3.4396381],"to":[9.839383,1.4370618,14.86821],"rotation":{"angle":22.5,"axis":"z","origin":[8.030572,5.336223,8.370396]},"faces":{"east":{"uv":[2.8125,7.21875,3.4375,7.8125],"rotation":0,"texture":"#0","tintindex":0},"south":{"uv":[14.09375,14.71875,14.71875,15.3125],"rotation":0,"texture":"#0","tintindex":0},"north":{"uv":[14.15625,14.71875,14.78125,15.3125],"rotation":0,"texture":"#0","tintindex":0},"west":{"uv":[2.8125,7.21875,3.4375,7.8125],"rotation":0,"texture":"#0","tintindex":0},"up":{"uv":[14.78125,15.15625,14.3125,14.6875],"rotation":90,"texture":"#0","tintindex":0},"down":{"uv":[14.84375,14.65625,14.46875,15.03125],"rotation":270,"texture":"#0","tintindex":0}}},{"from":[6.1348352,-9.456087,3.4396381],"to":[6.191978,1.4010558,14.86821],"rotation":{"angle":-22.5,"axis":"z","origin":[8.030572,5.336223,8.370396]},"faces":{"east":{"uv":[3.4375,7.21875,2.8125,7.8125],"rotation":0,"texture":"#0","tintindex":0},"south":{"uv":[14.71875,14.71875,14.09375,15.3125],"rotation":0,"texture":"#0","tintindex":0},"north":{"uv":[14.78125,14.71875,14.15625,15.3125],"rotation":0,"texture":"#0","tintindex":0},"west":{"uv":[3.4375,7.21875,2.8125,7.8125],"rotation":0,"texture":"#0","tintindex":0},"up":{"uv":[14.78125,14.6875,14.3125,15.15625],"rotation":90,"texture":"#0","tintindex":0},"down":{"uv":[14.84375,15.03125,14.46875,14.65625],"rotation":270,"texture":"#0","tintindex":0}}},{"from":[1.9999995,-9.350615,6.729295],"to":[13.428572,1.5065293,6.7864375],"rotation":{"angle":22.5,"axis":"x","origin":[8.030572,5.336223,8.370396]},"faces":{"east":{"uv":[14.78125,14.71875,14.15625,15.3125],"rotation":0,"texture":"#0","tintindex":0},"south":{"uv":[3.4375,7.21875,2.8125,7.8125],"rotation":0,"texture":"#0","tintindex":0},"north":{"uv":[3.4375,7.21875,2.8125,7.8125],"rotation":0,"texture":"#0","tintindex":0},"west":{"uv":[14.71875,14.71875,14.09375,15.3125],"rotation":0,"texture":"#0","tintindex":0},"up":{"uv":[14.3125,15.15625,14.78125,14.6875],"rotation":0,"texture":"#0","tintindex":0},"down":{"uv":[14.46875,14.65625,14.84375,15.03125],"rotation":0,"texture":"#0","tintindex":0}}},{"from":[3.6803622,-9.162903,10.7484045],"to":[5.394648,-2.8771877,12.46269],"rotation":{"angle":22.5,"axis":"z","origin":[8.030572,5.336223,8.370396]},"faces":{"east":{"uv":[6.09375,4.46875,6.1875,4.8125],"rotation":0,"texture":"#0","tintindex":0},"south":{"uv":[6.09375,4.46875,6.1875,4.8125],"rotation":0,"texture":"#0","tintindex":0},"north":{"uv":[6.1875,4.46875,6.09375,4.8125],"rotation":0,"texture":"#0","tintindex":0},"west":{"uv":[6.1875,4.46875,6.09375,4.8125],"rotation":0,"texture":"#0","tintindex":0},"up":{"uv":[6.0625,4.84375,5.96875,4.9375],"rotation":0,"texture":"#0","tintindex":0},"down":{"uv":[6.0625,4.84375,5.96875,4.9375],"rotation":0,"texture":"#0","tintindex":0}}},{"from":[3.6803622,-9.162903,4.4626904],"to":[5.394648,-2.8771877,6.176976],"rotation":{"angle":22.5,"axis":"z","origin":[8.030572,5.336223,8.370396]},"faces":{"east":{"uv":[6.09375,4.46875,6.1875,4.8125],"rotation":0,"texture":"#0","tintindex":0},"south":{"uv":[6.09375,4.46875,6.1875,4.8125],"rotation":0,"texture":"#0","tintindex":0},"north":{"uv":[6.1875,4.46875,6.09375,4.8125],"rotation":0,"texture":"#0","tintindex":0},"west":{"uv":[6.1875,4.46875,6.09375,4.8125],"rotation":0,"texture":"#0","tintindex":0},"up":{"uv":[6.0625,4.84375,5.96875,4.9375],"rotation":0,"texture":"#0","tintindex":0},"down":{"uv":[6.0625,4.84375,5.96875,4.9375],"rotation":0,"texture":"#0","tintindex":0}}},{"from":[3.3692255,-3.483818,4.223861],"to":[5.6549397,4.516182,6.509576],"rotation":{"angle":22.5,"axis":"z","origin":[8.030572,5.336223,8.370396]},"faces":{"east":{"uv":[6.1875,4.3125,6.3125,4.75],"rotation":0,"texture":"#0","tintindex":0},"south":{"uv":[6.1875,4.75,6.3125,5.1875],"rotation":0,"texture":"#0","tintindex":0},"north":{"uv":[6.3125,4.75,6.1875,5.1875],"rotation":0,"texture":"#0","tintindex":0},"west":{"uv":[6.3125,4.3125,6.1875,4.75],"rotation":0,"texture":"#0","tintindex":0},"up":{"uv":[6.1875,4.8125,6.0625,4.9375],"rotation":0,"texture":"#0","tintindex":0},"down":{"uv":[6.1875,4.8125,6.0625,4.9375],"rotation":0,"texture":"#0","tintindex":0}}},{"from":[2.5379934,-16.0,5.109831],"to":[5.966565,-4.57143,5.1669736],"rotation":{"angle":22.5,"axis":"z","origin":[8.030572,5.336223,8.370396]},"faces":{"east":{"uv":[14.90625,14.1875,14.1875,14.78125],"rotation":0,"texture":"#0","tintindex":0},"south":{"uv":[5.78125,4.3125,5.96875,4.9375],"rotation":0,"texture":"#0","tintindex":0},"north":{"uv":[5.96875,4.3125,5.78125,4.9375],"rotation":0,"texture":"#0","tintindex":0},"west":{"uv":[15.0625,14.59375,14.46875,15.0],"rotation":0,"texture":"#0","tintindex":0},"up":{"uv":[15.25,14.4375,14.375,15.15625],"rotation":90,"texture":"#0","tintindex":0},"down":{"uv":[14.90625,14.90625,14.3125,14.375],"rotation":270,"texture":"#0","tintindex":0}}},{"from":[5.7683167,-0.21394444,4.5413446],"to":[10.3397455,7.2146277,12.541345],"rotation":{"angle":0.0,"axis":"y","origin":[8.030572,5.336223,8.370396]},"faces":{"east":{"uv":[5.3125,4.875,5.75,5.28125],"rotation":0,"texture":"#0","tintindex":0},"south":{"uv":[5.5,5.28125,5.75,5.6875],"rotation":0,"texture":"#0","tintindex":0},"north":{"uv":[5.75,5.28125,5.5,5.6875],"rotation":0,"texture":"#0","tintindex":0},"west":{"uv":[5.75,4.875,5.3125,5.28125],"rotation":0,"texture":"#0","tintindex":0},"up":{"uv":[5.25,5.71875,5.5,5.28125],"rotation":0,"texture":"#0","tintindex":0},"down":{"uv":[5.25,5.28125,5.5,5.71875],"rotation":0,"texture":"#0","tintindex":0}}}],"display":{"head":{"translation":[0.0,-7.6446824,0.0],"scale":[4.0,4.0,4.0]}}}