{"textures":{"0":"modelengine:entity/cizha_the_scarecrow"},"elements":[{"from":[4.0143757,2.3323026,4.7986245],"to":[10.871519,8.618017,12.227196],"rotation":{"angle":0.0,"axis":"y","origin":[7.4551425,5.5964813,8.370396]},"faces":{"east":{"uv":[6.125,5.34375,6.53125,5.6875],"rotation":0,"texture":"#0","tintindex":0},"south":{"uv":[6.125,5.34375,5.75,5.6875],"rotation":0,"texture":"#0","tintindex":0},"north":{"uv":[5.75,5.34375,6.125,5.6875],"rotation":0,"texture":"#0","tintindex":0},"west":{"uv":[6.53125,5.34375,6.125,5.6875],"rotation":0,"texture":"#0","tintindex":0},"up":{"uv":[6.125,5.34375,5.75,4.9375],"rotation":0,"texture":"#0","tintindex":0},"down":{"uv":[6.125,4.9375,5.75,5.34375],"rotation":0,"texture":"#0","tintindex":0}}},{"from":[5.1459684,0.046313763,4.5413446],"to":[9.717398,7.4748855,12.541345],"rotation":{"angle":0.0,"axis":"y","origin":[7.4551425,5.5964813,8.370396]},"faces":{"east":{"uv":[5.3125,4.875,5.75,5.28125],"rotation":0,"texture":"#0","tintindex":0},"south":{"uv":[5.75,5.28125,5.5,5.6875],"rotation":0,"texture":"#0","tintindex":0},"north":{"uv":[5.5,5.28125,5.75,5.6875],"rotation":0,"texture":"#0","tintindex":0},"west":{"uv":[5.75,4.875,5.3125,5.28125],"rotation":0,"texture":"#0","tintindex":0},"up":{"uv":[5.5,5.71875,5.25,5.28125],"rotation":0,"texture":"#0","tintindex":0},"down":{"uv":[5.5,5.28125,5.25,5.71875],"rotation":0,"texture":"#0","tintindex":0}}},{"from":[9.519149,-15.739742,5.109831],"to":[12.947721,-4.3111715,5.1669736],"rotation":{"angle":-22.5,"axis":"z","origin":[7.4551425,5.5964813,8.370396]},"faces":{"east":{"uv":[14.46875,14.59375,15.0625,15.0],"rotation":0,"texture":"#0","tintindex":0},"south":{"uv":[5.96875,4.3125,5.78125,4.9375],"rotation":0,"texture":"#0","tintindex":0},"north":{"uv":[5.78125,4.3125,5.96875,4.9375],"rotation":0,"texture":"#0","tintindex":0},"west":{"uv":[14.1875,14.1875,14.90625,14.78125],"rotation":0,"texture":"#0","tintindex":0},"up":{"uv":[15.25,15.15625,14.375,14.4375],"rotation":90,"texture":"#0","tintindex":0},"down":{"uv":[14.90625,14.375,14.3125,14.90625],"rotation":270,"texture":"#0","tintindex":0}}},{"from":[9.830774,-3.2235603,4.223861],"to":[12.116489,4.7764397,6.509576],"rotation":{"angle":-22.5,"axis":"z","origin":[7.4551425,5.5964813,8.370396]},"faces":{"east":{"uv":[6.1875,4.3125,6.3125,4.75],"rotation":0,"texture":"#0","tintindex":0},"south":{"uv":[6.3125,4.75,6.1875,5.1875],"rotation":0,"texture":"#0","tintindex":0},"north":{"uv":[6.1875,4.75,6.3125,5.1875],"rotation":0,"texture":"#0","tintindex":0},"west":{"uv":[6.3125,4.3125,6.1875,4.75],"rotation":0,"texture":"#0","tintindex":0},"up":{"uv":[6.0625,4.8125,6.1875,4.9375],"rotation":0,"texture":"#0","tintindex":0},"down":{"uv":[6.0625,4.8125,6.1875,4.9375],"rotation":0,"texture":"#0","tintindex":0}}},{"from":[10.091066,-8.902645,4.4626904],"to":[11.805352,-2.61693,6.176976],"rotation":{"angle":-22.5,"axis":"z","origin":[7.4551425,5.5964813,8.370396]},"faces":{"east":{"uv":[6.09375,4.46875,6.1875,4.8125],"rotation":0,"texture":"#0","tintindex":0},"south":{"uv":[6.1875,4.46875,6.09375,4.8125],"rotation":0,"texture":"#0","tintindex":0},"north":{"uv":[6.09375,4.46875,6.1875,4.8125],"rotation":0,"texture":"#0","tintindex":0},"west":{"uv":[6.1875,4.46875,6.09375,4.8125],"rotation":0,"texture":"#0","tintindex":0},"up":{"uv":[5.96875,4.84375,6.0625,4.9375],"rotation":0,"texture":"#0","tintindex":0},"down":{"uv":[5.96875,4.84375,6.0625,4.9375],"rotation":0,"texture":"#0","tintindex":0}}},{"from":[10.091066,-8.902645,10.7484045],"to":[11.805352,-2.61693,12.46269],"rotation":{"angle":-22.5,"axis":"z","origin":[7.4551425,5.5964813,8.370396]},"faces":{"east":{"uv":[6.09375,4.46875,6.1875,4.8125],"rotation":0,"texture":"#0","tintindex":0},"south":{"uv":[6.1875,4.46875,6.09375,4.8125],"rotation":0,"texture":"#0","tintindex":0},"north":{"uv":[6.09375,4.46875,6.1875,4.8125],"rotation":0,"texture":"#0","tintindex":0},"west":{"uv":[6.1875,4.46875,6.09375,4.8125],"rotation":0,"texture":"#0","tintindex":0},"up":{"uv":[5.96875,4.84375,6.0625,4.9375],"rotation":0,"texture":"#0","tintindex":0},"down":{"uv":[5.96875,4.84375,6.0625,4.9375],"rotation":0,"texture":"#0","tintindex":0}}},{"from":[2.0571427,-9.090355,6.729295],"to":[13.485715,1.766787,6.7864375],"rotation":{"angle":22.5,"axis":"x","origin":[7.4551425,5.5964813,8.370396]},"faces":{"east":{"uv":[14.09375,14.71875,14.71875,15.3125],"rotation":0,"texture":"#0","tintindex":0},"south":{"uv":[2.8125,7.21875,3.4375,7.8125],"rotation":0,"texture":"#0","tintindex":0},"north":{"uv":[2.8125,7.21875,3.4375,7.8125],"rotation":0,"texture":"#0","tintindex":0},"west":{"uv":[14.15625,14.71875,14.78125,15.3125],"rotation":0,"texture":"#0","tintindex":0},"up":{"uv":[14.78125,15.15625,14.3125,14.6875],"rotation":0,"texture":"#0","tintindex":0},"down":{"uv":[14.84375,14.65625,14.46875,15.03125],"rotation":0,"texture":"#0","tintindex":0}}},{"from":[9.293736,-9.195829,3.4396381],"to":[9.35088,1.661314,14.86821],"rotation":{"angle":22.5,"axis":"z","origin":[7.4551425,5.5964813,8.370396]},"faces":{"east":{"uv":[2.8125,7.21875,3.4375,7.8125],"rotation":0,"texture":"#0","tintindex":0},"south":{"uv":[14.09375,14.71875,14.71875,15.3125],"rotation":0,"texture":"#0","tintindex":0},"north":{"uv":[14.15625,14.71875,14.78125,15.3125],"rotation":0,"texture":"#0","tintindex":0},"west":{"uv":[2.8125,7.21875,3.4375,7.8125],"rotation":0,"texture":"#0","tintindex":0},"up":{"uv":[14.78125,15.15625,14.3125,14.6875],"rotation":90,"texture":"#0","tintindex":0},"down":{"uv":[14.84375,14.65625,14.46875,15.03125],"rotation":270,"texture":"#0","tintindex":0}}},{"from":[5.6463313,-9.159824,3.4396381],"to":[5.7034745,1.69732,14.86821],"rotation":{"angle":-22.5,"axis":"z","origin":[7.4551425,5.5964813,8.370396]},"faces":{"east":{"uv":[3.4375,7.21875,2.8125,7.8125],"rotation":0,"texture":"#0","tintindex":0},"south":{"uv":[14.71875,14.71875,14.09375,15.3125],"rotation":0,"texture":"#0","tintindex":0},"north":{"uv":[14.78125,14.71875,14.15625,15.3125],"rotation":0,"texture":"#0","tintindex":0},"west":{"uv":[3.4375,7.21875,2.8125,7.8125],"rotation":0,"texture":"#0","tintindex":0},"up":{"uv":[14.78125,14.6875,14.3125,15.15625],"rotation":90,"texture":"#0","tintindex":0},"down":{"uv":[14.84375,15.03125,14.46875,14.65625],"rotation":270,"texture":"#0","tintindex":0}}},{"from":[2.0571427,-9.090355,9.954354],"to":[13.485715,1.766787,10.0114975],"rotation":{"angle":-22.5,"axis":"x","origin":[7.4551425,5.5964813,8.370396]},"faces":{"east":{"uv":[14.71875,14.71875,14.09375,15.3125],"rotation":0,"texture":"#0","tintindex":0},"south":{"uv":[3.4375,7.21875,2.8125,7.8125],"rotation":0,"texture":"#0","tintindex":0},"north":{"uv":[3.4375,7.21875,2.8125,7.8125],"rotation":0,"texture":"#0","tintindex":0},"west":{"uv":[14.78125,14.71875,14.15625,15.3125],"rotation":0,"texture":"#0","tintindex":0},"up":{"uv":[14.78125,14.6875,14.3125,15.15625],"rotation":0,"texture":"#0","tintindex":0},"down":{"uv":[14.84375,15.03125,14.46875,14.65625],"rotation":0,"texture":"#0","tintindex":0}}},{"from":[9.519149,-15.739742,11.395545],"to":[12.947721,-4.3111715,11.452688],"rotation":{"angle":-22.5,"axis":"z","origin":[7.4551425,5.5964813,8.370396]},"faces":{"east":{"uv":[14.46875,14.59375,15.0625,15.0],"rotation":0,"texture":"#0","tintindex":0},"south":{"uv":[5.96875,4.3125,5.78125,4.9375],"rotation":0,"texture":"#0","tintindex":0},"north":{"uv":[5.78125,4.3125,5.96875,4.9375],"rotation":0,"texture":"#0","tintindex":0},"west":{"uv":[14.1875,14.1875,14.90625,14.78125],"rotation":0,"texture":"#0","tintindex":0},"up":{"uv":[15.25,15.15625,14.375,14.4375],"rotation":90,"texture":"#0","tintindex":0},"down":{"uv":[14.90625,14.375,14.3125,14.90625],"rotation":270,"texture":"#0","tintindex":0}}},{"from":[9.830774,-3.2235603,10.509576],"to":[12.116489,4.7764397,12.79529],"rotation":{"angle":-22.5,"axis":"z","origin":[7.4551425,5.5964813,8.370396]},"faces":{"east":{"uv":[6.1875,4.3125,6.3125,4.75],"rotation":0,"texture":"#0","tintindex":0},"south":{"uv":[6.3125,4.75,6.1875,5.1875],"rotation":0,"texture":"#0","tintindex":0},"north":{"uv":[6.1875,4.75,6.3125,5.1875],"rotation":0,"texture":"#0","tintindex":0},"west":{"uv":[6.3125,4.3125,6.1875,4.75],"rotation":0,"texture":"#0","tintindex":0},"up":{"uv":[6.0625,4.8125,6.1875,4.9375],"rotation":0,"texture":"#0","tintindex":0},"down":{"uv":[6.0625,4.8125,6.1875,4.9375],"rotation":0,"texture":"#0","tintindex":0}}},{"from":[10.091066,-8.902645,7.6055474],"to":[11.805352,-2.61693,9.319834],"rotation":{"angle":-22.5,"axis":"z","origin":[7.4551425,5.5964813,8.370396]},"faces":{"east":{"uv":[6.09375,4.46875,6.1875,4.8125],"rotation":0,"texture":"#0","tintindex":0},"south":{"uv":[6.1875,4.46875,6.09375,4.8125],"rotation":0,"texture":"#0","tintindex":0},"north":{"uv":[6.09375,4.46875,6.1875,4.8125],"rotation":0,"texture":"#0","tintindex":0},"west":{"uv":[6.1875,4.46875,6.09375,4.8125],"rotation":0,"texture":"#0","tintindex":0},"up":{"uv":[5.96875,4.84375,6.0625,4.9375],"rotation":0,"texture":"#0","tintindex":0},"down":{"uv":[5.96875,4.84375,6.0625,4.9375],"rotation":0,"texture":"#0","tintindex":0}}},{"from":[9.519149,-15.739742,8.252688],"to":[12.947721,-4.3111715,8.309831],"rotation":{"angle":-22.5,"axis":"z","origin":[7.4551425,5.5964813,8.370396]},"faces":{"east":{"uv":[14.46875,14.59375,15.0625,15.0],"rotation":0,"texture":"#0","tintindex":0},"south":{"uv":[5.96875,4.3125,5.78125,4.9375],"rotation":0,"texture":"#0","tintindex":0},"north":{"uv":[5.78125,4.3125,5.96875,4.9375],"rotation":0,"texture":"#0","tintindex":0},"west":{"uv":[14.1875,14.1875,14.90625,14.78125],"rotation":0,"texture":"#0","tintindex":0},"up":{"uv":[15.25,15.15625,14.375,14.4375],"rotation":90,"texture":"#0","tintindex":0},"down":{"uv":[14.90625,14.375,14.3125,14.90625],"rotation":270,"texture":"#0","tintindex":0}}},{"from":[9.830774,-3.2235603,7.3667183],"to":[12.116489,4.7764397,9.652433],"rotation":{"angle":-22.5,"axis":"z","origin":[7.4551425,5.5964813,8.370396]},"faces":{"east":{"uv":[6.1875,4.3125,6.3125,4.75],"rotation":0,"texture":"#0","tintindex":0},"south":{"uv":[6.3125,4.75,6.1875,5.1875],"rotation":0,"texture":"#0","tintindex":0},"north":{"uv":[6.1875,4.75,6.3125,5.1875],"rotation":0,"texture":"#0","tintindex":0},"west":{"uv":[6.3125,4.3125,6.1875,4.75],"rotation":0,"texture":"#0","tintindex":0},"up":{"uv":[6.0625,4.8125,6.1875,4.9375],"rotation":0,"texture":"#0","tintindex":0},"down":{"uv":[6.0625,4.8125,6.1875,4.9375],"rotation":0,"texture":"#0","tintindex":0}}},{"from":[6.091066,-6.61693,3.0341191],"to":[7.8053517,-0.33121586,4.7484045],"rotation":{"angle":-22.5,"axis":"z","origin":[7.4551425,5.5964813,8.370396]},"faces":{"east":{"uv":[6.09375,4.46875,6.1875,4.8125],"rotation":0,"texture":"#0","tintindex":0},"south":{"uv":[6.1875,4.46875,6.09375,4.8125],"rotation":0,"texture":"#0","tintindex":0},"north":{"uv":[6.09375,4.46875,6.1875,4.8125],"rotation":0,"texture":"#0","tintindex":0},"west":{"uv":[6.1875,4.46875,6.09375,4.8125],"rotation":0,"texture":"#0","tintindex":0},"up":{"uv":[5.96875,4.84375,6.0625,4.9375],"rotation":0,"texture":"#0","tintindex":0},"down":{"uv":[5.96875,4.84375,6.0625,4.9375],"rotation":0,"texture":"#0","tintindex":0}}},{"from":[5.519149,-13.454029,3.6812592],"to":[8.947721,-2.0254574,3.738402],"rotation":{"angle":-22.5,"axis":"z","origin":[7.4551425,5.5964813,8.370396]},"faces":{"east":{"uv":[14.46875,14.59375,15.0625,15.0],"rotation":0,"texture":"#0","tintindex":0},"south":{"uv":[5.96875,4.3125,5.78125,4.9375],"rotation":0,"texture":"#0","tintindex":0},"north":{"uv":[5.78125,4.3125,5.96875,4.9375],"rotation":0,"texture":"#0","tintindex":0},"west":{"uv":[14.1875,14.1875,14.90625,14.78125],"rotation":0,"texture":"#0","tintindex":0},"up":{"uv":[15.25,15.15625,14.375,14.4375],"rotation":90,"texture":"#0","tintindex":0},"down":{"uv":[14.90625,14.375,14.3125,14.90625],"rotation":270,"texture":"#0","tintindex":0}}},{"from":[5.8307743,-0.9378462,2.79529],"to":[8.116488,7.0621543,5.081004],"rotation":{"angle":-22.5,"axis":"z","origin":[7.4551425,5.5964813,8.370396]},"faces":{"east":{"uv":[6.1875,4.3125,6.3125,4.75],"rotation":0,"texture":"#0","tintindex":0},"south":{"uv":[6.3125,4.75,6.1875,5.1875],"rotation":0,"texture":"#0","tintindex":0},"north":{"uv":[6.1875,4.75,6.3125,5.1875],"rotation":0,"texture":"#0","tintindex":0},"west":{"uv":[6.3125,4.3125,6.1875,4.75],"rotation":0,"texture":"#0","tintindex":0},"up":{"uv":[6.0625,4.8125,6.1875,4.9375],"rotation":0,"texture":"#0","tintindex":0},"down":{"uv":[6.0625,4.8125,6.1875,4.9375],"rotation":0,"texture":"#0","tintindex":0}}}],"display":{"head":{"translation":[0.0,-6.4,0.0],"scale":[4.0,4.0,4.0]}}}