{"textures":{"0":"modelengine:entity/cizha_the_scarecrow"},"elements":[{"from":[-0.6000004,2.6533332,-0.8000002],"to":[16.6,16.653332,16.8],"rotation":{"angle":0.0,"axis":"y","origin":[8.028197,10.426666,8.028353]},"faces":{"east":{"uv":[6.40625,0.0,7.78125,1.09375],"rotation":0,"texture":"#0","tintindex":0},"south":{"uv":[6.40625,0.0,7.75,1.09375],"rotation":0,"texture":"#0","tintindex":0},"north":{"uv":[6.71875,5.1875,8.0625,6.28125],"rotation":0,"texture":"#0","tintindex":0},"west":{"uv":[7.78125,0.0,6.40625,1.09375],"rotation":0,"texture":"#0","tintindex":0},"up":{"uv":[6.375,2.78125,5.03125,1.40625],"rotation":0,"texture":"#0","tintindex":0},"down":{"uv":[6.375,1.40625,5.03125,2.78125],"rotation":0,"texture":"#0","tintindex":0}}},{"from":[16.418842,3.4533334,5.865959],"to":[23.618843,15.053334,5.905959],"rotation":{"angle":-22.5,"axis":"y","origin":[8.028197,10.426666,8.028353]},"faces":{"east":{"uv":[4.21875,7.84375,4.25,9.1875],"rotation":0,"texture":"#0","tintindex":0},"south":{"uv":[8.4375,3.625,7.875,4.53125],"rotation":0,"texture":"#0","tintindex":0},"north":{"uv":[7.875,3.625,8.4375,4.53125],"rotation":0,"texture":"#0","tintindex":0},"west":{"uv":[8.34375,8.40625,8.375,9.75],"rotation":0,"texture":"#0","tintindex":0},"up":{"uv":[4.40625,3.03125,3.5625,3.0],"rotation":0,"texture":"#0","tintindex":0},"down":{"uv":[4.40625,3.03125,3.5625,3.0625],"rotation":0,"texture":"#0","tintindex":0}}},{"from":[16.418842,1.4533334,6.6659594],"to":[23.618843,13.053334,6.7059593],"rotation":{"angle":-22.5,"axis":"y","origin":[8.028197,10.426666,8.028353]},"faces":{"east":{"uv":[4.21875,7.84375,4.25,9.1875],"rotation":0,"texture":"#0","tintindex":0},"south":{"uv":[8.4375,3.625,7.875,4.53125],"rotation":0,"texture":"#0","tintindex":0},"north":{"uv":[7.875,3.625,8.4375,4.53125],"rotation":0,"texture":"#0","tintindex":0},"west":{"uv":[8.34375,8.40625,8.375,9.75],"rotation":0,"texture":"#0","tintindex":0},"up":{"uv":[4.40625,3.03125,3.5625,3.0],"rotation":0,"texture":"#0","tintindex":0},"down":{"uv":[4.40625,3.03125,3.5625,3.0625],"rotation":0,"texture":"#0","tintindex":0}}},{"from":[16.724987,1.4533334,8.611643],"to":[23.924988,13.053334,8.651643],"rotation":{"angle":22.5,"axis":"y","origin":[8.028197,10.426666,8.028353]},"faces":{"east":{"uv":[4.25,7.84375,4.21875,9.1875],"rotation":0,"texture":"#0","tintindex":0},"south":{"uv":[8.4375,3.625,7.875,4.53125],"rotation":0,"texture":"#0","tintindex":0},"north":{"uv":[7.875,3.625,8.4375,4.53125],"rotation":0,"texture":"#0","tintindex":0},"west":{"uv":[8.375,8.40625,8.34375,9.75],"rotation":0,"texture":"#0","tintindex":0},"up":{"uv":[4.40625,3.0,3.5625,3.03125],"rotation":0,"texture":"#0","tintindex":0},"down":{"uv":[4.40625,3.0625,3.5625,3.03125],"rotation":0,"texture":"#0","tintindex":0}}},{"from":[16.434149,3.4533334,10.113791],"to":[23.63415,15.053334,10.153791],"rotation":{"angle":22.5,"axis":"y","origin":[8.028197,10.426666,8.028353]},"faces":{"east":{"uv":[4.25,7.84375,4.21875,9.1875],"rotation":0,"texture":"#0","tintindex":0},"south":{"uv":[8.4375,3.625,7.875,4.53125],"rotation":0,"texture":"#0","tintindex":0},"north":{"uv":[7.875,3.625,8.4375,4.53125],"rotation":0,"texture":"#0","tintindex":0},"west":{"uv":[8.375,8.40625,8.34375,9.75],"rotation":0,"texture":"#0","tintindex":0},"up":{"uv":[4.40625,3.0,3.5625,3.03125],"rotation":0,"texture":"#0","tintindex":0},"down":{"uv":[4.40625,3.0625,3.5625,3.03125],"rotation":0,"texture":"#0","tintindex":0}}},{"from":[16.6,5.0533333,8.26],"to":[25.0,16.253334,8.3],"rotation":{"angle":0.0,"axis":"y","origin":[8.028197,10.426666,8.028353]},"faces":{"east":{"uv":[4.21875,7.84375,4.25,9.1875],"rotation":0,"texture":"#0","tintindex":0},"south":{"uv":[7.875,3.625,7.21875,4.5],"rotation":0,"texture":"#0","tintindex":0},"north":{"uv":[7.21875,3.625,7.875,4.5],"rotation":0,"texture":"#0","tintindex":0},"west":{"uv":[8.34375,8.40625,8.375,9.75],"rotation":0,"texture":"#0","tintindex":0},"up":{"uv":[4.40625,3.03125,3.5625,3.0],"rotation":0,"texture":"#0","tintindex":0},"down":{"uv":[4.40625,3.03125,3.5625,3.0625],"rotation":0,"texture":"#0","tintindex":0}}},{"from":[16.6,1.8533335,7.54],"to":[25.0,13.053334,7.58],"rotation":{"angle":0.0,"axis":"y","origin":[8.028197,10.426666,8.028353]},"faces":{"east":{"uv":[4.21875,7.84375,4.25,9.1875],"rotation":0,"texture":"#0","tintindex":0},"south":{"uv":[7.875,3.625,7.21875,4.5],"rotation":0,"texture":"#0","tintindex":0},"north":{"uv":[7.21875,3.625,7.875,4.5],"rotation":0,"texture":"#0","tintindex":0},"west":{"uv":[8.34375,8.40625,8.375,9.75],"rotation":0,"texture":"#0","tintindex":0},"up":{"uv":[4.40625,3.03125,3.5625,3.0],"rotation":0,"texture":"#0","tintindex":0},"down":{"uv":[4.40625,3.03125,3.5625,3.0625],"rotation":0,"texture":"#0","tintindex":0}}},{"from":[16.6,1.8533335,8.796706],"to":[25.0,13.053334,8.836706],"rotation":{"angle":0.0,"axis":"y","origin":[8.028197,10.426666,8.028353]},"faces":{"east":{"uv":[4.25,7.84375,4.21875,9.1875],"rotation":0,"texture":"#0","tintindex":0},"south":{"uv":[7.875,3.625,7.21875,4.5],"rotation":0,"texture":"#0","tintindex":0},"north":{"uv":[7.21875,3.625,7.875,4.5],"rotation":0,"texture":"#0","tintindex":0},"west":{"uv":[8.375,8.40625,8.34375,9.75],"rotation":0,"texture":"#0","tintindex":0},"up":{"uv":[4.40625,3.0,3.5625,3.03125],"rotation":0,"texture":"#0","tintindex":0},"down":{"uv":[4.40625,3.0625,3.5625,3.03125],"rotation":0,"texture":"#0","tintindex":0}}},{"from":[-8.943605,1.8533335,8.796706],"to":[-0.5436058,13.053334,8.836706],"rotation":{"angle":0.0,"axis":"y","origin":[8.028197,10.426666,8.028353]},"faces":{"east":{"uv":[8.34375,8.40625,8.375,9.75],"rotation":0,"texture":"#0","tintindex":0},"south":{"uv":[7.21875,3.625,7.875,4.5],"rotation":0,"texture":"#0","tintindex":0},"north":{"uv":[7.875,3.625,7.21875,4.5],"rotation":0,"texture":"#0","tintindex":0},"west":{"uv":[4.21875,7.84375,4.25,9.1875],"rotation":0,"texture":"#0","tintindex":0},"up":{"uv":[3.5625,3.0,4.40625,3.03125],"rotation":0,"texture":"#0","tintindex":0},"down":{"uv":[3.5625,3.0625,4.40625,3.03125],"rotation":0,"texture":"#0","tintindex":0}}},{"from":[-7.5624466,3.4533334,5.865959],"to":[-0.36244678,15.053334,5.905959],"rotation":{"angle":22.5,"axis":"y","origin":[8.028197,10.426666,8.028353]},"faces":{"east":{"uv":[8.375,8.40625,8.34375,9.75],"rotation":0,"texture":"#0","tintindex":0},"south":{"uv":[7.875,3.625,8.4375,4.53125],"rotation":0,"texture":"#0","tintindex":0},"north":{"uv":[8.4375,3.625,7.875,4.53125],"rotation":0,"texture":"#0","tintindex":0},"west":{"uv":[4.25,7.84375,4.21875,9.1875],"rotation":0,"texture":"#0","tintindex":0},"up":{"uv":[3.5625,3.03125,4.40625,3.0],"rotation":0,"texture":"#0","tintindex":0},"down":{"uv":[3.5625,3.03125,4.40625,3.0625],"rotation":0,"texture":"#0","tintindex":0}}},{"from":[-7.5624466,1.4533334,6.6659594],"to":[-0.36244678,13.053334,6.7059593],"rotation":{"angle":22.5,"axis":"y","origin":[8.028197,10.426666,8.028353]},"faces":{"east":{"uv":[8.375,8.40625,8.34375,9.75],"rotation":0,"texture":"#0","tintindex":0},"south":{"uv":[7.875,3.625,8.4375,4.53125],"rotation":0,"texture":"#0","tintindex":0},"north":{"uv":[8.4375,3.625,7.875,4.53125],"rotation":0,"texture":"#0","tintindex":0},"west":{"uv":[4.25,7.84375,4.21875,9.1875],"rotation":0,"texture":"#0","tintindex":0},"up":{"uv":[3.5625,3.03125,4.40625,3.0],"rotation":0,"texture":"#0","tintindex":0},"down":{"uv":[3.5625,3.03125,4.40625,3.0625],"rotation":0,"texture":"#0","tintindex":0}}},{"from":[-7.868594,1.4533334,8.611643],"to":[-0.6685934,13.053334,8.651643],"rotation":{"angle":-22.5,"axis":"y","origin":[8.028197,10.426666,8.028353]},"faces":{"east":{"uv":[8.34375,8.40625,8.375,9.75],"rotation":0,"texture":"#0","tintindex":0},"south":{"uv":[7.875,3.625,8.4375,4.53125],"rotation":0,"texture":"#0","tintindex":0},"north":{"uv":[8.4375,3.625,7.875,4.53125],"rotation":0,"texture":"#0","tintindex":0},"west":{"uv":[4.21875,7.84375,4.25,9.1875],"rotation":0,"texture":"#0","tintindex":0},"up":{"uv":[3.5625,3.0,4.40625,3.03125],"rotation":0,"texture":"#0","tintindex":0},"down":{"uv":[3.5625,3.0625,4.40625,3.03125],"rotation":0,"texture":"#0","tintindex":0}}},{"from":[-7.577754,3.4533334,10.113791],"to":[-0.3777542,15.053334,10.153791],"rotation":{"angle":-22.5,"axis":"y","origin":[8.028197,10.426666,8.028353]},"faces":{"east":{"uv":[8.34375,8.40625,8.375,9.75],"rotation":0,"texture":"#0","tintindex":0},"south":{"uv":[7.875,3.625,8.4375,4.53125],"rotation":0,"texture":"#0","tintindex":0},"north":{"uv":[8.4375,3.625,7.875,4.53125],"rotation":0,"texture":"#0","tintindex":0},"west":{"uv":[4.21875,7.84375,4.25,9.1875],"rotation":0,"texture":"#0","tintindex":0},"up":{"uv":[3.5625,3.0,4.40625,3.03125],"rotation":0,"texture":"#0","tintindex":0},"down":{"uv":[3.5625,3.0625,4.40625,3.03125],"rotation":0,"texture":"#0","tintindex":0}}},{"from":[-8.943605,5.0533333,8.26],"to":[-0.5436058,16.253334,8.3],"rotation":{"angle":0.0,"axis":"y","origin":[8.028197,10.426666,8.028353]},"faces":{"east":{"uv":[8.375,8.40625,8.34375,9.75],"rotation":0,"texture":"#0","tintindex":0},"south":{"uv":[7.21875,3.625,7.875,4.5],"rotation":0,"texture":"#0","tintindex":0},"north":{"uv":[7.875,3.625,7.21875,4.5],"rotation":0,"texture":"#0","tintindex":0},"west":{"uv":[4.25,7.84375,4.21875,9.1875],"rotation":0,"texture":"#0","tintindex":0},"up":{"uv":[3.5625,3.03125,4.40625,3.0],"rotation":0,"texture":"#0","tintindex":0},"down":{"uv":[3.5625,3.03125,4.40625,3.0625],"rotation":0,"texture":"#0","tintindex":0}}},{"from":[-8.943605,1.8533335,7.54],"to":[-0.5436058,13.053334,7.58],"rotation":{"angle":0.0,"axis":"y","origin":[8.028197,10.426666,8.028353]},"faces":{"east":{"uv":[8.375,8.40625,8.34375,9.75],"rotation":0,"texture":"#0","tintindex":0},"south":{"uv":[7.21875,3.625,7.875,4.5],"rotation":0,"texture":"#0","tintindex":0},"north":{"uv":[7.875,3.625,7.21875,4.5],"rotation":0,"texture":"#0","tintindex":0},"west":{"uv":[4.25,7.84375,4.21875,9.1875],"rotation":0,"texture":"#0","tintindex":0},"up":{"uv":[3.5625,3.03125,4.40625,3.0],"rotation":0,"texture":"#0","tintindex":0},"down":{"uv":[3.5625,3.03125,4.40625,3.0625],"rotation":0,"texture":"#0","tintindex":0}}},{"from":[-1.0,16.413334,-1.1999998],"to":[17.0,19.213333,16.84],"rotation":{"angle":0.0,"axis":"y","origin":[8.028197,10.426666,8.028353]},"faces":{"east":{"uv":[8.5625,4.21875,9.96875,4.4375],"rotation":0,"texture":"#0","tintindex":0},"south":{"uv":[9.96875,4.21875,8.5625,4.4375],"rotation":0,"texture":"#0","tintindex":0},"north":{"uv":[8.5625,4.21875,9.96875,4.4375],"rotation":0,"texture":"#0","tintindex":0},"west":{"uv":[9.96875,4.21875,8.5625,4.4375],"rotation":0,"texture":"#0","tintindex":0},"up":{"uv":[1.40625,6.03125,0.0,4.59375],"rotation":0,"texture":"#0","tintindex":0},"down":{"uv":[1.40625,4.59375,0.0,6.03125],"rotation":0,"texture":"#0","tintindex":0}}},{"from":[-3.8400002,16.253334,-4.3199997],"to":[19.76,16.413334,19.68],"rotation":{"angle":0.0,"axis":"y","origin":[8.028197,10.426666,8.028353]},"faces":{"east":{"uv":[8.5625,3.84375,10.25,3.875],"rotation":0,"texture":"#0","tintindex":0},"south":{"uv":[8.5625,3.84375,10.21875,3.875],"rotation":0,"texture":"#0","tintindex":0},"north":{"uv":[8.5625,3.84375,10.21875,3.875],"rotation":0,"texture":"#0","tintindex":0},"west":{"uv":[8.5625,3.84375,10.25,3.875],"rotation":0,"texture":"#0","tintindex":0},"up":{"uv":[1.65625,1.6875,0.0,0.0],"rotation":0,"texture":"#0","tintindex":0},"down":{"uv":[1.65625,0.0,0.0,1.6875],"rotation":0,"texture":"#0","tintindex":0}}},{"from":[3.808197,19.2,7.88],"to":[13.408197,32.0,7.92],"rotation":{"angle":0.0,"axis":"y","origin":[8.028197,10.426666,8.028353]},"faces":{"east":{"uv":[13.84375,13.5625,14.253125,13.9375],"rotation":0,"texture":"#0","tintindex":0},"south":{"uv":[2.4375,0.15625,1.6875,1.15625],"rotation":0,"texture":"#0","tintindex":0},"north":{"uv":[1.6875,0.15625,2.4375,1.15625],"rotation":0,"texture":"#0","tintindex":0},"west":{"uv":[14.21875,13.59375,14.378125,13.84375],"rotation":0,"texture":"#0","tintindex":0},"up":{"uv":[14.09375,13.375,14.378125,14.5],"rotation":270,"texture":"#0","tintindex":0},"down":{"uv":[13.875,13.6875,14.78125,14.378125],"rotation":0,"texture":"#0","tintindex":0}}},{"from":[7.809844,19.2,2.418353],"to":[7.849844,32.0,12.018353],"rotation":{"angle":0.0,"axis":"y","origin":[8.028197,10.426666,8.028353]},"faces":{"east":{"uv":[3.1875,0.65625,2.4375,1.65625],"rotation":0,"texture":"#0","tintindex":0},"south":{"uv":[14.21875,13.59375,14.378125,13.84375],"rotation":0,"texture":"#0","tintindex":0},"north":{"uv":[13.84375,13.5625,14.253125,13.9375],"rotation":0,"texture":"#0","tintindex":0},"west":{"uv":[2.4375,0.65625,3.1875,1.65625],"rotation":0,"texture":"#0","tintindex":0},"up":{"uv":[14.09375,13.375,14.378125,14.5],"rotation":180,"texture":"#0","tintindex":0},"down":{"uv":[13.875,13.6875,14.78125,14.378125],"rotation":90,"texture":"#0","tintindex":0}}},{"from":[6.6,19.2,6.4],"to":[9.4,25.2,9.2],"rotation":{"angle":0.0,"axis":"y","origin":[8.028197,10.426666,8.028353]},"faces":{"east":{"uv":[2.4375,0.0,2.65625,0.46875],"rotation":0,"texture":"#0","tintindex":0},"south":{"uv":[2.65625,0.0,2.4375,0.46875],"rotation":0,"texture":"#0","tintindex":0},"north":{"uv":[2.4375,0.0,2.65625,0.46875],"rotation":0,"texture":"#0","tintindex":0},"west":{"uv":[2.65625,0.0,2.4375,0.46875],"rotation":0,"texture":"#0","tintindex":0},"up":{"uv":[2.4375,0.0,2.65625,0.21875],"rotation":0,"texture":"#0","tintindex":0},"down":{"uv":[2.4375,0.0,2.65625,0.21875],"rotation":0,"texture":"#0","tintindex":0}}}],"display":{"head":{"translation":[0.0,13.92,0.0],"scale":[4.0,4.0,4.0]}}}