{"textures":{"0":"modelengine:entity/cizha_the_scarecrow"},"elements":[{"from":[2.6527696,-15.890659,8.819009],"to":[14.081342,-5.033518,8.876151],"rotation":{"angle":-22.5,"axis":"x","origin":[8.154957,0.67492676,8.013253]},"faces":{"east":{"uv":[14.71875,14.71875,14.09375,15.3125],"rotation":0,"texture":"#0","tintindex":0},"south":{"uv":[3.4375,7.21875,2.8125,7.8125],"rotation":0,"texture":"#0","tintindex":0},"north":{"uv":[3.4375,7.21875,2.8125,7.8125],"rotation":0,"texture":"#0","tintindex":0},"west":{"uv":[14.78125,14.71875,14.15625,15.3125],"rotation":0,"texture":"#0","tintindex":0},"up":{"uv":[14.78125,14.6875,14.3125,15.15625],"rotation":0,"texture":"#0","tintindex":0},"down":{"uv":[14.84375,15.03125,14.46875,14.65625],"rotation":0,"texture":"#0","tintindex":0}}},{"from":[2.6527696,-15.890659,7.150355],"to":[14.081342,-5.033518,7.2074976],"rotation":{"angle":22.5,"axis":"x","origin":[8.154957,0.67492676,8.013253]},"faces":{"east":{"uv":[14.09375,14.71875,14.71875,15.3125],"rotation":0,"texture":"#0","tintindex":0},"south":{"uv":[2.8125,7.21875,3.4375,7.8125],"rotation":0,"texture":"#0","tintindex":0},"north":{"uv":[2.8125,7.21875,3.4375,7.8125],"rotation":0,"texture":"#0","tintindex":0},"west":{"uv":[14.15625,14.71875,14.78125,15.3125],"rotation":0,"texture":"#0","tintindex":0},"up":{"uv":[14.78125,15.15625,14.3125,14.6875],"rotation":0,"texture":"#0","tintindex":0},"down":{"uv":[14.84375,14.65625,14.46875,15.03125],"rotation":0,"texture":"#0","tintindex":0}}},{"from":[9.224677,-16.0,3.0824952],"to":[9.28182,-5.1428547,14.511067],"rotation":{"angle":22.5,"axis":"z","origin":[8.154957,0.67492676,8.013253]},"faces":{"east":{"uv":[2.8125,7.21875,3.4375,7.8125],"rotation":0,"texture":"#0","tintindex":0},"south":{"uv":[14.09375,14.71875,14.71875,15.3125],"rotation":0,"texture":"#0","tintindex":0},"north":{"uv":[14.15625,14.71875,14.78125,15.3125],"rotation":0,"texture":"#0","tintindex":0},"west":{"uv":[2.8125,7.21875,3.4375,7.8125],"rotation":0,"texture":"#0","tintindex":0},"up":{"uv":[14.78125,15.15625,14.3125,14.6875],"rotation":90,"texture":"#0","tintindex":0},"down":{"uv":[14.84375,14.65625,14.46875,15.03125],"rotation":270,"texture":"#0","tintindex":0}}},{"from":[7.028093,-16.0,3.0824952],"to":[7.0852356,-5.1428547,14.511067],"rotation":{"angle":-22.5,"axis":"z","origin":[8.154957,0.67492676,8.013253]},"faces":{"east":{"uv":[3.4375,7.21875,2.8125,7.8125],"rotation":0,"texture":"#0","tintindex":0},"south":{"uv":[14.71875,14.71875,14.09375,15.3125],"rotation":0,"texture":"#0","tintindex":0},"north":{"uv":[14.78125,14.71875,14.15625,15.3125],"rotation":0,"texture":"#0","tintindex":0},"west":{"uv":[3.4375,7.21875,2.8125,7.8125],"rotation":0,"texture":"#0","tintindex":0},"up":{"uv":[14.78125,14.6875,14.3125,15.15625],"rotation":90,"texture":"#0","tintindex":0},"down":{"uv":[14.84375,15.03125,14.46875,14.65625],"rotation":270,"texture":"#0","tintindex":0}}},{"from":[4.367056,-4.7836704,4.285714],"to":[11.795628,2.6449022,11.714286],"rotation":{"angle":0.0,"axis":"y","origin":[8.154957,0.67492676,8.013253]},"faces":{"east":{"uv":[4.5625,5.96875,4.96875,6.375],"rotation":0,"texture":"#0","tintindex":0},"south":{"uv":[4.96875,5.96875,4.5625,6.375],"rotation":0,"texture":"#0","tintindex":0},"north":{"uv":[4.5625,5.96875,4.96875,6.375],"rotation":0,"texture":"#0","tintindex":0},"west":{"uv":[4.96875,5.96875,4.5625,6.375],"rotation":0,"texture":"#0","tintindex":0},"up":{"uv":[3.96875,2.09375,3.5625,1.6875],"rotation":0,"texture":"#0","tintindex":0},"down":{"uv":[3.96875,1.6875,3.5625,2.09375],"rotation":0,"texture":"#0","tintindex":0}}},{"from":[4.938484,2.073473,4.8571424],"to":[11.224199,19.216331,11.142858],"rotation":{"angle":0.0,"axis":"y","origin":[8.154957,0.67492676,8.013253]},"faces":{"east":{"uv":[4.15625,7.84375,3.8125,8.78125],"rotation":0,"texture":"#0","tintindex":0},"south":{"uv":[3.8125,7.84375,3.46875,8.78125],"rotation":0,"texture":"#0","tintindex":0},"north":{"uv":[3.46875,7.84375,3.8125,8.78125],"rotation":0,"texture":"#0","tintindex":0},"west":{"uv":[3.8125,7.84375,4.15625,8.78125],"rotation":0,"texture":"#0","tintindex":0},"up":{"uv":[4.15625,8.1875,3.8125,7.84375],"rotation":0,"texture":"#0","tintindex":0},"down":{"uv":[4.15625,7.84375,3.8125,8.1875],"rotation":0,"texture":"#0","tintindex":0}}}],"display":{"head":{"translation":[0.0,-47.265327,0.0],"scale":[4.0,4.0,4.0]}}}