{"textures":{"0":"modelengine:entity/cizha_the_scarecrow"},"elements":[{"from":[4.938484,-9.1428585,4.8571424],"to":[11.224199,8.0,11.142858],"rotation":{"angle":0.0,"axis":"y","origin":[8.081342,-0.57142925,8.0]},"faces":{"east":{"uv":[3.8125,7.875,3.46875,8.8125],"rotation":0,"texture":"#0","tintindex":0},"south":{"uv":[4.15625,7.84375,3.8125,8.78125],"rotation":0,"texture":"#0","tintindex":0},"north":{"uv":[3.8125,7.84375,4.15625,8.78125],"rotation":0,"texture":"#0","tintindex":0},"west":{"uv":[3.46875,7.875,3.8125,8.8125],"rotation":0,"texture":"#0","tintindex":0},"up":{"uv":[4.15625,8.1875,3.8125,7.84375],"rotation":0,"texture":"#0","tintindex":0},"down":{"uv":[4.15625,8.4375,3.8125,8.78125],"rotation":0,"texture":"#0","tintindex":0}}}],"display":{"head":{"translation":[0.0,-6.4,0.0],"scale":[4.0,4.0,4.0]}}}