{"textures":{"0":"modelengine:entity/cizha_the_scarecrow"},"elements":[{"from":[-3.9333334,12.8032055,-3.4298916],"to":[20.066668,12.860349,19.427252],"rotation":{"angle":0.0,"axis":"y","origin":[8.033334,11.428572,7.99934]},"faces":{"east":{"uv":[14.4375,13.375,15.90625,14.78125],"rotation":0,"texture":"#0","tintindex":0},"south":{"uv":[14.0625,13.40625,15.84375,14.8125],"rotation":0,"texture":"#0","tintindex":0},"north":{"uv":[14.375,13.46875,14.90625,14.03125],"rotation":0,"texture":"#0","tintindex":0},"west":{"uv":[13.9375,13.25,15.40625,14.65625],"rotation":0,"texture":"#0","tintindex":0},"up":{"uv":[0.25,1.90625,1.5625,3.15625],"rotation":0,"texture":"#0","tintindex":0},"down":{"uv":[0.25,3.15625,1.5625,1.90625],"rotation":0,"texture":"#0","tintindex":0}}},{"from":[5.142857,7.0,5.142857],"to":[10.857143,11.0,10.857143],"rotation":{"angle":0.0,"axis":"y","origin":[8.033334,11.428572,7.99934]},"faces":{"east":{"uv":[6.40625,1.09375,6.71875,1.3125],"rotation":0,"texture":"#0","tintindex":0},"south":{"uv":[6.71875,1.09375,6.40625,1.3125],"rotation":0,"texture":"#0","tintindex":0},"north":{"uv":[6.40625,1.09375,6.71875,1.3125],"rotation":0,"texture":"#0","tintindex":0},"west":{"uv":[6.71875,1.09375,6.40625,1.3125],"rotation":0,"texture":"#0","tintindex":0},"up":{"uv":[3.5625,7.21875,3.25,6.90625],"rotation":0,"texture":"#0","tintindex":0},"down":{"uv":[3.5625,6.90625,3.25,7.21875],"rotation":0,"texture":"#0","tintindex":0}}},{"from":[4.0,11.0,4.0],"to":[12.0,16.714287,12.0],"rotation":{"angle":0.0,"axis":"y","origin":[8.033334,11.428572,7.99934]},"faces":{"east":{"uv":[8.6875,6.6875,9.125,7.0],"rotation":0,"texture":"#0","tintindex":0},"south":{"uv":[9.125,6.6875,8.6875,7.0],"rotation":0,"texture":"#0","tintindex":0},"north":{"uv":[8.6875,6.6875,9.125,7.0],"rotation":0,"texture":"#0","tintindex":0},"west":{"uv":[9.125,6.6875,8.6875,7.0],"rotation":0,"texture":"#0","tintindex":0},"up":{"uv":[9.0625,0.4375,8.625,0.0],"rotation":0,"texture":"#0","tintindex":0},"down":{"uv":[9.0625,0.0,8.625,0.4375],"rotation":0,"texture":"#0","tintindex":0}}}],"display":{"head":{"translation":[0.0,-6.4,0.0],"scale":[4.0,4.0,4.0]}}}