{"textures":{"0":"modelengine:entity/cizha_the_scarecrow"},"elements":[{"from":[2.6527696,-15.890663,8.928347],"to":[14.081342,-5.0335197,8.98549],"rotation":{"angle":-22.5,"axis":"x","origin":[8.154957,0.41095734,8.013253]},"faces":{"east":{"uv":[14.71875,14.71875,14.09375,15.3125],"rotation":0,"texture":"#0","tintindex":0},"south":{"uv":[3.4375,7.21875,2.8125,7.8125],"rotation":0,"texture":"#0","tintindex":0},"north":{"uv":[3.4375,7.21875,2.8125,7.8125],"rotation":0,"texture":"#0","tintindex":0},"west":{"uv":[14.78125,14.71875,14.15625,15.3125],"rotation":0,"texture":"#0","tintindex":0},"up":{"uv":[14.78125,14.6875,14.3125,15.15625],"rotation":0,"texture":"#0","tintindex":0},"down":{"uv":[14.84375,15.03125,14.46875,14.65625],"rotation":0,"texture":"#0","tintindex":0}}},{"from":[6.9187546,-16.0,3.0824952],"to":[6.9758973,-5.1428566,14.511067],"rotation":{"angle":-22.5,"axis":"z","origin":[8.154957,0.41095734,8.013253]},"faces":{"east":{"uv":[3.4375,7.21875,2.8125,7.8125],"rotation":0,"texture":"#0","tintindex":0},"south":{"uv":[14.71875,14.71875,14.09375,15.3125],"rotation":0,"texture":"#0","tintindex":0},"north":{"uv":[14.78125,14.71875,14.15625,15.3125],"rotation":0,"texture":"#0","tintindex":0},"west":{"uv":[3.4375,7.21875,2.8125,7.8125],"rotation":0,"texture":"#0","tintindex":0},"up":{"uv":[14.78125,14.6875,14.3125,15.15625],"rotation":90,"texture":"#0","tintindex":0},"down":{"uv":[14.84375,15.03125,14.46875,14.65625],"rotation":270,"texture":"#0","tintindex":0}}},{"from":[9.334016,-16.0,3.0824952],"to":[9.391158,-5.1428566,14.511067],"rotation":{"angle":22.5,"axis":"z","origin":[8.154957,0.41095734,8.013253]},"faces":{"east":{"uv":[2.8125,7.21875,3.4375,7.8125],"rotation":0,"texture":"#0","tintindex":0},"south":{"uv":[14.09375,14.71875,14.71875,15.3125],"rotation":0,"texture":"#0","tintindex":0},"north":{"uv":[14.15625,14.71875,14.78125,15.3125],"rotation":0,"texture":"#0","tintindex":0},"west":{"uv":[2.8125,7.21875,3.4375,7.8125],"rotation":0,"texture":"#0","tintindex":0},"up":{"uv":[14.78125,15.15625,14.3125,14.6875],"rotation":90,"texture":"#0","tintindex":0},"down":{"uv":[14.84375,14.65625,14.46875,15.03125],"rotation":270,"texture":"#0","tintindex":0}}},{"from":[2.6527696,-15.890663,7.041017],"to":[14.081342,-5.0335197,7.09816],"rotation":{"angle":22.5,"axis":"x","origin":[8.154957,0.41095734,8.013253]},"faces":{"east":{"uv":[14.09375,14.71875,14.71875,15.3125],"rotation":0,"texture":"#0","tintindex":0},"south":{"uv":[2.8125,7.21875,3.4375,7.8125],"rotation":0,"texture":"#0","tintindex":0},"north":{"uv":[2.8125,7.21875,3.4375,7.8125],"rotation":0,"texture":"#0","tintindex":0},"west":{"uv":[14.15625,14.71875,14.78125,15.3125],"rotation":0,"texture":"#0","tintindex":0},"up":{"uv":[14.78125,15.15625,14.3125,14.6875],"rotation":0,"texture":"#0","tintindex":0},"down":{"uv":[14.84375,14.65625,14.46875,15.03125],"rotation":0,"texture":"#0","tintindex":0}}},{"from":[4.367056,-4.761923,4.285714],"to":[11.795628,2.666648,11.714286],"rotation":{"angle":0.0,"axis":"y","origin":[8.154957,0.41095734,8.013253]},"faces":{"east":{"uv":[4.5625,5.96875,4.96875,6.375],"rotation":0,"texture":"#0","tintindex":0},"south":{"uv":[4.96875,5.96875,4.5625,6.375],"rotation":0,"texture":"#0","tintindex":0},"north":{"uv":[4.5625,5.96875,4.96875,6.375],"rotation":0,"texture":"#0","tintindex":0},"west":{"uv":[4.96875,5.96875,4.5625,6.375],"rotation":0,"texture":"#0","tintindex":0},"up":{"uv":[3.96875,2.09375,3.5625,1.6875],"rotation":0,"texture":"#0","tintindex":0},"down":{"uv":[3.96875,1.6875,3.5625,2.09375],"rotation":0,"texture":"#0","tintindex":0}}},{"from":[4.938484,1.5237904,4.8571424],"to":[11.224199,18.666649,11.142858],"rotation":{"angle":0.0,"axis":"y","origin":[8.154957,0.41095734,8.013253]},"faces":{"east":{"uv":[3.8125,7.875,3.46875,8.8125],"rotation":0,"texture":"#0","tintindex":0},"south":{"uv":[4.15625,7.84375,3.8125,8.78125],"rotation":0,"texture":"#0","tintindex":0},"north":{"uv":[3.8125,7.84375,4.15625,8.78125],"rotation":0,"texture":"#0","tintindex":0},"west":{"uv":[3.46875,7.875,3.8125,8.8125],"rotation":0,"texture":"#0","tintindex":0},"up":{"uv":[3.8125,8.21875,3.46875,7.875],"rotation":0,"texture":"#0","tintindex":0},"down":{"uv":[3.8125,7.875,3.46875,8.21875],"rotation":0,"texture":"#0","tintindex":0}}}],"display":{"head":{"translation":[0.0,-45.066597,0.0],"scale":[4.0,4.0,4.0]}}}