{
	"credit": "Made by samus2002",
	"textures": {
		"0": "necromancer_texture/necromancer_staff_shiny",
		"1": "necromancer_texture/eternal_fire_fx",
		"particle": "necromancer_texture/necromancer_staff_shiny"
	},
	"elements": [
		{
			"from": [7.264, -9.87914, 8],
			"to": [8.736, 18.82486, 9.472],
			"rotation": {"angle": 0, "axis": "y", "origin": [8, 8, 8]},
			"faces": {
				"north": {"uv": [0.627, 4.002, 0.748, 6.4355], "texture": "#0"},
				"east": {"uv": [0.8145, 4.002, 0.9355, 6.4355], "texture": "#0"},
				"south": {"uv": [1.002, 4.002, 1.123, 6.4355], "texture": "#0"},
				"west": {"uv": [1.1895, 4.002, 1.3105, 6.4355], "texture": "#0"},
				"up": {"uv": [1.9355, 4.498, 1.8145, 4.377], "texture": "#0"},
				"down": {"uv": [5.498, 0.9395, 5.377, 1.0605], "texture": "#0"}
			}
		},
		{
			"from": [-6.25218, 15.84375, 8],
			"to": [-2.57218, 17.31575, 9.472],
			"rotation": {"angle": -45, "axis": "z", "origin": [8, 8, 8]},
			"faces": {
				"north": {"uv": [5.752, 0.4395, 6.0605, 0.5605], "texture": "#0"},
				"east": {"uv": [6.8145, 1.0645, 6.9355, 1.1855], "texture": "#0"},
				"south": {"uv": [6.3145, 3.1895, 6.623, 3.3105], "texture": "#0"},
				"west": {"uv": [3.127, 7.377, 3.248, 7.498], "texture": "#0"},
				"up": {"uv": [7.5605, 4.0605, 7.252, 3.9395], "texture": "#0"},
				"down": {"uv": [7.5605, 4.127, 7.252, 4.248], "texture": "#0"}
			}
		},
		{
			"from": [6.528, 16.61686, 6.528],
			"to": [9.472, 18.82486, 8],
			"rotation": {"angle": 0, "axis": "y", "origin": [8, 8, 8]},
			"faces": {
				"north": {"uv": [0.3145, 7.0645, 0.5605, 7.248], "texture": "#0"},
				"east": {"uv": [3.3145, 2.127, 3.4355, 2.3105], "texture": "#0"},
				"south": {"uv": [1.377, 7.0645, 1.623, 7.248], "texture": "#0"},
				"west": {"uv": [3.8145, 5.8145, 3.9355, 5.998], "texture": "#0"},
				"up": {"uv": [7.5605, 1.1855, 7.3145, 1.0645], "texture": "#0"},
				"down": {"uv": [1.498, 7.3145, 1.252, 7.4355], "texture": "#0"}
			}
		},
		{
			"from": [5.424, -15.03114, 8.736],
			"to": [10.576, -3.25514, 8.736],
			"rotation": {"angle": 0, "axis": "y", "origin": [8, 8, 8]},
			"faces": {
				"north": {"uv": [3.002, 2.377, 3.4355, 3.373], "texture": "#0"},
				"east": {"uv": [1.627, 7.5645, 1.627, 8.5605], "texture": "#0"},
				"south": {"uv": [3.4355, 2.377, 3.002, 3.373], "texture": "#0"},
				"west": {"uv": [3.627, 7.5645, 3.627, 8.5605], "texture": "#0"},
				"up": {"uv": [4.498, 3.377, 4.0645, 3.377], "texture": "#0"},
				"down": {"uv": [6.623, 2.0645, 6.1895, 2.0645], "texture": "#0"}
			}
		},
		{
			"from": [5.792, 18.82486, 6.528],
			"to": [10.208, 23.24086, 10.944],
			"rotation": {"angle": 0, "axis": "y", "origin": [8, 8, 8]},
			"faces": {
				"north": {"uv": [4.5645, 5.4395, 4.9355, 5.8105], "texture": "#0"},
				"east": {"uv": [1.377, 5.5645, 1.748, 5.9355], "texture": "#0"},
				"south": {"uv": [5.5645, 1.377, 5.9355, 1.748], "texture": "#0"},
				"west": {"uv": [5.5645, 3.0645, 5.9355, 3.4355], "texture": "#0"},
				"up": {"uv": [4.373, 5.998, 4.002, 5.627], "texture": "#0"},
				"down": {"uv": [6.123, 0.002, 5.752, 0.373], "texture": "#0"}
			}
		},
		{
			"from": [-1.85596, 21.15356, 8.368],
			"to": [-1.11996, 24.09756, 9.104],
			"rotation": {"angle": -22.5, "axis": "z", "origin": [8, 8, 8]},
			"faces": {
				"north": {"uv": [0.627, 3.6895, 0.6855, 3.9355], "texture": "#0"},
				"east": {"uv": [1.377, 4.002, 1.4355, 4.248], "texture": "#0"},
				"south": {"uv": [3.877, 4.1895, 3.9355, 4.4355], "texture": "#0"},
				"west": {"uv": [4.8145, 0.002, 4.873, 0.248], "texture": "#0"},
				"up": {"uv": [2.498, 1.6855, 2.4395, 1.627], "texture": "#0"},
				"down": {"uv": [3.248, 1.502, 3.1895, 1.5605], "texture": "#0"}
			}
		},
		{
			"from": [17.11996, 21.15356, 8.368],
			"to": [17.85596, 24.09756, 9.104],
			"rotation": {"angle": 22.5, "axis": "z", "origin": [8, 8, 8]},
			"faces": {
				"north": {"uv": [3.502, 5.252, 3.5605, 5.498], "texture": "#0"},
				"east": {"uv": [1.6895, 6.002, 1.748, 6.248], "texture": "#0"},
				"south": {"uv": [4.3145, 6.0645, 4.373, 6.3105], "texture": "#0"},
				"west": {"uv": [1.9395, 6.8145, 1.998, 7.0605], "texture": "#0"},
				"up": {"uv": [3.998, 1.4355, 3.9395, 1.377], "texture": "#0"},
				"down": {"uv": [2.5605, 4.5645, 2.502, 4.623], "texture": "#0"}
			}
		},
		{
			"from": [18.57218, 15.84375, 8],
			"to": [22.25218, 17.31575, 9.472],
			"rotation": {"angle": 45, "axis": "z", "origin": [8, 8, 8]},
			"faces": {
				"north": {"uv": [7.252, 4.3145, 7.5605, 4.4355], "texture": "#0"},
				"east": {"uv": [3.3145, 7.377, 3.4355, 7.498], "texture": "#0"},
				"south": {"uv": [7.252, 4.502, 7.5605, 4.623], "texture": "#0"},
				"west": {"uv": [3.502, 7.377, 3.623, 7.498], "texture": "#0"},
				"up": {"uv": [7.5605, 5.248, 7.252, 5.127], "texture": "#0"},
				"down": {"uv": [7.5605, 5.3145, 7.252, 5.4355], "texture": "#0"}
			}
		},
		{
			"from": [2.112, 17.35286, 8.736],
			"to": [13.888, 29.12886, 8.736],
			"rotation": {"angle": 0, "axis": "y", "origin": [8, 8, 8]},
			"faces": {
				"north": {"uv": [15.998, 0.002, 0.002, 15.998], "texture": "#1"},
				"east": {"uv": [0.002, 14.5645, 1.998, 15.5605], "texture": "#1"},
				"south": {"uv": [0.002, 0.002, 15.998, 15.998], "texture": "#1"},
				"west": {"uv": [0.002, 14.5645, 1.998, 15.5605], "texture": "#1"},
				"up": {"uv": [0.002, 14.5645, 1.998, 15.5605], "texture": "#1"},
				"down": {"uv": [0.002, 14.5645, 1.998, 15.5605], "texture": "#1"}
			}
		},
		{
			"from": [6.896, 1.89686, 7.632],
			"to": [9.104, 13.67286, 9.84],
			"rotation": {"angle": 0, "axis": "y", "origin": [8, 8, 8]},
			"faces": {
				"north": {"uv": [2.252, 4.5645, 2.4355, 5.5605], "texture": "#0"},
				"east": {"uv": [4.3145, 4.5645, 4.498, 5.5605], "texture": "#0"},
				"south": {"uv": [4.6895, 0.502, 4.873, 1.498], "texture": "#0"},
				"west": {"uv": [2.502, 4.6895, 2.6855, 5.6855], "texture": "#0"},
				"up": {"uv": [6.748, 7.3105, 6.5645, 7.127], "texture": "#0"},
				"down": {"uv": [1.873, 7.252, 1.6895, 7.4355], "texture": "#0"}
			}
		}
	],
	"gui_light": "front",
	"display": {
		"thirdperson_righthand": {
			"rotation": [0, -90, 0],
			"translation": [0.75, -1, 2],
			"scale": [1.15, 1.15, 1.15]
		},
		"thirdperson_lefthand": {
			"rotation": [0, -90, 0],
			"translation": [0.75, -1, 2],
			"scale": [1.15, 1.15, 1.15]
		},
		"firstperson_righthand": {
			"rotation": [0, -90, 0],
			"translation": [1.75, -0.5, 0.5],
			"scale": [1.15, 1.15, 1.15]
		},
		"firstperson_lefthand": {
			"rotation": [0, -90, 0],
			"translation": [1.75, -0.5, 0.5],
			"scale": [1.15, 1.15, 1.15]
		},
		"ground": {
			"rotation": [90, 0, 0],
			"scale": [1.15, 1.15, 1.15]
		},
		"gui": {
			"rotation": [0, 180, 45],
			"translation": [-0.25, -0.25, -0.75],
			"scale": [0.45, 0.45, 0.45]
		},
		"fixed": {
			"rotation": [0, 0, 45],
			"translation": [0.5, -0.5, -0.75],
			"scale": [0.6, 0.6, 0.6]
		}
	},
	"groups": [
		{
			"name": "staff",
			"origin": [33.6, 8.81332, 8.64],
			"rotation": [-78.9981, 0.79169, -38.51196],
			"color": 0,
			"boneType": "",
			"children": [0, 1, 2, 3, 4, 5, 6, 7, 8, 9]
		}
	]
}