{
    "parent": "custom:shield/amerboro_shield",
    "display": {
		"thirdperson_righthand": {
			"rotation":  [ 30, -45, 0 ],
			"translation":  [ 1, -1, -1 ],
			"scale":  [ 1.01, 1.01, 1.01 ]
		},
		"thirdperson_lefthand": {
			"rotation":  [ 30, -45, 0 ],
			"translation":  [ 1, -1, -1 ],
			"scale":  [ 1.01, 1.01, 1.01 ]
		},
		"firstperson_righthand": {
			"rotation":  [ 10, 0, 15 ],
			"translation":  [ -3, 0, 1 ],
			"scale":  [ 0.78, 0.78, 0.78 ]
		},
		"gui": {
			"rotation":  [ 0, -180, 0 ]
		},
		"head": {
			"translation":  [ 0, 6, -7 ]
		},
		"ground": {
			"translation":  [ 0, 2, 0 ],
			"scale":  [ 0.5, 0.5, 0.5 ]
		}
	},
	"overrides": [
	]
}