{
  "credit": "Made with Blockbench",
  "parent": "models/item/shield",
  "ambientocclusion": false,
  "textures": {
    "back": "custom:shield/centurion_buckler_shield_shape",
    "base": "custom:shield/centurion_shield"
  },
  "elements": [
    {
      "name": "Shield",
      "from": [
        0,
        6,
        7
      ],
      "to": [
        12,
        22,
        8
      ],
      "faces": {
        "north": {
          "uv": [
            2,
            1,
            14,
            15
          ],
          "texture": "#base"
        },
        "east": {
          "uv": [
            13,
            1,
            14,
            15
          ],
          "texture": "#base"
        },
        "south": {
          "uv": [
            2,
            1,
            14,
            15
          ],
          "texture": "#back"
        },
        "west": {
          "uv": [
            2,
            1,
            3,
            15
          ],
          "texture": "#base"
        },
        "up": {
          "uv": [
            2,
            1,
            14,
            2
          ],
          "texture": "#base"
        },
        "down": {
          "uv": [
            2,
            14,
            14,
            15
          ],
          "rotation": 180,
          "texture": "#base"
        }
      }
    },
    {
      "name": "Shield TOP",
      "from": [
        1,
        22,
        7
      ],
      "to": [
        11,
        23,
        8
      ],
      "faces": {
        "north": {
          "uv": [
            3,
            0,
            13,
            1
          ],
          "texture": "#base"
        },
        "east": {
          "uv": [
            11.55556,
            0,
            12.55556,
            1
          ],
          "texture": "#base"
        },
        "south": {
          "uv": [
            3,
            0,
            13,
            1
          ],
          "texture": "#back"
        },
        "west": {
          "uv": [
            3.55556,
            0,
            4.55556,
            1
          ],
          "texture": "#base"
        },
        "up": {
          "uv": [
            3.55556,
            0,
            12.44444,
            0.88889
          ],
          "rotation": 180,
          "texture": "#base"
        }
      }
    },
    {
      "name": "Shield BOTTOM",
      "from": [
        1,
        5,
        7
      ],
      "to": [
        11,
        6,
        8
      ],
      "faces": {
        "north": {
          "uv": [
            3,
            15,
            13,
            16
          ],
          "texture": "#base"
        },
        "east": {
          "uv": [
            12,
            15,
            13,
            16
          ],
          "texture": "#base"
        },
        "south": {
          "uv": [
            3,
            15,
            13,
            16
          ],
          "texture": "#back"
        },
        "west": {
          "uv": [
            3,
            15,
            4,
            16
          ],
          "texture": "#base"
        },
        "down": {
          "uv": [
            3,
            15,
            13,
            16
          ],
          "texture": "#base"
        }
      }
    }
  ],
  "gui_light": "front",
  "overrides": [],
  "display": {
    "thirdperson_righthand": {
      "rotation": [
        68.5,
        -26,
        1
      ],
      "translation": [
        3.25,
        -3.75,
        -6.25
      ],
      "scale": [
        1.01,
        1.01,
        1.01
      ]
    },
    "thirdperson_lefthand": {
      "rotation": [
        68.5,
        -26,
        1
      ],
      "translation": [
        -1,
        -2,
        -7
      ],
      "scale": [
        1.01,
        1.01,
        1.01
      ]
    },
    "firstperson_righthand": {
      "translation": [
        0,
        -6.75,
        2
      ],
      "scale": [
        0.78,
        0.78,
        0.78
      ]
    },
    "firstperson_lefthand": {
      "translation": [
        -3,
        -6.75,
        2
      ],
      "scale": [
        0.78,
        0.78,
        0.78
      ]
    },
    "ground": {
      "translation": [
        0,
        -0.75,
        0
      ],
      "scale": [
        0.5,
        0.5,
        0.5
      ]
    },
    "gui": {
      "rotation": [
        0,
        -180,
        0
      ],
      "translation": [
        -1.25,
        -5.25,
        0
      ],
      "scale": [
        0.89,
        0.89,
        0.89
      ]
    },
    "fixed": {
      "translation": [
        2,
        -5.75,
        0
      ]
    }
  }
}