{"credit":"MadewithBlockbench","textures":{"0":"balloon:item/negro","1":"balloon:item/blanco","particle":"balloon:item/negro"},"elements":[{"from":[8,4,7],"to":[9,6,8],"faces":{"north":{"uv":[0,0,1,2],"texture":"#0"},"east":{"uv":[0,0,1,2],"texture":"#0"},"south":{"uv":[0,0,1,2],"texture":"#0"},"west":{"uv":[0,0,1,2],"texture":"#0"},"up":{"uv":[0,0,1,1],"texture":"#0"},"down":{"uv":[0,0,1,1],"texture":"#0"}}},{"from":[7,2,7],"to":[8,4,8],"faces":{"north":{"uv":[0,0,1,2],"texture":"#0"},"east":{"uv":[0,0,1,2],"texture":"#0"},"south":{"uv":[0,0,1,2],"texture":"#0"},"west":{"uv":[0,0,1,2],"texture":"#0"},"up":{"uv":[0,0,1,1],"texture":"#0"},"down":{"uv":[0,0,1,1],"texture":"#0"}}},{"from":[7,0,8],"to":[8,2,9],"faces":{"north":{"uv":[0,0,1,2],"texture":"#0"},"east":{"uv":[0,0,1,2],"texture":"#0"},"south":{"uv":[0,0,1,2],"texture":"#0"},"west":{"uv":[0,0,1,2],"texture":"#0"},"up":{"uv":[0,0,1,1],"texture":"#0"},"down":{"uv":[0,0,1,1],"texture":"#0"}}},{"from":[8,6,8],"to":[9,8,9],"faces":{"north":{"uv":[0,0,1,2],"texture":"#0"},"east":{"uv":[0,0,1,2],"texture":"#0"},"south":{"uv":[0,0,1,2],"texture":"#0"},"west":{"uv":[0,0,1,2],"texture":"#0"},"up":{"uv":[0,0,1,1],"texture":"#0"},"down":{"uv":[0,0,1,1],"texture":"#0"}}},{"from":[6,10,6],"to":[12,14,10],"faces":{"north":{"uv":[0,0,6,4],"texture":"#1","tintindex":0},"east":{"uv":[0,0,4,4],"texture":"#1","tintindex":0},"south":{"uv":[0,0,6,4],"texture":"#1","tintindex":0},"west":{"uv":[0,0,4,4],"texture":"#1","tintindex":0},"up":{"uv":[0,0,6,4],"texture":"#1","tintindex":0},"down":{"uv":[0,0,6,4],"texture":"#1","tintindex":0}}},{"from":[6,10,4],"to":[10,14,8],"faces":{"north":{"uv":[0,0,4,4],"texture":"#1","tintindex":0},"east":{"uv":[0,0,4,4],"texture":"#1","tintindex":0},"south":{"uv":[0,0,4,4],"texture":"#1","tintindex":0},"west":{"uv":[0,0,4,4],"texture":"#1","tintindex":0},"up":{"uv":[0,0,4,4],"texture":"#1","tintindex":0},"down":{"uv":[0,0,4,4],"texture":"#1","tintindex":0}}},{"from":[6,10,8],"to":[10,14,12],"faces":{"north":{"uv":[0,0,4,4],"texture":"#1","tintindex":0},"east":{"uv":[0,0,4,4],"texture":"#1","tintindex":0},"south":{"uv":[0,0,4,4],"texture":"#1","tintindex":0},"west":{"uv":[0,0,4,4],"texture":"#1","tintindex":0},"up":{"uv":[0,0,4,4],"texture":"#1","tintindex":0},"down":{"uv":[0,0,4,4],"texture":"#1","tintindex":0}}},{"from":[5,9,5],"to":[11,15,11],"faces":{"north":{"uv":[0,0,6,6],"texture":"#1","tintindex":0},"east":{"uv":[0,0,6,6],"texture":"#1","tintindex":0},"south":{"uv":[0,0,6,6],"texture":"#1","tintindex":0},"west":{"uv":[0,0,6,6],"texture":"#1","tintindex":0},"up":{"uv":[0,0,6,6],"texture":"#1","tintindex":0},"down":{"uv":[0,0,6,6],"texture":"#1","tintindex":0}}},{"from":[4,10,6],"to":[10,14,10],"faces":{"north":{"uv":[0,0,6,4],"texture":"#1","tintindex":0},"east":{"uv":[0,0,4,4],"texture":"#1","tintindex":0},"south":{"uv":[0,0,6,4],"texture":"#1","tintindex":0},"west":{"uv":[0,0,4,4],"texture":"#1","tintindex":0},"up":{"uv":[0,0,6,4],"texture":"#1","tintindex":0},"down":{"uv":[0,0,6,4],"texture":"#1","tintindex":0}}},{"from":[6,12,6],"to":[10,16,10],"faces":{"north":{"uv":[0,0,4,4],"texture":"#1","tintindex":0},"east":{"uv":[0,0,4,4],"texture":"#1","tintindex":0},"south":{"uv":[0,0,4,4],"texture":"#1","tintindex":0},"west":{"uv":[0,0,4,4],"texture":"#1","tintindex":0},"up":{"uv":[0,0,4,4],"texture":"#1","tintindex":0},"down":{"uv":[0,0,4,4],"texture":"#1","tintindex":0}}},{"from":[6,8,6],"to":[10,12,10],"faces":{"north":{"uv":[0,0,4,4],"texture":"#1","tintindex":0},"east":{"uv":[0,0,4,4],"texture":"#1","tintindex":0},"south":{"uv":[0,0,4,4],"texture":"#1","tintindex":0},"west":{"uv":[0,0,4,4],"texture":"#1","tintindex":0},"up":{"uv":[0,0,4,4],"texture":"#1","tintindex":0},"down":{"uv":[0,0,4,4],"texture":"#1","tintindex":0}}}],"display":{"thirdperson_righthand":{"translation":[0,5,-1.25],"scale":[1,0.96,1]},"thirdperson_lefthand":{"translation":[0,5,-1.25],"scale":[1,0.96,1]},"firstperson_righthand":{"translation":[0,5.25,0]},"firstperson_lefthand":{"translation":[0,5,0]},"ground":{"translation":[0,3.75,0]},"gui":{"rotation":[0,38.5,0]},"head":{"translation":[0,-4,0],"scale":[2.81055,2.81055,2.81055]},"fixed":{"translation":[0,0,-1.5]}},"groups":[{"name":"group","origin":[0,0,0],"color":0,"children":[0,1,2,3]},{"name":"group","origin":[0,0,0],"color":0,"children":[4,5,6,7,8,9,10]}]}