{"textures":{"0":"modelengine:entity/charleskingspaniel"},"elements":[{"from":[6.5714283,6.928571,7.535714],"to":[9.428572,10.071428,10.392858],"rotation":{"angle":0.0,"axis":"y","origin":[8.0,7.857143,8.142858]},"faces":{"east":{"uv":[4.008,0.008,5.242,1.375],"rotation":0,"texture":"#0","tintindex":0},"south":{"uv":[4.008,1.758,5.242,3.125],"rotation":0,"texture":"#0","tintindex":0},"north":{"uv":[0.008,3.008,1.242,4.375],"rotation":0,"texture":"#0","tintindex":0},"west":{"uv":[4.008,3.508,5.242,4.875],"rotation":0,"texture":"#0","tintindex":0},"up":{"uv":[4.242,6.492,3.008,5.258],"rotation":0,"texture":"#0","tintindex":0},"down":{"uv":[5.742,5.258,4.508,6.492],"rotation":0,"texture":"#0","tintindex":0}}},{"from":[6.857143,6.928571,10.392858],"to":[9.142858,8.642858,11.107143],"rotation":{"angle":0.0,"axis":"y","origin":[8.0,7.857143,8.142858]},"faces":{"east":{"uv":[8.008,9.508,8.375,10.242],"rotation":0,"texture":"#0","tintindex":0},"south":{"uv":[6.758,2.508,7.742,3.242],"rotation":0,"texture":"#0","tintindex":0},"north":{"uv":[2.008,6.758,2.992,7.492],"rotation":0,"texture":"#0","tintindex":0},"west":{"uv":[9.758,0.008,10.125,0.742],"rotation":0,"texture":"#0","tintindex":0},"up":{"uv":[9.742,2.625,8.758,2.258],"rotation":0,"texture":"#0","tintindex":0},"down":{"uv":[9.742,3.008,8.758,3.375],"rotation":0,"texture":"#0","tintindex":0}}}],"display":{"head":{"translation":[0.0,-6.4,0.0],"scale":[4.0,4.0,4.0]}}}