{"textures":{"0":"modelengine:entity/charleskingspaniel"},"elements":[{"from":[7.4214287,7.5714283,7.642857],"to":[8.578571,8.142858,8.785714],"rotation":{"angle":0.0,"axis":"y","origin":[8.0,8.0,8.071428]},"faces":{"east":{"uv":[10.758,2.758,11.242,2.992],"rotation":0,"texture":"#0","tintindex":0},"south":{"uv":[10.758,3.258,11.242,3.492],"rotation":0,"texture":"#0","tintindex":0},"north":{"uv":[10.758,2.258,11.242,2.492],"rotation":0,"texture":"#0","tintindex":0},"west":{"uv":[10.758,3.758,11.242,3.992],"rotation":0,"texture":"#0","tintindex":0},"up":{"uv":[5.242,10.742,4.758,10.258],"rotation":0,"texture":"#0","tintindex":0},"down":{"uv":[5.992,10.258,5.508,10.742],"rotation":0,"texture":"#0","tintindex":0}}}],"display":{"head":{"translation":[0.0,-6.4,0.0],"scale":[4.0,4.0,4.0]}}}