{"textures":{"0":"modelengine:entity/charleskingspaniel"},"elements":[{"from":[7.714286,4.428571,7.142857],"to":[8.285714,8.142858,8.857143],"rotation":{"angle":0.0,"axis":"y","origin":[9.142858,8.0,8.0]},"faces":{"east":{"uv":[1.508,3.008,2.242,4.625],"rotation":0,"texture":"#0","tintindex":0},"south":{"uv":[0.758,8.508,0.992,10.125],"rotation":0,"texture":"#0","tintindex":0},"north":{"uv":[8.258,2.508,8.492,4.125],"rotation":0,"texture":"#0","tintindex":0},"west":{"uv":[6.008,6.008,6.742,7.625],"rotation":0,"texture":"#0","tintindex":0},"up":{"uv":[6.992,4.242,6.758,3.508],"rotation":0,"texture":"#0","tintindex":0},"down":{"uv":[6.492,9.258,6.258,9.992],"rotation":0,"texture":"#0","tintindex":0}}}],"display":{"head":{"translation":[0.0,-6.4,0.0],"scale":[4.0,4.0,4.0]}}}