{"textures":{"0":"modelengine:entity/charleskingspaniel"},"elements":[{"from":[7.45,6.8980722,7.5285516],"to":[8.55,8.183786,8.671409],"rotation":{"angle":-22.5,"axis":"x","origin":[7.9964285,7.879415,8.087611]},"faces":{"east":{"uv":[9.742,9.258,9.258,9.875],"rotation":0,"texture":"#0","tintindex":0},"south":{"uv":[9.742,8.258,9.258,8.875],"rotation":0,"texture":"#0","tintindex":0},"north":{"uv":[5.242,9.258,4.758,9.875],"rotation":0,"texture":"#0","tintindex":0},"west":{"uv":[5.992,9.258,5.508,9.875],"rotation":0,"texture":"#0","tintindex":0},"up":{"uv":[10.008,2.242,10.492,1.758],"rotation":0,"texture":"#0","tintindex":0},"down":{"uv":[10.008,2.508,10.492,2.992],"rotation":0,"texture":"#0","tintindex":0}}}],"display":{"head":{"translation":[0.0,-6.4,0.0],"scale":[4.0,4.0,4.0]}}}