{"textures":{"0":"modelengine:entity/charleskingspaniel"},"elements":[{"from":[7.428571,7.790261,6.939329],"to":[8.571428,8.647404,8.082187],"rotation":{"angle":-22.5,"axis":"x","origin":[8.0,8.190494,8.450261]},"faces":{"east":{"uv":[9.258,3.758,9.742,4.125],"rotation":0,"texture":"#0","tintindex":0},"south":{"uv":[0.758,10.508,1.242,10.875],"rotation":0,"texture":"#0","tintindex":0},"north":{"uv":[10.508,0.008,10.992,0.375],"rotation":0,"texture":"#0","tintindex":0},"west":{"uv":[8.758,5.508,9.242,5.875],"rotation":0,"texture":"#0","tintindex":0},"up":{"uv":[5.742,7.742,5.258,7.258],"rotation":0,"texture":"#0","tintindex":0},"down":{"uv":[8.492,1.758,8.008,2.242],"rotation":0,"texture":"#0","tintindex":0}}}],"display":{"head":{"translation":[0.0,-6.4,0.0],"scale":[4.0,4.0,4.0]}}}