{"textures":{"0":"modelengine:entity/charleskingspaniel"},"elements":[{"from":[6.5642858,7.142857,6.5714283],"to":[9.435715,10.0,11.714286],"rotation":{"angle":0.0,"axis":"y","origin":[8.0,8.195437,9.6506405]},"faces":{"east":{"uv":[0.008,0.008,2.242,1.242],"rotation":0,"texture":"#0","tintindex":0},"south":{"uv":[1.508,5.008,2.742,6.242],"rotation":0,"texture":"#0","tintindex":0},"north":{"uv":[0.008,4.758,1.242,5.992],"rotation":0,"texture":"#0","tintindex":0},"west":{"uv":[0.008,1.508,2.242,2.742],"rotation":0,"texture":"#0","tintindex":0},"up":{"uv":[3.742,2.242,2.508,0.008],"rotation":0,"texture":"#0","tintindex":0},"down":{"uv":[3.742,2.508,2.508,4.742],"rotation":0,"texture":"#0","tintindex":0}}}],"display":{"head":{"translation":[0.0,-6.4,0.0],"scale":[4.0,4.0,4.0]}}}