{
	"credit": "Made with Blockbench",
	"texture_size": [32, 32],
	"textures": {
		"0": "snight_cosmetics_v1/dog_tail",
		"particle": "snight_cosmetics_v1/dog_tail"
	},
	"elements": [
		{
			"from": [7, 0, 0],
			"to": [7, 12, 13],
			"faces": {
				"north": {"uv": [0, 0, 0, 6], "texture": "#0"},
				"east": {"uv": [0, 0, 6.5, 6], "texture": "#0"},
				"south": {"uv": [0, 0, 0, 6], "texture": "#0"},
				"west": {"uv": [0, 6, 6.5, 12], "texture": "#0"},
				"up": {"uv": [0, 6.5, 0, 0], "texture": "#0"},
				"down": {"uv": [0, 0, 0, 6.5], "texture": "#0"}
			}
		}
	],
	"display": {
		"ground": {
			"translation": [0, 4.5, 2],
			"scale": [0.9, 0.9, 0.9]
		},
		"gui": {
			"rotation": [0, -90, 0],
			"translation": [-3, 2.5, 0]
		},
		"head": {
			"translation": [1.25, -52.5, 11]
		}
	},
	"groups": [
		{
			"name": "dog_tail",
			"origin": [8, 8, 8],
			"color": 0,
			"nbt": "{}",
			"armAnimationEnabled": false,
			"children": [
				{
					"name": "base",
					"origin": [8, 8, 8],
					"color": 0,
					"nbt": "{}",
					"armAnimationEnabled": false,
					"children": [0]
				}
			]
		}
	]
}