{
	"credit": "Made with Blockbench",
	"texture_size": [32, 32],
	"textures": {
		"0": "snight_cosmetics_v1/dog_rope",
		"particle": "snight_cosmetics_v1/dog_rope"
	},
	"elements": [
		{
			"from": [6, 0, 4],
			"to": [8, 2, 12],
			"faces": {
				"north": {"uv": [1, 12.5, 2, 13.5], "texture": "#0"},
				"east": {"uv": [0, 10, 4, 11], "texture": "#0"},
				"south": {"uv": [12.5, 9.5, 13.5, 10.5], "texture": "#0"},
				"west": {"uv": [4, 10, 8, 11], "texture": "#0"},
				"up": {"uv": [9, 14, 8, 10], "texture": "#0"},
				"down": {"uv": [10, 10, 9, 14], "texture": "#0"}
			}
		},
		{
			"from": [5, -1, 2],
			"to": [9, 4, 4],
			"faces": {
				"north": {"uv": [9, 0, 11, 2.5], "texture": "#0"},
				"east": {"uv": [2.5, 11, 3.5, 13.5], "texture": "#0"},
				"south": {"uv": [9, 2.5, 11, 5], "texture": "#0"},
				"west": {"uv": [11, 3, 12, 5.5], "texture": "#0"},
				"up": {"uv": [13, 9.5, 11, 8.5], "texture": "#0"},
				"down": {"uv": [12, 11.5, 10, 12.5], "texture": "#0"}
			}
		},
		{
			"from": [5, -1, 11],
			"to": [9, 4, 13],
			"faces": {
				"north": {"uv": [9, 5, 11, 7.5], "texture": "#0"},
				"east": {"uv": [3.5, 11, 4.5, 13.5], "texture": "#0"},
				"south": {"uv": [9, 7.5, 11, 10], "texture": "#0"},
				"west": {"uv": [4.5, 11, 5.5, 13.5], "texture": "#0"},
				"up": {"uv": [14, 4, 12, 3], "texture": "#0"},
				"down": {"uv": [14, 4, 12, 5], "texture": "#0"}
			}
		},
		{
			"from": [4, -1, 13],
			"to": [9, 2, 15],
			"faces": {
				"north": {"uv": [10, 10, 12.5, 11.5], "texture": "#0"},
				"east": {"uv": [5.5, 12, 6.5, 13.5], "texture": "#0"},
				"south": {"uv": [0, 11, 2.5, 12.5], "texture": "#0"},
				"west": {"uv": [6.5, 12, 7.5, 13.5], "texture": "#0"},
				"up": {"uv": [8, 12, 5.5, 11], "texture": "#0"},
				"down": {"uv": [13.5, 5.5, 11, 6.5], "texture": "#0"}
			}
		},
		{
			"from": [5, 1, 0],
			"to": [10, 4, 2],
			"faces": {
				"north": {"uv": [11, 0, 13.5, 1.5], "texture": "#0"},
				"east": {"uv": [12, 11.5, 13, 13], "texture": "#0"},
				"south": {"uv": [11, 1.5, 13.5, 3], "texture": "#0"},
				"west": {"uv": [0, 12.5, 1, 14], "texture": "#0"},
				"up": {"uv": [13.5, 7.5, 11, 6.5], "texture": "#0"},
				"down": {"uv": [13.5, 7.5, 11, 8.5], "texture": "#0"}
			}
		},
		{
			"from": [9, 0, -6],
			"to": [9, 5, 0],
			"faces": {
				"north": {"uv": [0, 0, 0, 2.5], "texture": "#0"},
				"east": {"uv": [3, 0, 6, 2.5], "texture": "#0"},
				"south": {"uv": [0, 0, 0, 2.5], "texture": "#0"},
				"west": {"uv": [3, 2.5, 6, 5], "texture": "#0"},
				"up": {"uv": [0, 3, 0, 0], "texture": "#0"},
				"down": {"uv": [0, 0, 0, 3], "texture": "#0"}
			}
		},
		{
			"from": [6, 0, -6],
			"to": [6, 5, 0],
			"faces": {
				"north": {"uv": [0, 0, 0, 2.5], "texture": "#0"},
				"east": {"uv": [0, 5, 3, 7.5], "texture": "#0"},
				"south": {"uv": [0, 0, 0, 2.5], "texture": "#0"},
				"west": {"uv": [3, 5, 6, 7.5], "texture": "#0"},
				"up": {"uv": [0, 3, 0, 0], "texture": "#0"},
				"down": {"uv": [0, 0, 0, 3], "texture": "#0"}
			}
		},
		{
			"from": [7.5, 0, -6],
			"to": [7.5, 5, 0],
			"faces": {
				"north": {"uv": [0, 0, 0, 2.5], "texture": "#0"},
				"east": {"uv": [6, 0, 9, 2.5], "texture": "#0"},
				"south": {"uv": [0, 0, 0, 2.5], "texture": "#0"},
				"west": {"uv": [6, 2.5, 9, 5], "texture": "#0"},
				"up": {"uv": [0, 3, 0, 0], "texture": "#0"},
				"down": {"uv": [0, 0, 0, 3], "texture": "#0"}
			}
		},
		{
			"from": [6.5, -1, 15],
			"to": [6.5, 4, 21],
			"faces": {
				"north": {"uv": [0, 0, 0, 2.5], "texture": "#0"},
				"east": {"uv": [0, 0, 3, 2.5], "texture": "#0"},
				"south": {"uv": [0, 0, 0, 2.5], "texture": "#0"},
				"west": {"uv": [0, 2.5, 3, 5], "texture": "#0"},
				"up": {"uv": [0, 3, 0, 0], "texture": "#0"},
				"down": {"uv": [0, 0, 0, 3], "texture": "#0"}
			}
		},
		{
			"from": [4.5, -1, 15],
			"to": [4.5, 4, 21],
			"faces": {
				"north": {"uv": [0, 0, 0, 2.5], "texture": "#0"},
				"east": {"uv": [6, 5, 9, 7.5], "texture": "#0"},
				"south": {"uv": [0, 0, 0, 2.5], "texture": "#0"},
				"west": {"uv": [0, 7.5, 3, 10], "texture": "#0"},
				"up": {"uv": [0, 3, 0, 0], "texture": "#0"},
				"down": {"uv": [0, 0, 0, 3], "texture": "#0"}
			}
		},
		{
			"from": [8.25, -1, 15],
			"to": [8.25, 4, 21],
			"faces": {
				"north": {"uv": [0, 0, 0, 2.5], "texture": "#0"},
				"east": {"uv": [3, 7.5, 6, 10], "texture": "#0"},
				"south": {"uv": [0, 0, 0, 2.5], "texture": "#0"},
				"west": {"uv": [6, 7.5, 9, 10], "texture": "#0"},
				"up": {"uv": [0, 3, 0, 0], "texture": "#0"},
				"down": {"uv": [0, 0, 0, 3], "texture": "#0"}
			}
		}
	],
	"display": {
		"thirdperson_righthand": {
			"rotation": [92, 0, 0],
			"translation": [0.5, -2.5, 7.25],
			"scale": [0.8, 0.8, 0.8]
		},
		"thirdperson_lefthand": {
			"rotation": [92, 0, 0],
			"translation": [-0.5, -2.5, 7.25],
			"scale": [0.8, 0.8, 0.8]
		},
		"firstperson_righthand": {
			"rotation": [18, -4, 0],
			"translation": [4, 3.5, 1],
			"scale": [0.85, 0.85, 0.85]
		},
		"firstperson_lefthand": {
			"rotation": [18, -4, 0],
			"translation": [4, 3.5, 1],
			"scale": [0.85, 0.85, 0.85]
		},
		"ground": {
			"translation": [0, 2.75, 0.5],
			"scale": [0.7, 0.7, 0.7]
		},
		"gui": {
			"rotation": [26, -45, 133],
			"translation": [0, 2.25, 0],
			"scale": [0.6, 0.6, 0.6]
		},
		"fixed": {
			"translation": [0, 7, 0]
		}
	},
	"groups": [
		{
			"name": "dog_rope",
			"origin": [8, 8, 8],
			"color": 0,
			"nbt": "{}",
			"armAnimationEnabled": false,
			"children": [
				{
					"name": "base",
					"origin": [8, 8, 8],
					"color": 0,
					"nbt": "{}",
					"armAnimationEnabled": false,
					"children": [0, 1, 2, 3, 4, 5, 6, 7, 8, 9, 10]
				}
			]
		}
	]
}