{
	"credit": "Made with Blockbench",
	"texture_size": [64, 64],
	"textures": {
		"0": "snight_cosmetics_v1/dog_texture",
		"particle": "snight_cosmetics_v1/dog_texture"
	},
	"elements": [
		{
			"from": [2, 0, 2],
			"to": [14, 2, 14],
			"faces": {
				"north": {"uv": [5.5, 5.25, 8.5, 5.75], "texture": "#0"},
				"east": {"uv": [5.5, 5.75, 8.5, 6.25], "texture": "#0"},
				"south": {"uv": [0, 6, 3, 6.5], "texture": "#0"},
				"west": {"uv": [5.5, 6.25, 8.5, 6.75], "texture": "#0"},
				"up": {"uv": [3, 3, 0, 0], "texture": "#0"},
				"down": {"uv": [3, 3, 0, 6], "texture": "#0"}
			}
		},
		{
			"from": [3, 2, 3],
			"to": [13, 9, 13],
			"faces": {
				"north": {"uv": [3, 5, 5.5, 6.75], "texture": "#0"},
				"east": {"uv": [5.5, 0, 8, 1.75], "texture": "#0"},
				"south": {"uv": [5.5, 1.75, 8, 3.5], "texture": "#0"},
				"west": {"uv": [5.5, 3.5, 8, 5.25], "texture": "#0"},
				"up": {"uv": [5.5, 2.5, 3, 0], "texture": "#0"},
				"down": {"uv": [5.5, 2.5, 3, 5], "texture": "#0"}
			}
		},
		{
			"from": [6, 3, 0],
			"to": [10, 5, 3],
			"faces": {
				"north": {"uv": [7, 6.75, 8, 7.25], "texture": "#0"},
				"east": {"uv": [4, 7.5, 4.75, 8], "texture": "#0"},
				"south": {"uv": [0, 7.25, 1, 7.75], "texture": "#0"},
				"west": {"uv": [4.75, 7.5, 5.5, 8], "texture": "#0"},
				"up": {"uv": [1, 7.25, 0, 6.5], "texture": "#0"},
				"down": {"uv": [2, 6.5, 1, 7.25], "texture": "#0"}
			}
		},
		{
			"from": [6, 1, 1],
			"to": [10, 2, 4],
			"rotation": {"angle": -22.5, "axis": "x", "origin": [0, 0, 0]},
			"faces": {
				"north": {"uv": [5.5, 7.5, 6.5, 7.75], "texture": "#0"},
				"east": {"uv": [1.5, 7.75, 2.25, 8], "texture": "#0"},
				"south": {"uv": [0, 7.75, 1, 8], "texture": "#0"},
				"west": {"uv": [2.25, 7.75, 3, 8], "texture": "#0"},
				"up": {"uv": [3, 7.25, 2, 6.5], "texture": "#0"},
				"down": {"uv": [4, 6.75, 3, 7.5], "texture": "#0"}
			}
		},
		{
			"from": [7, 0.25, 0.25],
			"to": [9, 2.25, 0.25],
			"faces": {
				"north": {"uv": [6.5, 7.5, 7, 8], "texture": "#0"},
				"east": {"uv": [0, 0, 0, 0.5], "texture": "#0"},
				"south": {"uv": [1, 7.75, 1.5, 8.25], "texture": "#0"},
				"west": {"uv": [0, 0, 0, 0.5], "texture": "#0"},
				"up": {"uv": [0.5, 0, 0, 0], "texture": "#0"},
				"down": {"uv": [0.5, 0, 0, 0], "texture": "#0"}
			}
		},
		{
			"from": [9.5, 5.25, 10],
			"to": [12.5, 8.25, 11],
			"rotation": {"angle": -22.5, "axis": "x", "origin": [0, 0, 0]},
			"faces": {
				"north": {"uv": [4, 6.75, 4.75, 7.5], "texture": "#0"},
				"east": {"uv": [5.5, 7.75, 5.75, 8.5], "texture": "#0"},
				"south": {"uv": [4.75, 6.75, 5.5, 7.5], "texture": "#0"},
				"west": {"uv": [5.75, 7.75, 6, 8.5], "texture": "#0"},
				"up": {"uv": [7.75, 8, 7, 7.75], "texture": "#0"},
				"down": {"uv": [8.5, 7.75, 7.75, 8], "texture": "#0"}
			}
		},
		{
			"from": [9.75, 8.25, 10],
			"to": [12.25, 9.25, 11],
			"rotation": {"angle": -22.5, "axis": "x", "origin": [0, 0, 0]},
			"faces": {
				"north": {"uv": [0, 8, 0.75, 8.25], "texture": "#0"},
				"east": {"uv": [0.75, 8, 1, 8.25], "texture": "#0"},
				"south": {"uv": [8, 0, 8.75, 0.25], "texture": "#0"},
				"west": {"uv": [8, 2, 8.25, 2.25], "texture": "#0"},
				"up": {"uv": [8.75, 0.5, 8, 0.25], "texture": "#0"},
				"down": {"uv": [8.75, 0.5, 8, 0.75], "texture": "#0"}
			}
		},
		{
			"from": [3.5, 9, 7],
			"to": [6.5, 12, 8],
			"faces": {
				"north": {"uv": [5.5, 6.75, 6.25, 7.5], "texture": "#0"},
				"east": {"uv": [6, 7.75, 6.25, 8.5], "texture": "#0"},
				"south": {"uv": [6.25, 6.75, 7, 7.5], "texture": "#0"},
				"west": {"uv": [6.25, 7.75, 6.5, 8.5], "texture": "#0"},
				"up": {"uv": [8.75, 1, 8, 0.75], "texture": "#0"},
				"down": {"uv": [8.75, 1, 8, 1.25], "texture": "#0"}
			}
		},
		{
			"from": [3.75, 12, 7],
			"to": [6.25, 13, 8],
			"faces": {
				"north": {"uv": [8, 1.25, 8.75, 1.5], "texture": "#0"},
				"east": {"uv": [2.25, 8, 2.5, 8.25], "texture": "#0"},
				"south": {"uv": [1.5, 8, 2.25, 8.25], "texture": "#0"},
				"west": {"uv": [8, 2.25, 8.25, 2.5], "texture": "#0"},
				"up": {"uv": [8.75, 1.75, 8, 1.5], "texture": "#0"},
				"down": {"uv": [8.75, 1.75, 8, 2], "texture": "#0"}
			}
		},
		{
			"from": [9, 6.25, 2.5],
			"to": [13, 8.25, 2.5],
			"faces": {
				"north": {"uv": [1, 7.25, 2, 7.75], "texture": "#0"},
				"east": {"uv": [0, 0, 0, 0.5], "texture": "#0"},
				"south": {"uv": [2, 7.25, 3, 7.75], "texture": "#0"},
				"west": {"uv": [0, 0, 0, 0.5], "texture": "#0"},
				"up": {"uv": [1, 0, 0, 0], "texture": "#0"},
				"down": {"uv": [1, 0, 0, 0], "texture": "#0"}
			}
		},
		{
			"from": [3, 6.25, 2.5],
			"to": [7, 8.25, 2.5],
			"faces": {
				"north": {"uv": [7, 7.25, 8, 7.75], "texture": "#0"},
				"east": {"uv": [0, 0, 0, 0.5], "texture": "#0"},
				"south": {"uv": [3, 7.5, 4, 8], "texture": "#0"},
				"west": {"uv": [0, 0, 0, 0.5], "texture": "#0"},
				"up": {"uv": [1, 0, 0, 0], "texture": "#0"},
				"down": {"uv": [1, 0, 0, 0], "texture": "#0"}
			}
		}
	],
	"display": {
		"thirdperson_righthand": {
			"translation": [0, 4, 2.75],
			"scale": [0.5, 0.5, 0.5]
		},
		"thirdperson_lefthand": {
			"translation": [0, 4, 2.75],
			"scale": [0.5, 0.5, 0.5]
		},
		"firstperson_righthand": {
			"translation": [0, -1, 0]
		},
		"firstperson_lefthand": {
			"translation": [0, -1, 0]
		},
		"ground": {
			"translation": [0, 2, 0],
			"scale": [0.7, 0.7, 0.7]
		},
		"gui": {
			"rotation": [28, -145, 0],
			"translation": [0, 2, 0],
			"scale": [0.7, 0.7, 0.7]
		},
		"head": {
			"rotation": [5, 0, 0],
			"translation": [0, 13.75, 0.5],
			"scale": [1.5, 1.5, 1.5]
		},
		"fixed": {
			"translation": [0, 1.75, 0]
		}
	},
	"groups": [
		{
			"name": "dog_hat",
			"origin": [8, 8, 8],
			"color": 0,
			"nbt": "{}",
			"armAnimationEnabled": false,
			"children": [
				{
					"name": "base",
					"origin": [0, 0, 0],
					"color": 0,
					"nbt": "{}",
					"armAnimationEnabled": false,
					"children": [0, 1]
				},
				{
					"name": "mouth",
					"origin": [8, 8, 8],
					"color": 0,
					"nbt": "{}",
					"armAnimationEnabled": false,
					"children": [2, 3, 4]
				},
				{
					"name": "ears",
					"origin": [8, 8, 8],
					"color": 0,
					"nbt": "{}",
					"armAnimationEnabled": false,
					"children": [
						{
							"name": "left_ear",
							"origin": [8, 8, 8],
							"color": 0,
							"nbt": "{}",
							"armAnimationEnabled": false,
							"children": []
						},
						5,
						6,
						{
							"name": "right_ear",
							"origin": [8, 8, 8],
							"color": 0,
							"nbt": "{}",
							"armAnimationEnabled": false,
							"children": [7, 8]
						}
					]
				},
				{
					"name": "eyebrows",
					"origin": [8, 8, 8],
					"color": 0,
					"nbt": "{}",
					"armAnimationEnabled": false,
					"children": [9]
				},
				{
					"name": "eyebrows",
					"origin": [8, 8, 8],
					"color": 0,
					"nbt": "{}",
					"armAnimationEnabled": false,
					"children": [10]
				}
			]
		}
	]
}