{
	"credit": "Made with Blockbench",
	"texture_size": [64, 64],
	"textures": {
		"0": "snight_cosmetics_v1/dragon_hat",
		"particle": "snight_cosmetics_v1/dragon_hat"
	},
	"elements": [
		{
			"from": [9, 6, 2.5],
			"to": [13, 8, 2.5],
			"faces": {
				"north": {"uv": [8.75, 7.5, 9.75, 8], "texture": "#0"},
				"east": {"uv": [0, 0, 0, 0.5], "texture": "#0"},
				"south": {"uv": [9, 1.5, 10, 2], "texture": "#0"},
				"west": {"uv": [0, 0, 0, 0.5], "texture": "#0"},
				"up": {"uv": [1, 0, 0, 0], "texture": "#0"},
				"down": {"uv": [1, 0, 0, 0], "texture": "#0"}
			}
		},
		{
			"from": [3, 6, 2.5],
			"to": [7, 8, 2.5],
			"faces": {
				"north": {"uv": [9, 2, 10, 2.5], "texture": "#0"},
				"east": {"uv": [0, 0, 0, 0.5], "texture": "#0"},
				"south": {"uv": [9, 2.5, 10, 3], "texture": "#0"},
				"west": {"uv": [0, 0, 0, 0.5], "texture": "#0"},
				"up": {"uv": [1, 0, 0, 0], "texture": "#0"},
				"down": {"uv": [1, 0, 0, 0], "texture": "#0"}
			}
		},
		{
			"from": [8, 9, 7],
			"to": [8, 11, 10],
			"faces": {
				"north": {"uv": [0, 0, 0, 0.5], "texture": "#0"},
				"east": {"uv": [8, 9, 8.75, 9.5], "texture": "#0"},
				"south": {"uv": [0, 0, 0, 0.5], "texture": "#0"},
				"west": {"uv": [9, 8, 9.75, 8.5], "texture": "#0"},
				"up": {"uv": [0, 0.75, 0, 0], "texture": "#0"},
				"down": {"uv": [0, 0, 0, 0.75], "texture": "#0"}
			}
		},
		{
			"from": [-7, 6, 5.25],
			"to": [-1, 9, 5.25],
			"rotation": {"angle": 45, "axis": "y", "origin": [0, 0, 0]},
			"faces": {
				"north": {"uv": [0, 7, 1.5, 7.75], "texture": "#0"},
				"east": {"uv": [0, 0, 0, 0.75], "texture": "#0"},
				"south": {"uv": [1.5, 7, 3, 7.75], "texture": "#0"},
				"west": {"uv": [0, 0, 0, 0.75], "texture": "#0"},
				"up": {"uv": [1.5, 0, 0, 0], "texture": "#0"},
				"down": {"uv": [1.5, 0, 0, 0], "texture": "#0"}
			}
		},
		{
			"from": [12, 6, -6],
			"to": [18, 9, -6],
			"rotation": {"angle": -45, "axis": "y", "origin": [0, 0, 0]},
			"faces": {
				"north": {"uv": [3, 7, 4.5, 7.75], "texture": "#0"},
				"east": {"uv": [0, 0, 0, 0.75], "texture": "#0"},
				"south": {"uv": [4.5, 7, 6, 7.75], "texture": "#0"},
				"west": {"uv": [0, 0, 0, 0.75], "texture": "#0"},
				"up": {"uv": [1.5, 0, 0, 0], "texture": "#0"},
				"down": {"uv": [1.5, 0, 0, 0], "texture": "#0"}
			}
		},
		{
			"from": [12, 2, -6],
			"to": [18, 4, -6],
			"rotation": {"angle": -45, "axis": "y", "origin": [0, 0, 0]},
			"faces": {
				"north": {"uv": [0, 7.75, 1.5, 8.25], "texture": "#0"},
				"east": {"uv": [0, 0, 0, 0.5], "texture": "#0"},
				"south": {"uv": [1.5, 7.75, 3, 8.25], "texture": "#0"},
				"west": {"uv": [0, 0, 0, 0.5], "texture": "#0"},
				"up": {"uv": [1.5, 0, 0, 0], "texture": "#0"},
				"down": {"uv": [1.5, 0, 0, 0], "texture": "#0"}
			}
		},
		{
			"from": [-7, 2, 5.25],
			"to": [-1, 4, 5.25],
			"rotation": {"angle": 45, "axis": "y", "origin": [0, 0, 0]},
			"faces": {
				"north": {"uv": [3, 7.75, 4.5, 8.25], "texture": "#0"},
				"east": {"uv": [0, 0, 0, 0.5], "texture": "#0"},
				"south": {"uv": [4.5, 7.75, 6, 8.25], "texture": "#0"},
				"west": {"uv": [0, 0, 0, 0.5], "texture": "#0"},
				"up": {"uv": [1.5, 0, 0, 0], "texture": "#0"},
				"down": {"uv": [1.5, 0, 0, 0], "texture": "#0"}
			}
		},
		{
			"from": [8, 9, 3],
			"to": [8, 11, 6],
			"faces": {
				"north": {"uv": [0, 0, 0, 0.5], "texture": "#0"},
				"east": {"uv": [9, 8.5, 9.75, 9], "texture": "#0"},
				"south": {"uv": [0, 0, 0, 0.5], "texture": "#0"},
				"west": {"uv": [8.75, 9, 9.5, 9.5], "texture": "#0"},
				"up": {"uv": [0, 0.75, 0, 0], "texture": "#0"},
				"down": {"uv": [0, 0, 0, 0.75], "texture": "#0"}
			}
		},
		{
			"from": [8, 3, 13],
			"to": [8, 6, 15],
			"faces": {
				"north": {"uv": [0, 0, 0, 0.75], "texture": "#0"},
				"east": {"uv": [0, 9.25, 0.5, 10], "texture": "#0"},
				"south": {"uv": [0, 0, 0, 0.75], "texture": "#0"},
				"west": {"uv": [0.5, 9.25, 1, 10], "texture": "#0"},
				"up": {"uv": [0, 0.5, 0, 0], "texture": "#0"},
				"down": {"uv": [0, 0, 0, 0.5], "texture": "#0"}
			}
		},
		{
			"from": [8, 7, 11],
			"to": [8, 11, 15],
			"faces": {
				"north": {"uv": [0, 0, 0, 1], "texture": "#0"},
				"east": {"uv": [6, 7, 7, 8], "texture": "#0"},
				"south": {"uv": [0, 0, 0, 1], "texture": "#0"},
				"west": {"uv": [7, 7, 8, 8], "texture": "#0"},
				"up": {"uv": [0, 1, 0, 0], "texture": "#0"},
				"down": {"uv": [0, 0, 0, 1], "texture": "#0"}
			}
		},
		{
			"from": [6, 1, 1],
			"to": [10, 2, 4],
			"rotation": {"angle": -22.5, "axis": "x", "origin": [0, 0, 0]},
			"faces": {
				"north": {"uv": [2.5, 9.25, 3.5, 9.5], "texture": "#0"},
				"east": {"uv": [4.5, 9.25, 5.25, 9.5], "texture": "#0"},
				"south": {"uv": [3.5, 9.25, 4.5, 9.5], "texture": "#0"},
				"west": {"uv": [5.25, 9.25, 6, 9.5], "texture": "#0"},
				"up": {"uv": [9, 0.75, 8, 0], "texture": "#0"},
				"down": {"uv": [9, 0.75, 8, 1.5], "texture": "#0"}
			}
		},
		{
			"from": [6, 3, 0],
			"to": [10, 5, 3],
			"faces": {
				"north": {"uv": [6, 9, 7, 9.5], "texture": "#0"},
				"east": {"uv": [1, 9.25, 1.75, 9.75], "texture": "#0"},
				"south": {"uv": [7, 9, 8, 9.5], "texture": "#0"},
				"west": {"uv": [1.75, 9.25, 2.5, 9.75], "texture": "#0"},
				"up": {"uv": [9, 2.25, 8, 1.5], "texture": "#0"},
				"down": {"uv": [9, 2.25, 8, 3], "texture": "#0"}
			}
		},
		{
			"from": [2.25, 14.75, 2.5],
			"to": [4.75, 18.75, 5],
			"rotation": {"angle": 22.5, "axis": "x", "origin": [0, 0, 0]},
			"faces": {
				"north": {"uv": [8, 3, 8.75, 4], "texture": "#0"},
				"east": {"uv": [8, 4, 8.75, 5], "texture": "#0"},
				"south": {"uv": [8, 5, 8.75, 6], "texture": "#0"},
				"west": {"uv": [6, 8, 6.75, 9], "texture": "#0"},
				"up": {"uv": [9.25, 6.75, 8.5, 6], "texture": "#0"},
				"down": {"uv": [9.5, 3, 8.75, 3.75], "texture": "#0"}
			}
		},
		{
			"from": [2, 10.75, 2.25],
			"to": [5, 14.75, 5.25],
			"rotation": {"angle": 22.5, "axis": "x", "origin": [0, 0, 0]},
			"faces": {
				"north": {"uv": [6.75, 8, 7.5, 9], "texture": "#0"},
				"east": {"uv": [8, 7, 8.75, 8], "texture": "#0"},
				"south": {"uv": [7.5, 8, 8.25, 9], "texture": "#0"},
				"west": {"uv": [0, 8.25, 0.75, 9.25], "texture": "#0"},
				"up": {"uv": [9.5, 4.5, 8.75, 3.75], "texture": "#0"},
				"down": {"uv": [9.5, 4.5, 8.75, 5.25], "texture": "#0"}
			}
		},
		{
			"from": [11, 10.75, 2.25],
			"to": [14, 14.75, 5.25],
			"rotation": {"angle": 22.5, "axis": "x", "origin": [0, 0, 0]},
			"faces": {
				"north": {"uv": [0.75, 8.25, 1.5, 9.25], "texture": "#0"},
				"east": {"uv": [1.5, 8.25, 2.25, 9.25], "texture": "#0"},
				"south": {"uv": [2.25, 8.25, 3, 9.25], "texture": "#0"},
				"west": {"uv": [3, 8.25, 3.75, 9.25], "texture": "#0"},
				"up": {"uv": [9.5, 6, 8.75, 5.25], "texture": "#0"},
				"down": {"uv": [9.5, 6.75, 8.75, 7.5], "texture": "#0"}
			}
		},
		{
			"from": [11.25, 14.75, 2.5],
			"to": [13.75, 18.75, 5],
			"rotation": {"angle": 22.5, "axis": "x", "origin": [0, 0, 0]},
			"faces": {
				"north": {"uv": [3.75, 8.25, 4.5, 9.25], "texture": "#0"},
				"east": {"uv": [4.5, 8.25, 5.25, 9.25], "texture": "#0"},
				"south": {"uv": [5.25, 8.25, 6, 9.25], "texture": "#0"},
				"west": {"uv": [8.25, 8, 9, 9], "texture": "#0"},
				"up": {"uv": [9.75, 0.75, 9, 0], "texture": "#0"},
				"down": {"uv": [9.75, 0.75, 9, 1.5], "texture": "#0"}
			}
		},
		{
			"from": [2, 0, 2],
			"to": [14, 2, 14],
			"faces": {
				"north": {"uv": [0, 6, 3, 6.5], "texture": "#0"},
				"east": {"uv": [5.5, 6, 8.5, 6.5], "texture": "#0"},
				"south": {"uv": [0, 6.5, 3, 7], "texture": "#0"},
				"west": {"uv": [5.5, 6.5, 8.5, 7], "texture": "#0"},
				"up": {"uv": [3, 3, 0, 0], "texture": "#0"},
				"down": {"uv": [3, 3, 0, 6], "texture": "#0"}
			}
		},
		{
			"from": [3, 1, 3],
			"to": [13, 9, 13],
			"faces": {
				"north": {"uv": [3, 5, 5.5, 7], "texture": "#0"},
				"east": {"uv": [5.5, 0, 8, 2], "texture": "#0"},
				"south": {"uv": [5.5, 2, 8, 4], "texture": "#0"},
				"west": {"uv": [5.5, 4, 8, 6], "texture": "#0"},
				"up": {"uv": [5.5, 2.5, 3, 0], "texture": "#0"},
				"down": {"uv": [5.5, 2.5, 3, 5], "texture": "#0"}
			}
		}
	],
	"display": {
		"thirdperson_righthand": {
			"translation": [0, 4, 3],
			"scale": [0.5, 0.5, 0.5]
		},
		"thirdperson_lefthand": {
			"translation": [0, 4, 3],
			"scale": [0.5, 0.5, 0.5]
		},
		"firstperson_righthand": {
			"translation": [0, 1, 0],
			"scale": [0.7, 0.7, 0.7]
		},
		"firstperson_lefthand": {
			"translation": [0, 1, 0],
			"scale": [0.7, 0.7, 0.7]
		},
		"ground": {
			"translation": [0, 2, 0],
			"scale": [0.7, 0.7, 0.7]
		},
		"gui": {
			"rotation": [28, -148, 0],
			"translation": [0, 1.5, 0],
			"scale": [0.8, 0.8, 0.7]
		},
		"head": {
			"rotation": [8, 0, 0],
			"translation": [0, 13.5, 1.25],
			"scale": [1.5, 1.5, 1.5]
		},
		"fixed": {
			"translation": [0, 3, 0]
		}
	},
	"groups": [
		{
			"name": "dragon_hat",
			"origin": [8, 8, 8],
			"color": 0,
			"nbt": "{}",
			"armAnimationEnabled": false,
			"children": [
				{
					"name": "eyebrows",
					"origin": [0, 0, 0],
					"color": 0,
					"nbt": "{}",
					"armAnimationEnabled": false,
					"children": [0, 1]
				},
				{
					"name": "spikes",
					"origin": [0, 0, 0],
					"color": 0,
					"nbt": "{}",
					"armAnimationEnabled": false,
					"children": [2, 3, 4, 5, 6, 7, 8, 9]
				},
				{
					"name": "mouth",
					"origin": [0, 0, 0],
					"color": 0,
					"nbt": "{}",
					"armAnimationEnabled": false,
					"children": [10, 11]
				},
				{
					"name": "right_horn",
					"origin": [8, 8, 8],
					"color": 0,
					"nbt": "{}",
					"armAnimationEnabled": false,
					"children": [12, 13]
				},
				{
					"name": "left_horn",
					"origin": [8, 8, 8],
					"color": 0,
					"nbt": "{}",
					"armAnimationEnabled": false,
					"children": [14, 15]
				},
				{
					"name": "base",
					"origin": [8, 8, 8],
					"color": 0,
					"nbt": "{}",
					"armAnimationEnabled": false,
					"children": [16, 17]
				}
			]
		}
	]
}