{
	"credit": "Made with Blockbench",
	"texture_size": [32, 32],
	"textures": {
		"0": "snight_cosmetics_v1/dragon_claw",
		"particle": "snight_cosmetics_v1/dragon_claw"
	},
	"elements": [
		{
			"from": [7, 0, 5],
			"to": [14, 3, 7],
			"faces": {
				"north": {"uv": [9.5, 7.5, 13, 9], "texture": "#0"},
				"east": {"uv": [12, 3, 13, 4.5], "texture": "#0"},
				"south": {"uv": [9.5, 9, 13, 10.5], "texture": "#0"},
				"west": {"uv": [12, 4.5, 13, 6], "texture": "#0"},
				"up": {"uv": [15.5, 1, 12, 0], "texture": "#0"},
				"down": {"uv": [15.5, 1, 12, 2], "texture": "#0"}
			}
		},
		{
			"from": [8, 4, 9],
			"to": [13, 7, 14],
			"faces": {
				"north": {"uv": [2.5, 10.5, 5, 12], "texture": "#0"},
				"east": {"uv": [8, 10.5, 10.5, 12], "texture": "#0"},
				"south": {"uv": [10.5, 10.5, 13, 12], "texture": "#0"},
				"west": {"uv": [0, 12, 2.5, 13.5], "texture": "#0"},
				"up": {"uv": [9.5, 5, 7, 2.5], "texture": "#0"},
				"down": {"uv": [9.5, 5, 7, 7.5], "texture": "#0"}
			}
		},
		{
			"from": [7, 0, 7],
			"to": [14, 4, 14],
			"faces": {
				"north": {"uv": [3.5, 0, 7, 2], "texture": "#0"},
				"east": {"uv": [3.5, 2, 7, 4], "texture": "#0"},
				"south": {"uv": [3.5, 4, 7, 6], "texture": "#0"},
				"west": {"uv": [3.5, 6, 7, 8], "texture": "#0"},
				"up": {"uv": [3.5, 3.5, 0, 0], "texture": "#0"},
				"down": {"uv": [3.5, 3.5, 0, 7], "texture": "#0"}
			}
		},
		{
			"from": [0, 0, 8.25],
			"to": [3, 2, 15.25],
			"rotation": {"angle": 22.5, "axis": "y", "origin": [0, 0, 0]},
			"faces": {
				"north": {"uv": [12, 6, 13.5, 7], "texture": "#0"},
				"east": {"uv": [12, 2, 15.5, 3], "texture": "#0"},
				"south": {"uv": [8, 12, 9.5, 13], "texture": "#0"},
				"west": {"uv": [2.5, 12, 6, 13], "texture": "#0"},
				"up": {"uv": [6.5, 11.5, 5, 8], "texture": "#0"},
				"down": {"uv": [8, 10, 6.5, 13.5], "texture": "#0"}
			}
		},
		{
			"from": [1.5, -3, 3.25],
			"to": [1.5, 2, 8.25],
			"rotation": {"angle": 22.5, "axis": "y", "origin": [0, 0, 0]},
			"faces": {
				"north": {"uv": [0, 0, 0, 2.5], "texture": "#0"},
				"east": {"uv": [7, 7.5, 9.5, 10], "texture": "#0"},
				"south": {"uv": [0, 0, 0, 2.5], "texture": "#0"},
				"west": {"uv": [2.5, 8, 5, 10.5], "texture": "#0"},
				"up": {"uv": [0, 2.5, 0, 0], "texture": "#0"},
				"down": {"uv": [0, 0, 0, 2.5], "texture": "#0"}
			}
		},
		{
			"from": [7.5, -4.25, 0.75],
			"to": [7.5, 0.75, 5.75],
			"rotation": {"angle": -22.5, "axis": "x", "origin": [0, 0, 0]},
			"faces": {
				"north": {"uv": [0, 0, 0, 2.5], "texture": "#0"},
				"east": {"uv": [0, 9.5, 2.5, 12], "texture": "#0"},
				"south": {"uv": [0, 0, 0, 2.5], "texture": "#0"},
				"west": {"uv": [9.5, 0, 12, 2.5], "texture": "#0"},
				"up": {"uv": [0, 2.5, 0, 0], "texture": "#0"},
				"down": {"uv": [0, 0, 0, 2.5], "texture": "#0"}
			}
		},
		{
			"from": [13.5, -4.25, 0.75],
			"to": [13.5, 0.75, 5.75],
			"rotation": {"angle": -22.5, "axis": "x", "origin": [0, 0, 0]},
			"faces": {
				"north": {"uv": [0, 0, 0, 2.5], "texture": "#0"},
				"east": {"uv": [0, 7, 2.5, 9.5], "texture": "#0"},
				"south": {"uv": [0, 0, 0, 2.5], "texture": "#0"},
				"west": {"uv": [7, 0, 9.5, 2.5], "texture": "#0"},
				"up": {"uv": [0, 2.5, 0, 0], "texture": "#0"},
				"down": {"uv": [0, 0, 0, 2.5], "texture": "#0"}
			}
		},
		{
			"from": [10.5, -2, 0.75],
			"to": [10.5, 3, 5.75],
			"faces": {
				"north": {"uv": [0, 0, 0, 2.5], "texture": "#0"},
				"east": {"uv": [9.5, 2.5, 12, 5], "texture": "#0"},
				"south": {"uv": [0, 0, 0, 2.5], "texture": "#0"},
				"west": {"uv": [9.5, 5, 12, 7.5], "texture": "#0"},
				"up": {"uv": [0, 2.5, 0, 0], "texture": "#0"},
				"down": {"uv": [0, 0, 0, 2.5], "texture": "#0"}
			}
		}
	],
	"display": {
		"thirdperson_righthand": {
			"rotation": [97, 0, -2],
			"translation": [-2.5, 1.5, 3.75],
			"scale": [1.05, 1.05, 1.05]
		},
		"thirdperson_lefthand": {
			"rotation": [97, 0, -2],
			"translation": [2.5, 1.5, 3.75],
			"scale": [1.05, 1.05, 1.05]
		},
		"firstperson_righthand": {
			"translation": [0, 4.5, 0],
			"scale": [0.8, 0.8, 0.8]
		},
		"firstperson_lefthand": {
			"translation": [0, 4.5, 0],
			"scale": [0.8, 0.8, 0.8]
		},
		"ground": {
			"translation": [-1.25, 2.5, -1],
			"scale": [0.8, 0.8, 0.8]
		},
		"gui": {
			"rotation": [34, -137, 0],
			"translation": [1.75, 4, 0],
			"scale": [0.9, 0.9, 0.9]
		},
		"fixed": {
			"translation": [0, 6.25, 0]
		}
	},
	"groups": [
		{
			"name": "dragon_claw",
			"origin": [8, 8, 8],
			"color": 0,
			"nbt": "{}",
			"armAnimationEnabled": false,
			"children": [
				{
					"name": "base",
					"origin": [0, 0, 0],
					"color": 0,
					"nbt": "{}",
					"armAnimationEnabled": false,
					"children": [0, 1, 2, 3]
				},
				{
					"name": "claw",
					"origin": [8, 8, 8],
					"color": 0,
					"nbt": "{}",
					"armAnimationEnabled": false,
					"children": [4, 5, 6, 7]
				}
			]
		}
	]
}