{
	"credit": "Made with Blockbench",
	"texture_size": [64, 64],
	"textures": {
		"0": "snight_cosmetics_v1/mannequin",
		"particle": "snight_cosmetics_v1/mannequin"
	},
	"elements": [
		{
			"name": "right_hand",
			"from": [-8.5, 11.75, 5],
			"to": [-4.5, 23.75, 9],
			"rotation": {"angle": -22.5, "axis": "z", "origin": [0, 0, 0]},
			"faces": {
				"north": {"uv": [2, 5, 3, 8], "texture": "#0"},
				"east": {"uv": [3, 5, 4, 8], "texture": "#0"},
				"south": {"uv": [6, 0, 7, 3], "texture": "#0"},
				"west": {"uv": [6, 3, 7, 6], "texture": "#0"},
				"up": {"uv": [3.5, 9, 2.5, 8], "texture": "#0"},
				"down": {"uv": [9, 5, 8, 6], "texture": "#0"}
			}
		},
		{
			"name": "left_hand",
			"from": [19.5, 5.5, 5],
			"to": [23.5, 17.5, 9],
			"rotation": {"angle": 22.5, "axis": "z", "origin": [0, 0, 0]},
			"faces": {
				"north": {"uv": [4, 6, 5, 9], "texture": "#0"},
				"east": {"uv": [5, 6, 6, 9], "texture": "#0"},
				"south": {"uv": [6, 6, 7, 9], "texture": "#0"},
				"west": {"uv": [0, 7, 1, 10], "texture": "#0"},
				"up": {"uv": [9, 7, 8, 6], "texture": "#0"},
				"down": {"uv": [8, 8, 7, 9], "texture": "#0"}
			}
		},
		{
			"name": "head",
			"from": [4, 24, 3],
			"to": [12, 32, 11],
			"faces": {
				"north": {"uv": [0, 3, 2, 5], "texture": "#0"},
				"east": {"uv": [2, 3, 4, 5], "texture": "#0"},
				"south": {"uv": [4, 0, 6, 2], "texture": "#0"},
				"west": {"uv": [4, 2, 6, 4], "texture": "#0"},
				"up": {"uv": [6, 6, 4, 4], "texture": "#0"},
				"down": {"uv": [2, 5, 0, 7], "texture": "#0"}
			}
		},
		{
			"name": "body",
			"from": [4, 12, 5],
			"to": [12, 24, 9],
			"faces": {
				"north": {"uv": [0, 0, 2, 3], "texture": "#0"},
				"east": {"uv": [7, 0, 8, 3], "texture": "#0"},
				"south": {"uv": [2, 0, 4, 3], "texture": "#0"},
				"west": {"uv": [1, 7, 2, 10], "texture": "#0"},
				"up": {"uv": [9, 4, 7, 3], "texture": "#0"},
				"down": {"uv": [9, 4, 7, 5], "texture": "#0"}
			}
		},
		{
			"from": [7, 0, 2],
			"to": [9, 1, 6],
			"faces": {
				"north": {"uv": [2.5, 9, 3, 9.25], "texture": "#0"},
				"east": {"uv": [8.5, 7, 9.5, 7.25], "texture": "#0"},
				"south": {"uv": [3, 9, 3.5, 9.25], "texture": "#0"},
				"west": {"uv": [8.5, 7.25, 9.5, 7.5], "texture": "#0"},
				"up": {"uv": [4, 9, 3.5, 8], "texture": "#0"},
				"down": {"uv": [8.5, 7, 8, 8], "texture": "#0"}
			}
		},
		{
			"from": [7, 0, 8],
			"to": [9, 1, 12],
			"faces": {
				"north": {"uv": [9, 3, 9.5, 3.25], "texture": "#0"},
				"east": {"uv": [8.5, 7.5, 9.5, 7.75], "texture": "#0"},
				"south": {"uv": [9, 3.25, 9.5, 3.5], "texture": "#0"},
				"west": {"uv": [8.5, 7.75, 9.5, 8], "texture": "#0"},
				"up": {"uv": [8.5, 9, 8, 8], "texture": "#0"},
				"down": {"uv": [9, 0, 8.5, 1], "texture": "#0"}
			}
		},
		{
			"from": [9, 0, 6],
			"to": [13, 1, 8],
			"faces": {
				"north": {"uv": [8.5, 8, 9.5, 8.25], "texture": "#0"},
				"east": {"uv": [3.5, 9, 4, 9.25], "texture": "#0"},
				"south": {"uv": [8.5, 8.25, 9.5, 8.5], "texture": "#0"},
				"west": {"uv": [9, 3.5, 9.5, 3.75], "texture": "#0"},
				"up": {"uv": [9.5, 1.5, 8.5, 1], "texture": "#0"},
				"down": {"uv": [9.5, 1.5, 8.5, 2], "texture": "#0"}
			}
		},
		{
			"from": [3, 0, 6],
			"to": [7, 1, 8],
			"faces": {
				"north": {"uv": [8.5, 8.5, 9.5, 8.75], "texture": "#0"},
				"east": {"uv": [9, 3.75, 9.5, 4], "texture": "#0"},
				"south": {"uv": [8.5, 8.75, 9.5, 9], "texture": "#0"},
				"west": {"uv": [4, 9, 4.5, 9.25], "texture": "#0"},
				"up": {"uv": [9.5, 2.5, 8.5, 2], "texture": "#0"},
				"down": {"uv": [9.5, 2.5, 8.5, 3], "texture": "#0"}
			}
		},
		{
			"from": [7, 0, 6],
			"to": [9, 12, 8],
			"faces": {
				"north": {"uv": [7, 5, 7.5, 8], "texture": "#0"},
				"east": {"uv": [7.5, 5, 8, 8], "texture": "#0"},
				"south": {"uv": [8, 0, 8.5, 3], "texture": "#0"},
				"west": {"uv": [2, 8, 2.5, 11], "texture": "#0"},
				"up": {"uv": [9.5, 0.5, 9, 0], "texture": "#0"},
				"down": {"uv": [9.5, 0.5, 9, 1], "texture": "#0"}
			}
		}
	],
	"display": {
		"thirdperson_righthand": {
			"rotation": [0, -180, 0],
			"translation": [0, -1.25, 0.75],
			"scale": [0.4, 0.4, 0.4]
		},
		"thirdperson_lefthand": {
			"rotation": [0, -180, 0],
			"translation": [0, -1.25, 0.75],
			"scale": [0.4, 0.4, 0.4]
		},
		"firstperson_righthand": {
			"rotation": [0, -180, 0],
			"translation": [0, -3.25, 0],
			"scale": [0.4, 0.4, 0.4]
		},
		"firstperson_lefthand": {
			"rotation": [0, -180, 0],
			"translation": [0, -3.25, 0],
			"scale": [0.4, 0.4, 0.4]
		},
		"ground": {
			"translation": [0, -0.5, 0],
			"scale": [0.4, 0.4, 0.4]
		},
		"gui": {
			"rotation": [19, 31, 0],
			"translation": [0, -3.5, 0],
			"scale": [0.4, 0.4, 0.4]
		},
		"fixed": {
			"rotation": [-90, -180, 0],
			"translation": [0, 0, -15.5],
			"scale": [2, 2, 2]
		}
	},
	"groups": [
		{
			"name": "Mannequin",
			"origin": [8, 8, 8],
			"color": 0,
			"nbt": "{}",
			"armAnimationEnabled": false,
			"children": [0, 1, 2, 3, 4, 5, 6, 7, 8]
		}
	]
}