{
	"credit": "Made with Blockbench",
	"textures": {
		"0": "snight_cosmetics_v1/redpanda_claw",
		"particle": "snight_cosmetics_v1/redpanda_claw"
	},
	"elements": [
		{
			"from": [9.75, 0, 2.25],
			"to": [9.75, 1, 2.75],
			"faces": {
				"north": {"uv": [0, 0, 0, 1], "texture": "#0"},
				"east": {"uv": [10, 4, 11, 5], "texture": "#0"},
				"south": {"uv": [0, 0, 0, 1], "texture": "#0"},
				"west": {"uv": [10, 5, 11, 6], "texture": "#0"},
				"up": {"uv": [0, 1, 0, 0], "texture": "#0"},
				"down": {"uv": [0, 0, 0, 1], "texture": "#0"}
			}
		},
		{
			"from": [5, 0, 1.75],
			"to": [5.5, 1, 1.75],
			"rotation": {"angle": 0, "axis": "y", "origin": [0, 0, 0], "rescale": true},
			"faces": {
				"north": {"uv": [10, 9, 11, 10], "texture": "#0"},
				"east": {"uv": [0, 0, 0, 1], "texture": "#0"},
				"south": {"uv": [10, 10, 11, 11], "texture": "#0"},
				"west": {"uv": [0, 0, 0, 1], "texture": "#0"},
				"up": {"uv": [1, 0, 0, 0], "texture": "#0"},
				"down": {"uv": [1, 0, 0, 0], "texture": "#0"}
			}
		},
		{
			"from": [9.75, 0, 6.25],
			"to": [9.75, 1, 6.75],
			"faces": {
				"north": {"uv": [0, 0, 0, 1], "texture": "#0"},
				"east": {"uv": [11, 4, 12, 5], "texture": "#0"},
				"south": {"uv": [0, 0, 0, 1], "texture": "#0"},
				"west": {"uv": [11, 5, 12, 6], "texture": "#0"},
				"up": {"uv": [0, 1, 0, 0], "texture": "#0"},
				"down": {"uv": [0, 0, 0, 1], "texture": "#0"}
			}
		},
		{
			"from": [5.25, 0, 2.25],
			"to": [5.25, 1, 2.75],
			"faces": {
				"north": {"uv": [0, 0, 0, 1], "texture": "#0"},
				"east": {"uv": [11, 9, 12, 10], "texture": "#0"},
				"south": {"uv": [0, 0, 0, 1], "texture": "#0"},
				"west": {"uv": [10, 11, 11, 12], "texture": "#0"},
				"up": {"uv": [0, 1, 0, 0], "texture": "#0"},
				"down": {"uv": [0, 0, 0, 1], "texture": "#0"}
			}
		},
		{
			"from": [5, 2, 2],
			"to": [10, 5, 8],
			"faces": {
				"north": {"uv": [0, 9, 5, 12], "texture": "#0"},
				"east": {"uv": [0, 6, 6, 9], "texture": "#0"},
				"south": {"uv": [5, 9, 10, 12], "texture": "#0"},
				"west": {"uv": [6, 6, 12, 9], "texture": "#0"},
				"up": {"uv": [5, 6, 0, 0], "texture": "#0"},
				"down": {"uv": [10, 0, 5, 6], "texture": "#0"}
			}
		},
		{
			"from": [5, 1, 2],
			"to": [10, 2, 3],
			"faces": {
				"north": {"uv": [10, 0, 15, 1], "texture": "#0"},
				"east": {"uv": [11, 10, 12, 11], "texture": "#0"},
				"south": {"uv": [10, 1, 15, 2], "texture": "#0"},
				"west": {"uv": [11, 11, 12, 12], "texture": "#0"},
				"up": {"uv": [15, 3, 10, 2], "texture": "#0"},
				"down": {"uv": [15, 3, 10, 4], "texture": "#0"}
			}
		},
		{
			"from": [9, 1, 6],
			"to": [10, 2, 7],
			"faces": {
				"north": {"uv": [0, 12, 1, 13], "texture": "#0"},
				"east": {"uv": [1, 12, 2, 13], "texture": "#0"},
				"south": {"uv": [2, 12, 3, 13], "texture": "#0"},
				"west": {"uv": [3, 12, 4, 13], "texture": "#0"},
				"up": {"uv": [5, 13, 4, 12], "texture": "#0"},
				"down": {"uv": [13, 4, 12, 5], "texture": "#0"}
			}
		}
	],
	"display": {
		"thirdperson_righthand": {
			"rotation": [90, 0, 0],
			"translation": [0.5, -4.75, 5.5],
			"scale": [0.95, 0.95, 0.95]
		},
		"thirdperson_lefthand": {
			"rotation": [90, 0, 0],
			"translation": [-0.5, -4.75, 5.5],
			"scale": [0.95, 0.95, 0.95]
		},
		"firstperson_righthand": {
			"rotation": [12, 0, 0],
			"translation": [2.5, 1.25, 0]
		},
		"firstperson_lefthand": {
			"rotation": [12, 0, 0],
			"translation": [2.5, 1.25, 0]
		},
		"ground": {
			"translation": [0.75, 3.75, 3.5]
		},
		"gui": {
			"rotation": [28, -145, 0],
			"translation": [-2.25, 5.75, 0],
			"scale": [1.2, 1.2, 1.2]
		},
		"fixed": {
			"translation": [0, 4.5, 0]
		}
	},
	"groups": [
		{
			"name": "redpanda_claw",
			"origin": [8, 8, 8],
			"color": 0,
			"nbt": "{}",
			"armAnimationEnabled": false,
			"children": [
				{
					"name": "claw",
					"origin": [0, 0, 0],
					"color": 0,
					"nbt": "{}",
					"armAnimationEnabled": false,
					"children": [0, 1, 2, 3]
				},
				{
					"name": "base",
					"origin": [8, 8, 8],
					"color": 0,
					"nbt": "{}",
					"armAnimationEnabled": false,
					"children": [4, 5, 6]
				}
			]
		}
	]
}