{
	"credit": "Made with Blockbench",
	"texture_size": [32, 32],
	"textures": {
		"0": "snight_cosmetics_v1/redpanda_hat",
		"particle": "snight_cosmetics_v1/redpanda_hat"
	},
	"elements": [
		{
			"from": [9, 5, 3.5],
			"to": [12, 7, 3.5],
			"faces": {
				"north": {"uv": [0, 12, 1.5, 13], "texture": "#0"},
				"east": {"uv": [0, 0, 0, 1], "texture": "#0"},
				"south": {"uv": [1.5, 12, 3, 13], "texture": "#0"},
				"west": {"uv": [0, 0, 0, 1], "texture": "#0"},
				"up": {"uv": [1.5, 0, 0, 0], "texture": "#0"},
				"down": {"uv": [1.5, 0, 0, 0], "texture": "#0"}
			}
		},
		{
			"from": [4, 5, 3.5],
			"to": [7, 7, 3.5],
			"faces": {
				"north": {"uv": [3, 12, 4.5, 13], "texture": "#0"},
				"east": {"uv": [0, 0, 0, 1], "texture": "#0"},
				"south": {"uv": [4.5, 12, 6, 13], "texture": "#0"},
				"west": {"uv": [0, 0, 0, 1], "texture": "#0"},
				"up": {"uv": [1.5, 0, 0, 0], "texture": "#0"},
				"down": {"uv": [1.5, 0, 0, 0], "texture": "#0"}
			}
		},
		{
			"from": [4, 2, 4],
			"to": [12, 7, 12],
			"faces": {
				"north": {"uv": [5, 8, 9, 10.5], "texture": "#0"},
				"east": {"uv": [9, 0, 13, 2.5], "texture": "#0"},
				"south": {"uv": [9, 2.5, 13, 5], "texture": "#0"},
				"west": {"uv": [9, 5, 13, 7.5], "texture": "#0"},
				"up": {"uv": [9, 4, 5, 0], "texture": "#0"},
				"down": {"uv": [9, 4, 5, 8], "texture": "#0"}
			}
		},
		{
			"from": [3, 0, 3],
			"to": [13, 2, 13],
			"faces": {
				"north": {"uv": [9, 7.5, 14, 8.5], "texture": "#0"},
				"east": {"uv": [9, 8.5, 14, 9.5], "texture": "#0"},
				"south": {"uv": [9, 9.5, 14, 10.5], "texture": "#0"},
				"west": {"uv": [0, 10, 5, 11], "texture": "#0"},
				"up": {"uv": [5, 5, 0, 0], "texture": "#0"},
				"down": {"uv": [5, 5, 0, 10], "texture": "#0"}
			}
		},
		{
			"from": [6, 2, 2],
			"to": [10, 4, 4],
			"faces": {
				"north": {"uv": [0, 11, 2, 12], "texture": "#0"},
				"east": {"uv": [4, 11, 5, 12], "texture": "#0"},
				"south": {"uv": [2, 11, 4, 12], "texture": "#0"},
				"west": {"uv": [6, 12, 7, 13], "texture": "#0"},
				"up": {"uv": [13, 11.5, 11, 10.5], "texture": "#0"},
				"down": {"uv": [13, 11.5, 11, 12.5], "texture": "#0"}
			}
		},
		{
			"from": [3, 6, 7],
			"to": [6, 9, 8],
			"faces": {
				"north": {"uv": [5, 10.5, 6.5, 12], "texture": "#0"},
				"east": {"uv": [7, 12, 7.5, 13.5], "texture": "#0"},
				"south": {"uv": [6.5, 10.5, 8, 12], "texture": "#0"},
				"west": {"uv": [7.5, 12, 8, 13.5], "texture": "#0"},
				"up": {"uv": [9.5, 12.5, 8, 12], "texture": "#0"},
				"down": {"uv": [11, 12, 9.5, 12.5], "texture": "#0"}
			}
		},
		{
			"from": [10, 6, 7],
			"to": [13, 9, 8],
			"faces": {
				"north": {"uv": [8, 10.5, 9.5, 12], "texture": "#0"},
				"east": {"uv": [8, 12.5, 8.5, 14], "texture": "#0"},
				"south": {"uv": [9.5, 10.5, 11, 12], "texture": "#0"},
				"west": {"uv": [8.5, 12.5, 9, 14], "texture": "#0"},
				"up": {"uv": [10.5, 13, 9, 12.5], "texture": "#0"},
				"down": {"uv": [12, 12.5, 10.5, 13], "texture": "#0"}
			}
		}
	],
	"display": {
		"thirdperson_righthand": {
			"translation": [0, 4.75, 3.25],
			"scale": [0.6, 0.6, 0.6]
		},
		"thirdperson_lefthand": {
			"translation": [0, 4.75, 3.25],
			"scale": [0.6, 0.6, 0.6]
		},
		"firstperson_righthand": {
			"translation": [0, 2.25, 0]
		},
		"firstperson_lefthand": {
			"translation": [0, 2.25, 0]
		},
		"ground": {
			"translation": [0, 2.75, 0],
			"scale": [0.85, 0.85, 0.85]
		},
		"gui": {
			"rotation": [28, -145, 0],
			"translation": [0, 4.25, 0]
		},
		"head": {
			"rotation": [5, 0, 0],
			"translation": [0, 18, 0.75],
			"scale": [1.9, 1.9, 1.9]
		},
		"fixed": {
			"translation": [0, 3.5, 0]
		}
	},
	"groups": [
		{
			"name": "redpanda_hat",
			"origin": [8, 8, 8],
			"color": 0,
			"nbt": "{}",
			"armAnimationEnabled": false,
			"children": [
				{
					"name": "eyebrows",
					"origin": [0, 0, 0],
					"color": 0,
					"nbt": "{}",
					"armAnimationEnabled": false,
					"children": [0, 1]
				},
				{
					"name": "base",
					"origin": [0, 0, 0],
					"color": 0,
					"nbt": "{}",
					"armAnimationEnabled": false,
					"children": [2, 3]
				},
				{
					"name": "mouth",
					"origin": [8, 8, 8],
					"color": 0,
					"nbt": "{}",
					"armAnimationEnabled": false,
					"children": [4]
				},
				{
					"name": "ears",
					"origin": [0, 0, 0],
					"color": 0,
					"nbt": "{}",
					"armAnimationEnabled": false,
					"children": [5, 6]
				}
			]
		}
	]
}