{
	"credit": "Made with Blockbench",
	"texture_size": [64, 64],
	"textures": {
		"0": "snight_cosmetics_v1/royal_scepter",
		"particle": "snight_cosmetics_v1/royal_scepter"
	},
	"elements": [
		{
			"from": [4.5, -7, 5.5],
			"to": [7.5, -4, 8.5],
			"faces": {
				"north": {"uv": [7.75, 7.25, 8.5, 8], "texture": "#0"},
				"east": {"uv": [3, 8, 3.75, 8.75], "texture": "#0"},
				"south": {"uv": [3.75, 8, 4.5, 8.75], "texture": "#0"},
				"west": {"uv": [4.5, 8, 5.25, 8.75], "texture": "#0"},
				"up": {"uv": [6, 8.75, 5.25, 8], "texture": "#0"},
				"down": {"uv": [8.75, 5.5, 8, 6.25], "texture": "#0"}
			}
		},
		{
			"from": [5, -4, 6],
			"to": [7, 12, 8],
			"faces": {
				"north": {"uv": [1.5, 7, 2, 11], "texture": "#0"},
				"east": {"uv": [7, 1.5, 7.5, 5.5], "texture": "#0"},
				"south": {"uv": [2, 7, 2.5, 11], "texture": "#0"},
				"west": {"uv": [2.5, 7, 3, 11], "texture": "#0"},
				"up": {"uv": [8.75, 2.5, 8.25, 2], "texture": "#0"},
				"down": {"uv": [8.75, 2.5, 8.25, 3], "texture": "#0"}
			}
		},
		{
			"from": [5, 13, 6],
			"to": [7, 14, 8],
			"faces": {
				"north": {"uv": [8.5, 1, 9, 1.25], "texture": "#0"},
				"east": {"uv": [8.5, 1.25, 9, 1.5], "texture": "#0"},
				"south": {"uv": [8.5, 5, 9, 5.25], "texture": "#0"},
				"west": {"uv": [8.5, 5.25, 9, 5.5], "texture": "#0"},
				"up": {"uv": [8.75, 3.5, 8.25, 3], "texture": "#0"},
				"down": {"uv": [8.75, 3.5, 8.25, 4], "texture": "#0"}
			}
		},
		{
			"from": [4, 12, 5],
			"to": [8, 13, 9],
			"faces": {
				"north": {"uv": [7.75, 8.25, 8.75, 8.5], "texture": "#0"},
				"east": {"uv": [0, 8.5, 1, 8.75], "texture": "#0"},
				"south": {"uv": [8.5, 0, 9.5, 0.25], "texture": "#0"},
				"west": {"uv": [8.5, 0.25, 9.5, 0.5], "texture": "#0"},
				"up": {"uv": [4, 8, 3, 7], "texture": "#0"},
				"down": {"uv": [5, 7, 4, 8], "texture": "#0"}
			}
		},
		{
			"from": [3, 14, 4],
			"to": [9, 15, 10],
			"faces": {
				"north": {"uv": [8, 6.25, 9.5, 6.5], "texture": "#0"},
				"east": {"uv": [7.75, 8, 9.25, 8.25], "texture": "#0"},
				"south": {"uv": [8.25, 1.5, 9.75, 1.75], "texture": "#0"},
				"west": {"uv": [8.25, 1.75, 9.75, 2], "texture": "#0"},
				"up": {"uv": [1.5, 8.5, 0, 7], "texture": "#0"},
				"down": {"uv": [8.5, 0, 7, 1.5], "texture": "#0"}
			}
		},
		{
			"from": [4, 15, 5],
			"to": [8, 18, 9],
			"faces": {
				"north": {"uv": [7.5, 4, 8.5, 4.75], "texture": "#0"},
				"east": {"uv": [7.5, 4.75, 8.5, 5.5], "texture": "#0"},
				"south": {"uv": [7.75, 6.5, 8.75, 7.25], "texture": "#0"},
				"west": {"uv": [6.75, 7.75, 7.75, 8.5], "texture": "#0"},
				"up": {"uv": [6, 8, 5, 7], "texture": "#0"},
				"down": {"uv": [8, 5.5, 7, 6.5], "texture": "#0"}
			}
		},
		{
			"from": [5, 18, 6],
			"to": [7, 19, 8],
			"faces": {
				"north": {"uv": [8.5, 7.25, 9, 7.5], "texture": "#0"},
				"east": {"uv": [8.5, 7.5, 9, 7.75], "texture": "#0"},
				"south": {"uv": [7.75, 8.5, 8.25, 8.75], "texture": "#0"},
				"west": {"uv": [8.5, 7.75, 9, 8], "texture": "#0"},
				"up": {"uv": [6.5, 8.75, 6, 8.25], "texture": "#0"},
				"down": {"uv": [9, 0.5, 8.5, 1], "texture": "#0"}
			}
		},
		{
			"from": [1, 7, 0.75],
			"to": [8, 14, 0.75],
			"rotation": {"angle": -45, "axis": "y", "origin": [0, 0, 0]},
			"faces": {
				"north": {"uv": [0, 0, 1.75, 1.75], "texture": "#0"},
				"east": {"uv": [0, 0, 0, 1.75], "texture": "#0"},
				"south": {"uv": [0, 1.75, 1.75, 3.5], "texture": "#0"},
				"west": {"uv": [0, 0, 0, 1.75], "texture": "#0"},
				"up": {"uv": [1.75, 0, 0, 0], "texture": "#0"},
				"down": {"uv": [1.75, 0, 0, 0], "texture": "#0"}
			}
		},
		{
			"from": [10.25, 7, 0.75],
			"to": [17.25, 14, 0.75],
			"rotation": {"angle": -45, "axis": "y", "origin": [0, 0, 0]},
			"faces": {
				"north": {"uv": [1.75, 0, 3.5, 1.75], "texture": "#0"},
				"east": {"uv": [0, 0, 0, 1.75], "texture": "#0"},
				"south": {"uv": [1.75, 1.75, 3.5, 3.5], "texture": "#0"},
				"west": {"uv": [0, 0, 0, 1.75], "texture": "#0"},
				"up": {"uv": [1.75, 0, 0, 0], "texture": "#0"},
				"down": {"uv": [1.75, 0, 0, 0], "texture": "#0"}
			}
		},
		{
			"from": [11, 15, 0.75],
			"to": [18, 22, 0.75],
			"rotation": {"angle": -45, "axis": "y", "origin": [0, 0, 0]},
			"faces": {
				"north": {"uv": [0, 3.5, 1.75, 5.25], "texture": "#0"},
				"east": {"uv": [0, 0, 0, 1.75], "texture": "#0"},
				"south": {"uv": [3.5, 0, 5.25, 1.75], "texture": "#0"},
				"west": {"uv": [0, 0, 0, 1.75], "texture": "#0"},
				"up": {"uv": [1.75, 0, 0, 0], "texture": "#0"},
				"down": {"uv": [1.75, 0, 0, 0], "texture": "#0"}
			}
		},
		{
			"from": [9.5, 15, 2.5],
			"to": [9.5, 22, 9.5],
			"rotation": {"angle": -45, "axis": "y", "origin": [0, 0, 0]},
			"faces": {
				"north": {"uv": [0, 0, 0, 1.75], "texture": "#0"},
				"east": {"uv": [1.75, 3.5, 3.5, 5.25], "texture": "#0"},
				"south": {"uv": [0, 0, 0, 1.75], "texture": "#0"},
				"west": {"uv": [3.5, 1.75, 5.25, 3.5], "texture": "#0"},
				"up": {"uv": [0, 1.75, 0, 0], "texture": "#0"},
				"down": {"uv": [0, 0, 0, 1.75], "texture": "#0"}
			}
		},
		{
			"from": [9.5, 15, -8.25],
			"to": [9.5, 22, -1.25],
			"rotation": {"angle": -45, "axis": "y", "origin": [0, 0, 0]},
			"faces": {
				"north": {"uv": [0, 0, 0, 1.75], "texture": "#0"},
				"east": {"uv": [3.5, 3.5, 5.25, 5.25], "texture": "#0"},
				"south": {"uv": [0, 0, 0, 1.75], "texture": "#0"},
				"west": {"uv": [0, 5.25, 1.75, 7], "texture": "#0"},
				"up": {"uv": [0, 1.75, 0, 0], "texture": "#0"},
				"down": {"uv": [0, 0, 0, 1.75], "texture": "#0"}
			}
		},
		{
			"from": [0.25, 15, 0.75],
			"to": [7.25, 22, 0.75],
			"rotation": {"angle": -45, "axis": "y", "origin": [0, 0, 0]},
			"faces": {
				"north": {"uv": [5.25, 0, 7, 1.75], "texture": "#0"},
				"east": {"uv": [0, 0, 0, 1.75], "texture": "#0"},
				"south": {"uv": [1.75, 5.25, 3.5, 7], "texture": "#0"},
				"west": {"uv": [0, 0, 0, 1.75], "texture": "#0"},
				"up": {"uv": [1.75, 0, 0, 0], "texture": "#0"},
				"down": {"uv": [1.75, 0, 0, 0], "texture": "#0"}
			}
		},
		{
			"from": [9.25, 7, 2],
			"to": [9.25, 14, 9],
			"rotation": {"angle": -45, "axis": "y", "origin": [0, 0, 0]},
			"faces": {
				"north": {"uv": [0, 0, 0, 1.75], "texture": "#0"},
				"east": {"uv": [5.25, 1.75, 7, 3.5], "texture": "#0"},
				"south": {"uv": [0, 0, 0, 1.75], "texture": "#0"},
				"west": {"uv": [3.5, 5.25, 5.25, 7], "texture": "#0"},
				"up": {"uv": [0, 1.75, 0, 0], "texture": "#0"},
				"down": {"uv": [0, 0, 0, 1.75], "texture": "#0"}
			}
		},
		{
			"from": [9.25, 7, -7.25],
			"to": [9.25, 14, -0.25],
			"rotation": {"angle": -45, "axis": "y", "origin": [0, 0, 0]},
			"faces": {
				"north": {"uv": [0, 0, 0, 1.75], "texture": "#0"},
				"east": {"uv": [5.25, 3.5, 7, 5.25], "texture": "#0"},
				"south": {"uv": [0, 0, 0, 1.75], "texture": "#0"},
				"west": {"uv": [5.25, 5.25, 7, 7], "texture": "#0"},
				"up": {"uv": [0, 1.75, 0, 0], "texture": "#0"},
				"down": {"uv": [0, 0, 0, 1.75], "texture": "#0"}
			}
		},
		{
			"from": [9, 15, 6.5],
			"to": [9, 19, 7.5],
			"faces": {
				"north": {"uv": [0, 0, 0, 1], "texture": "#0"},
				"east": {"uv": [6.5, 8.25, 6.75, 9.25], "texture": "#0"},
				"south": {"uv": [0, 0, 0, 1], "texture": "#0"},
				"west": {"uv": [1, 8.5, 1.25, 9.5], "texture": "#0"},
				"up": {"uv": [0, 0.25, 0, 0], "texture": "#0"},
				"down": {"uv": [0, 0, 0, 0.25], "texture": "#0"}
			}
		},
		{
			"from": [3, 15, 6.5],
			"to": [3, 19, 7.5],
			"faces": {
				"north": {"uv": [0, 0, 0, 1], "texture": "#0"},
				"east": {"uv": [1.25, 8.5, 1.5, 9.5], "texture": "#0"},
				"south": {"uv": [0, 0, 0, 1], "texture": "#0"},
				"west": {"uv": [8.5, 4, 8.75, 5], "texture": "#0"},
				"up": {"uv": [0, 0.25, 0, 0], "texture": "#0"},
				"down": {"uv": [0, 0, 0, 0.25], "texture": "#0"}
			}
		},
		{
			"from": [5.5, 15, 4],
			"to": [6.5, 19, 4],
			"faces": {
				"north": {"uv": [6.75, 8.5, 7, 9.5], "texture": "#0"},
				"east": {"uv": [0, 0, 0, 1], "texture": "#0"},
				"south": {"uv": [7, 8.5, 7.25, 9.5], "texture": "#0"},
				"west": {"uv": [0, 0, 0, 1], "texture": "#0"},
				"up": {"uv": [0.25, 0, 0, 0], "texture": "#0"},
				"down": {"uv": [0.25, 0, 0, 0], "texture": "#0"}
			}
		},
		{
			"from": [5.5, 15, 10],
			"to": [6.5, 19, 10],
			"faces": {
				"north": {"uv": [7.25, 8.5, 7.5, 9.5], "texture": "#0"},
				"east": {"uv": [0, 0, 0, 1], "texture": "#0"},
				"south": {"uv": [7.5, 8.5, 7.75, 9.5], "texture": "#0"},
				"west": {"uv": [0, 0, 0, 1], "texture": "#0"},
				"up": {"uv": [0.25, 0, 0, 0], "texture": "#0"},
				"down": {"uv": [0.25, 0, 0, 0], "texture": "#0"}
			}
		},
		{
			"from": [5.5, 19, 4],
			"to": [6.5, 19, 6],
			"faces": {
				"north": {"uv": [0, 0, 0.25, 0], "texture": "#0"},
				"east": {"uv": [0, 0, 0.5, 0], "texture": "#0"},
				"south": {"uv": [0, 0, 0.25, 0], "texture": "#0"},
				"west": {"uv": [0, 0, 0.5, 0], "texture": "#0"},
				"up": {"uv": [7, 7.5, 6.75, 7], "texture": "#0"},
				"down": {"uv": [8.5, 8.5, 8.25, 9], "texture": "#0"}
			}
		},
		{
			"from": [7, 19, 6.5],
			"to": [9, 19, 7.5],
			"faces": {
				"north": {"uv": [0, 0, 0.5, 0], "texture": "#0"},
				"east": {"uv": [0, 0, 0.25, 0], "texture": "#0"},
				"south": {"uv": [0, 0, 0.5, 0], "texture": "#0"},
				"west": {"uv": [0, 0, 0.25, 0], "texture": "#0"},
				"up": {"uv": [9, 8.75, 8.5, 8.5], "texture": "#0"},
				"down": {"uv": [0.5, 8.75, 0, 9], "texture": "#0"}
			}
		},
		{
			"from": [3, 19, 6.5],
			"to": [5, 19, 7.5],
			"faces": {
				"north": {"uv": [0, 0, 0.5, 0], "texture": "#0"},
				"east": {"uv": [0, 0, 0.25, 0], "texture": "#0"},
				"south": {"uv": [0, 0, 0.5, 0], "texture": "#0"},
				"west": {"uv": [0, 0, 0.25, 0], "texture": "#0"},
				"up": {"uv": [1, 9, 0.5, 8.75], "texture": "#0"},
				"down": {"uv": [9.25, 2, 8.75, 2.25], "texture": "#0"}
			}
		},
		{
			"from": [5.5, 19, 8],
			"to": [6.5, 19, 10],
			"faces": {
				"north": {"uv": [0, 0, 0.25, 0], "texture": "#0"},
				"east": {"uv": [0, 0, 0.5, 0], "texture": "#0"},
				"south": {"uv": [0, 0, 0.25, 0], "texture": "#0"},
				"west": {"uv": [0, 0, 0.5, 0], "texture": "#0"},
				"up": {"uv": [9, 2.75, 8.75, 2.25], "texture": "#0"},
				"down": {"uv": [9, 2.75, 8.75, 3.25], "texture": "#0"}
			}
		},
		{
			"from": [9.25, 19, -0.5],
			"to": [9.25, 24, 2],
			"rotation": {"angle": -45, "axis": "y", "origin": [0, 0, 0]},
			"faces": {
				"north": {"uv": [0, 0, 0, 1.25], "texture": "#0"},
				"east": {"uv": [6, 7, 6.75, 8.25], "texture": "#0"},
				"south": {"uv": [0, 0, 0, 1.25], "texture": "#0"},
				"west": {"uv": [7, 6.5, 7.75, 7.75], "texture": "#0"},
				"up": {"uv": [0, 0.75, 0, 0], "texture": "#0"},
				"down": {"uv": [0, 0, 0, 0.75], "texture": "#0"}
			}
		},
		{
			"from": [8, 19, 0.75],
			"to": [10.5, 24, 0.75],
			"rotation": {"angle": -45, "axis": "y", "origin": [0, 0, 0]},
			"faces": {
				"north": {"uv": [7.5, 1.5, 8.25, 2.75], "texture": "#0"},
				"east": {"uv": [0, 0, 0, 1.25], "texture": "#0"},
				"south": {"uv": [7.5, 2.75, 8.25, 4], "texture": "#0"},
				"west": {"uv": [0, 0, 0, 1.25], "texture": "#0"},
				"up": {"uv": [0.75, 0, 0, 0], "texture": "#0"},
				"down": {"uv": [0.75, 0, 0, 0], "texture": "#0"}
			}
		}
	],
	"display": {
		"thirdperson_righthand": {
			"rotation": [26, 0, 0],
			"translation": [2.5, 4, 5.5],
			"scale": [0.95, 0.95, 0.95]
		},
		"thirdperson_lefthand": {
			"rotation": [26, 0, 0],
			"translation": [-1.25, 4, 5.5],
			"scale": [0.95, 0.95, 0.95]
		},
		"firstperson_righthand": {
			"rotation": [-19, 0, 0],
			"translation": [2, -0.5, 0],
			"scale": [0.9, 0.9, 0.9]
		},
		"firstperson_lefthand": {
			"rotation": [-19, 0, 0],
			"translation": [2, -0.5, 0],
			"scale": [0.9, 0.9, 0.9]
		},
		"ground": {
			"translation": [0.75, 4.25, 0.75],
			"scale": [0.6, 0.6, 0.6]
		},
		"gui": {
			"rotation": [20, 57, 0],
			"translation": [0.75, 0, 0],
			"scale": [0.5, 0.5, 0.5]
		}
	},
	"groups": [
		{
			"name": "royal_scepter",
			"origin": [8, 8, 8],
			"color": 0,
			"nbt": "{}",
			"armAnimationEnabled": false,
			"children": [
				{
					"name": "base",
					"origin": [8, 8, 8],
					"color": 0,
					"nbt": "{}",
					"armAnimationEnabled": false,
					"children": [0, 1, 2, 3, 4, 5, 6]
				},
				{
					"name": "decorations",
					"origin": [0, 0, 0],
					"color": 0,
					"nbt": "{}",
					"armAnimationEnabled": false,
					"children": [7, 8, 9, 10, 11, 12, 13, 14, 15, 16, 17, 18, 19, 20, 21, 22, 23, 24]
				}
			]
		}
	]
}