{
	"credit": "Made with Blockbench",
	"texture_size": [64, 64],
	"textures": {
		"0": "snight_cosmetics_v1/royal_cloak",
		"particle": "snight_cosmetics_v1/royal_cloak"
	},
	"elements": [
		{
			"from": [0, 6, 5],
			"to": [16, 20, 7],
			"faces": {
				"north": {"uv": [0, 0, 4, 3.5], "texture": "#0"},
				"east": {"uv": [0, 8, 0.5, 11.5], "texture": "#0"},
				"south": {"uv": [0, 3.5, 4, 7], "texture": "#0"},
				"west": {"uv": [8, 0, 8.5, 3.5], "texture": "#0"},
				"up": {"uv": [4, 7.5, 0, 7], "texture": "#0"},
				"down": {"uv": [8, 7, 4, 7.5], "texture": "#0"}
			}
		},
		{
			"from": [0, -10.5, 7],
			"to": [16, 3.5, 9],
			"rotation": {"angle": -22.5, "axis": "x", "origin": [0, 0, 0]},
			"faces": {
				"north": {"uv": [4, 0, 8, 3.5], "texture": "#0"},
				"east": {"uv": [0.5, 8, 1, 11.5], "texture": "#0"},
				"south": {"uv": [4, 3.5, 8, 7], "texture": "#0"},
				"west": {"uv": [1, 8, 1.5, 11.5], "texture": "#0"},
				"up": {"uv": [4, 8, 0, 7.5], "texture": "#0"},
				"down": {"uv": [8, 7.5, 4, 8], "texture": "#0"}
			}
		}
	],
	"display": {
		"thirdperson_righthand": {
			"rotation": [-76, 0, 0],
			"translation": [0, 0.75, 3],
			"scale": [0.3, 0.3, 0.3]
		},
		"thirdperson_lefthand": {
			"rotation": [-76, 0, 0],
			"translation": [0, 0.75, 3],
			"scale": [0.3, 0.3, 0.3]
		},
		"firstperson_righthand": {
			"rotation": [-5, 0, 0],
			"translation": [0, -1, 0],
			"scale": [0.5, 0.5, 0.5]
		},
		"firstperson_lefthand": {
			"rotation": [-5, 0, 0],
			"translation": [0, -1, 0],
			"scale": [0.5, 0.5, 0.5]
		},
		"ground": {
			"translation": [0, 3, 0],
			"scale": [0.5, 0.5, 0.5]
		},
		"gui": {
			"rotation": [-8, -40, 0],
			"translation": [0, 0.25, 0],
			"scale": [0.5, 0.5, 0.5]
		},
		"head": {
			"rotation": [-14, 0, 0],
			"translation": [0.5, -53.5, 8.75],
			"scale": [1.15, 1.2, 1.2]
		}
	},
	"groups": [
		{
			"name": "royal_cloak",
			"origin": [8, 8, 8],
			"color": 0,
			"nbt": "{}",
			"armAnimationEnabled": false,
			"children": [
				{
					"name": "base",
					"origin": [8, 8, 8],
					"color": 0,
					"nbt": "{}",
					"armAnimationEnabled": false,
					"children": [0, 1]
				}
			]
		}
	]
}