{"credit":"MadewithBlockbench","texture_size":[128,128],"textures":{"0":"cosmetic:custom/item/backpack","particle":"cosmetic:custom/item/backpack"},"elements":[{"from":[0,14,5],"to":[16,22,11],"rotation":{"angle":0,"axis":"y","origin":[12,0,17]},"faces":{"north":{"uv":[9,2.75,13.625,5.125],"texture":"#0"},"east":{"uv":[9,2.75,10.625,5.125],"texture":"#0"},"south":{"uv":[9,2.75,13.625,5.125],"texture":"#0"},"west":{"uv":[9,2.75,13.375,4],"texture":"#0"},"up":{"uv":[9,2.75,13.625,5.125],"rotation":180,"texture":"#0"},"down":{"uv":[9,2.75,13.625,5.125],"rotation":180,"texture":"#0"}}},{"from":[16,-3,6],"to":[20,11,11],"rotation":{"angle":0,"axis":"y","origin":[12,0,17]},"faces":{"north":{"uv":[13.625,5.375,14.875,8.875],"texture":"#0"},"east":{"uv":[13.625,5.375,14.875,8.875],"texture":"#0"},"south":{"uv":[13.625,5.375,14.875,8.875],"texture":"#0"},"west":{"uv":[13.625,5.375,14.875,8.875],"texture":"#0"},"up":{"uv":[13.625,5.375,14.875,8.875],"texture":"#0"},"down":{"uv":[13.625,5.375,14.875,8.875],"texture":"#0"}}},{"from":[-4,-3,6],"to":[0,11,11],"rotation":{"angle":0,"axis":"y","origin":[12,0,17]},"faces":{"north":{"uv":[13.625,5.375,14.875,8.875],"texture":"#0"},"east":{"uv":[13.625,5.375,14.875,8.875],"texture":"#0"},"south":{"uv":[13.625,5.375,14.875,8.875],"texture":"#0"},"west":{"uv":[13.625,5.375,14.875,8.875],"texture":"#0"},"up":{"uv":[13.625,5.375,14.875,8.875],"texture":"#0"},"down":{"uv":[13.625,5.375,14.875,8.875],"texture":"#0"}}},{"from":[0,0,5],"to":[16,14,13],"rotation":{"angle":0,"axis":"y","origin":[12,0,17]},"faces":{"north":{"uv":[9,9.375,13.625,14.75],"texture":"#0","tintindex":0},"east":{"uv":[9.125,10.625,11.375,14.75],"texture":"#0","tintindex":0},"south":{"uv":[9.125,5.125,13.5,9.375],"texture":"#0","tintindex":0},"west":{"uv":[9.125,10.625,11.25,14.75],"texture":"#0","tintindex":0},"up":{"uv":[9,5.125,13.625,6.5],"rotation":180,"texture":"#0","tintindex":0},"down":{"uv":[9,4,13.625,5.375],"rotation":180,"texture":"#0"}}},{"from":[3,10,-1],"to":[4,20,5],"faces":{"north":{"uv":[3.625,4.625,0,9.75],"texture":"#0"},"east":{"uv":[3.875,4.625,7.375,9.125],"texture":"#0"},"south":{"uv":[7.375,4.625,3.75,9.75],"texture":"#0"},"west":{"uv":[7.375,4.5,3.875,9.125],"texture":"#0"},"up":{"uv":[3.625,4.75,0,9.875],"texture":"#0"},"down":{"uv":[3.625,4.625,0,9.75],"texture":"#0"}}},{"from":[11,10,-1],"to":[12,20,5],"faces":{"north":{"uv":[3.625,4.625,0,9.75],"texture":"#0"},"east":{"uv":[3.875,4.625,7.375,9.125],"texture":"#0"},"south":{"uv":[7.375,4.625,3.75,9.75],"texture":"#0"},"west":{"uv":[7.375,4.5,3.875,9.125],"texture":"#0"},"up":{"uv":[3.625,4.75,0,9.875],"texture":"#0"},"down":{"uv":[3.625,4.625,0,9.75],"texture":"#0"}}}],"gui_light":"front","display":{"thirdperson_righthand":{"scale":[0.51758,0.51758,0.51758]},"thirdperson_lefthand":{"scale":[0.51758,0.51758,0.51758]},"gui":{"rotation":[0,-28,0],"translation":[0.25,-1,0],"scale":[0.59961,0.59961,0.59961]},"head":{"translation":[0,-54.5,9.25],"scale":[1.10937,1.10937,1.10937]},"fixed":{"rotation":[-180,29,-180],"translation":[0,0,-2],"scale":[0.63867,0.63867,0.63867]}},"groups":[{"name":"group","origin":[0,0,0],"color":0,"nbt":"{}","armAnimationEnabled":false,"children":[0,1,2,3,4,5]}]}