{"credit":"MadewithBlockbench","texture_size":[64,64],"textures":{"0":"cosmetic:custom/item/spray"},"elements":[{"from":[0,0,0],"to":[16,25,16],"rotation":{"angle":0,"axis":"y","origin":[0,12.5,0]},"faces":{"north":{"uv":[4.25,4,11.75,15],"texture":"#0"},"east":{"uv":[10.25,4,11.75,15],"texture":"#0"},"south":{"uv":[4.25,4,11.75,15],"texture":"#0"},"west":{"uv":[10.5,4,11.75,15],"texture":"#0"},"up":{"uv":[4.25,4,11.75,15],"texture":"#0"},"down":{"uv":[5,3.25,11,4],"texture":"#0"}}},{"from":[2,24,2],"to":[14,27,14],"rotation":{"angle":0,"axis":"y","origin":[0,25.5,0]},"faces":{"north":{"uv":[5,3.25,11,4],"texture":"#0"},"east":{"uv":[5,3.25,11,4],"texture":"#0"},"south":{"uv":[5,3.25,11,4],"texture":"#0"},"west":{"uv":[5,3.25,11,4],"texture":"#0"},"up":{"uv":[5,3.25,11,4],"texture":"#0"},"down":{"uv":[5,3.25,11,4],"texture":"#0"}}},{"from":[3,26,3],"to":[13,28,13],"rotation":{"angle":0,"axis":"y","origin":[0,28,0]},"faces":{"north":{"uv":[5.75,2.75,10.25,3.25],"texture":"#0"},"east":{"uv":[5.75,2.75,10.25,3.25],"texture":"#0"},"south":{"uv":[5.75,2.75,10.25,3.25],"texture":"#0"},"west":{"uv":[5.75,2.75,10.25,3.25],"texture":"#0"},"up":{"uv":[5.75,2.75,10.25,3.25],"texture":"#0"},"down":{"uv":[5.75,2.75,10.25,3.25],"texture":"#0"}}},{"from":[6,28,6],"to":[10,32,10],"rotation":{"angle":0,"axis":"y","origin":[0,31,0]},"faces":{"north":{"uv":[7,1,8.75,2.75],"texture":"#0"},"east":{"uv":[7,1,8.75,2.75],"texture":"#0"},"south":{"uv":[7,1,8.75,2.75],"texture":"#0"},"west":{"uv":[7,1,8.75,2.75],"texture":"#0"},"up":{"uv":[7,1,8.75,2.75],"texture":"#0"},"down":{"uv":[7,1,8.75,2.75],"texture":"#0"}}}],"gui_light":"front","display":{"thirdperson_righthand":{"scale":[0.26563,0.26563,0.26563]},"thirdperson_lefthand":{"scale":[0.26563,0.26563,0.26563]},"firstperson_righthand":{"translation":[3.5,0,0],"scale":[0.15039,0.15039,0.15039]},"firstperson_lefthand":{"translation":[3.5,0,0],"scale":[0.15039,0.15039,0.15039]},"ground":{"scale":[0.24609,0.24609,0.24609]},"gui":{"rotation":[-1.03,-3.87,-14.26],"translation":[-1.25,-3.25,0],"scale":[0.41992,0.41992,0.41992]},"head":{"translation":[0,8.5,0],"scale":[0.21094,0.21094,0.21094]},"fixed":{"translation":[0,0,-8.25]}}}