{
	"credit": "Made with Blockbench",
	"texture_size": [64, 64],
	"textures": {
		"2": "snights_pet_backpacks/bird_backpack",
		"particle": "snights_pet_backpacks/bird_backpack"
	},
	"elements": [
		{
			"from": [6.5, 7, 5],
			"to": [9.5, 10, 10],
			"rotation": {"angle": 0, "axis": "y", "origin": [0.5, -1, 1]},
			"faces": {
				"north": {"uv": [4, 6.5, 4.75, 7.25], "texture": "#2"},
				"east": {"uv": [2, 6, 3.25, 6.75], "texture": "#2"},
				"south": {"uv": [6.75, 1.75, 7.5, 2.5], "texture": "#2"},
				"west": {"uv": [6.5, 0, 7.75, 0.75], "texture": "#2"},
				"up": {"uv": [4, 7.25, 3.25, 6], "texture": "#2"},
				"down": {"uv": [5.5, 6, 4.75, 7.25], "texture": "#2"}
			}
		},
		{
			"from": [6.5, 9, 2],
			"to": [9.5, 9, 5],
			"rotation": {"angle": 0, "axis": "y", "origin": [0.5, -1, 1]},
			"faces": {
				"north": {"uv": [0, 0, 0.75, 0], "texture": "#2"},
				"east": {"uv": [0, 0, 0.75, 0], "texture": "#2"},
				"south": {"uv": [0, 0, 0.75, 0], "texture": "#2"},
				"west": {"uv": [0, 0, 0.75, 0], "texture": "#2"},
				"up": {"uv": [2.75, 7.5, 2, 6.75], "texture": "#2"},
				"down": {"uv": [7.5, 2.5, 6.75, 3.25], "texture": "#2"}
			}
		},
		{
			"from": [6.5, 9, 9],
			"to": [9.5, 12, 12],
			"rotation": {"angle": 0, "axis": "y", "origin": [0.5, -1, 1]},
			"faces": {
				"north": {"uv": [6.75, 3.25, 7.5, 4], "texture": "#2"},
				"east": {"uv": [6.75, 4.5, 7.5, 5.25], "texture": "#2"},
				"south": {"uv": [6.75, 5.25, 7.5, 6], "texture": "#2"},
				"west": {"uv": [5.75, 6.75, 6.5, 7.5], "texture": "#2"},
				"up": {"uv": [7.25, 7.5, 6.5, 6.75], "texture": "#2"},
				"down": {"uv": [0.75, 7, 0, 7.75], "texture": "#2"}
			}
		},
		{
			"from": [0.75, 9.75, 6],
			"to": [1.75, 11.75, 10],
			"rotation": {"angle": -22.5, "axis": "z", "origin": [0.5, -1, 1]},
			"faces": {
				"north": {"uv": [7.75, 2.75, 8, 3.25], "texture": "#2"},
				"east": {"uv": [6.75, 6, 7.75, 6.5], "texture": "#2"},
				"south": {"uv": [4, 7.75, 4.25, 8.25], "texture": "#2"},
				"west": {"uv": [0.75, 7, 1.75, 7.5], "texture": "#2"},
				"up": {"uv": [5, 6, 4.75, 5], "texture": "#2"},
				"down": {"uv": [6, 7.5, 5.75, 8.5], "texture": "#2"}
			}
		},
		{
			"from": [1.75, 9.75, 3],
			"to": [1.75, 11.75, 6],
			"rotation": {"angle": -22.5, "axis": "z", "origin": [0.5, -1, 1]},
			"faces": {
				"north": {"uv": [0, 0, 0, 0.5], "texture": "#2"},
				"east": {"uv": [4.75, 7.25, 5.5, 7.75], "texture": "#2"},
				"south": {"uv": [0, 0, 0, 0.5], "texture": "#2"},
				"west": {"uv": [7.25, 7, 8, 7.5], "texture": "#2"},
				"up": {"uv": [0, 0.75, 0, 0], "texture": "#2"},
				"down": {"uv": [0, 0, 0, 0.75], "texture": "#2"}
			}
		},
		{
			"from": [13, 3.75, 6],
			"to": [14, 5.75, 10],
			"rotation": {"angle": 22.5, "axis": "z", "origin": [0.5, -1, 1]},
			"faces": {
				"north": {"uv": [4.25, 7.75, 4.5, 8.25], "texture": "#2"},
				"east": {"uv": [2.75, 7.25, 3.75, 7.75], "texture": "#2"},
				"south": {"uv": [4.5, 7.75, 4.75, 8.25], "texture": "#2"},
				"west": {"uv": [3.75, 7.25, 4.75, 7.75], "texture": "#2"},
				"up": {"uv": [6.25, 8.5, 6, 7.5], "texture": "#2"},
				"down": {"uv": [6.5, 7.5, 6.25, 8.5], "texture": "#2"}
			}
		},
		{
			"from": [13, 3.75, 3],
			"to": [13, 5.75, 6],
			"rotation": {"angle": 22.5, "axis": "z", "origin": [0.5, -1, 1]},
			"faces": {
				"north": {"uv": [0, 0, 0, 0.5], "texture": "#2"},
				"east": {"uv": [0.75, 7.5, 1.5, 8], "texture": "#2"},
				"south": {"uv": [0, 0, 0, 0.5], "texture": "#2"},
				"west": {"uv": [1.5, 7.5, 2.25, 8], "texture": "#2"},
				"up": {"uv": [0, 0.75, 0, 0], "texture": "#2"},
				"down": {"uv": [0, 0, 0, 0.75], "texture": "#2"}
			}
		},
		{
			"from": [7, 9, 12],
			"to": [9, 10, 14],
			"rotation": {"angle": 0, "axis": "y", "origin": [0.5, -1, 1]},
			"faces": {
				"north": {"uv": [7.5, 3.75, 8, 4], "texture": "#2"},
				"east": {"uv": [7.75, 0.5, 8.25, 0.75], "texture": "#2"},
				"south": {"uv": [7.75, 4.5, 8.25, 4.75], "texture": "#2"},
				"west": {"uv": [4.75, 7.75, 5.25, 8], "texture": "#2"},
				"up": {"uv": [3.25, 7.25, 2.75, 6.75], "texture": "#2"},
				"down": {"uv": [8, 3.25, 7.5, 3.75], "texture": "#2"}
			}
		},
		{
			"from": [8.5, 5, 7],
			"to": [9.5, 7, 7],
			"rotation": {"angle": 0, "axis": "y", "origin": [0.5, -1, 1]},
			"faces": {
				"north": {"uv": [7.75, 4.75, 8, 5.25], "texture": "#2"},
				"east": {"uv": [0, 0, 0, 0.5], "texture": "#2"},
				"south": {"uv": [5.25, 7.75, 5.5, 8.25], "texture": "#2"},
				"west": {"uv": [0, 0, 0, 0.5], "texture": "#2"},
				"up": {"uv": [0.25, 0, 0, 0], "texture": "#2"},
				"down": {"uv": [0.25, 0, 0, 0], "texture": "#2"}
			}
		},
		{
			"from": [6.5, 5, 7],
			"to": [7.5, 7, 7],
			"rotation": {"angle": 0, "axis": "y", "origin": [0.5, -1, 1]},
			"faces": {
				"north": {"uv": [1.75, 7, 2, 7.5], "texture": "#2"},
				"east": {"uv": [0, 0, 0, 0.5], "texture": "#2"},
				"south": {"uv": [7.75, 0, 8, 0.5], "texture": "#2"},
				"west": {"uv": [0, 0, 0, 0.5], "texture": "#2"},
				"up": {"uv": [0.25, 0, 0, 0], "texture": "#2"},
				"down": {"uv": [0.25, 0, 0, 0], "texture": "#2"}
			}
		},
		{
			"from": [6.5, 5, 7],
			"to": [7.5, 5, 8],
			"rotation": {"angle": 0, "axis": "y", "origin": [0.5, -1, 1]},
			"faces": {
				"north": {"uv": [0, 0, 0.25, 0], "texture": "#2"},
				"east": {"uv": [0, 0, 0.25, 0], "texture": "#2"},
				"south": {"uv": [0, 0, 0.25, 0], "texture": "#2"},
				"west": {"uv": [0, 0, 0.25, 0], "texture": "#2"},
				"up": {"uv": [8, 5.5, 7.75, 5.25], "texture": "#2"},
				"down": {"uv": [8, 5.5, 7.75, 5.75], "texture": "#2"}
			}
		},
		{
			"from": [8.5, 5, 7],
			"to": [9.5, 5, 8],
			"rotation": {"angle": 0, "axis": "y", "origin": [0.5, -1, 1]},
			"faces": {
				"north": {"uv": [0, 0, 0.25, 0], "texture": "#2"},
				"east": {"uv": [0, 0, 0.25, 0], "texture": "#2"},
				"south": {"uv": [0, 0, 0.25, 0], "texture": "#2"},
				"west": {"uv": [0, 0, 0.25, 0], "texture": "#2"},
				"up": {"uv": [8, 6, 7.75, 5.75], "texture": "#2"},
				"down": {"uv": [8, 6, 7.75, 6.25], "texture": "#2"}
			}
		},
		{
			"from": [2, 1, 0],
			"to": [3, 5, 4],
			"faces": {
				"north": {"uv": [6.5, 7.5, 6.75, 8.5], "texture": "#2"},
				"east": {"uv": [5.75, 4.5, 6.75, 5.5], "texture": "#2"},
				"south": {"uv": [6.75, 7.5, 7, 8.5], "texture": "#2"},
				"west": {"uv": [5.75, 5.5, 6.75, 6.5], "texture": "#2"},
				"up": {"uv": [7.25, 8.5, 7, 7.5], "texture": "#2"},
				"down": {"uv": [7.5, 7.5, 7.25, 8.5], "texture": "#2"}
			}
		},
		{
			"from": [3, 0, 0],
			"to": [13, 1, 8],
			"faces": {
				"north": {"uv": [6.5, 0.75, 9, 1], "texture": "#2"},
				"east": {"uv": [6.75, 4, 8.75, 4.25], "texture": "#2"},
				"south": {"uv": [6.5, 1, 9, 1.25], "texture": "#2"},
				"west": {"uv": [7.25, 6.75, 9.25, 7], "texture": "#2"},
				"up": {"uv": [5, 2, 2.5, 0], "texture": "#2"},
				"down": {"uv": [5, 2, 2.5, 4], "texture": "#2"}
			}
		},
		{
			"from": [3, 1, 1],
			"to": [4, 5, 7],
			"faces": {
				"north": {"uv": [7.5, 7.5, 7.75, 8.5], "texture": "#2"},
				"east": {"uv": [5, 0, 6.5, 1], "texture": "#2"},
				"south": {"uv": [0, 7.75, 0.25, 8.75], "texture": "#2"},
				"west": {"uv": [5, 1, 6.5, 2], "texture": "#2"},
				"up": {"uv": [7.75, 3.25, 7.5, 1.75], "texture": "#2"},
				"down": {"uv": [2.5, 7.5, 2.25, 9], "texture": "#2"}
			}
		},
		{
			"from": [12, 1, 1],
			"to": [13, 5, 7],
			"faces": {
				"north": {"uv": [0.25, 7.75, 0.5, 8.75], "texture": "#2"},
				"east": {"uv": [5, 2, 6.5, 3], "texture": "#2"},
				"south": {"uv": [0.5, 7.75, 0.75, 8.75], "texture": "#2"},
				"west": {"uv": [2.5, 5, 4, 6], "texture": "#2"},
				"up": {"uv": [2.75, 9, 2.5, 7.5], "texture": "#2"},
				"down": {"uv": [7.75, 4.5, 7.5, 6], "texture": "#2"}
			}
		},
		{
			"from": [3, 1, 7],
			"to": [13, 5, 8],
			"faces": {
				"north": {"uv": [2.5, 4, 5, 5], "texture": "#2"},
				"east": {"uv": [7.75, 1.75, 8, 2.75], "texture": "#2"},
				"south": {"uv": [0, 5, 2.5, 6], "texture": "#2"},
				"west": {"uv": [2.75, 7.75, 3, 8.75], "texture": "#2"},
				"up": {"uv": [9, 1.5, 6.5, 1.25], "texture": "#2"},
				"down": {"uv": [9, 1.5, 6.5, 1.75], "texture": "#2"}
			}
		},
		{
			"from": [3, 5, 1],
			"to": [3, 11, 4],
			"faces": {
				"north": {"uv": [0, 0, 0, 1.5], "texture": "#2"},
				"east": {"uv": [5, 3, 5.75, 4.5], "texture": "#2"},
				"south": {"uv": [0, 0, 0, 1.5], "texture": "#2"},
				"west": {"uv": [4, 5, 4.75, 6.5], "texture": "#2"},
				"up": {"uv": [0, 0.75, 0, 0], "texture": "#2"},
				"down": {"uv": [0, 0, 0, 0.75], "texture": "#2"}
			}
		},
		{
			"from": [13, 5, 1],
			"to": [13, 11, 4],
			"faces": {
				"north": {"uv": [0, 0, 0, 1.5], "texture": "#2"},
				"east": {"uv": [5, 4.5, 5.75, 6], "texture": "#2"},
				"south": {"uv": [0, 0, 0, 1.5], "texture": "#2"},
				"west": {"uv": [5.75, 3, 6.5, 4.5], "texture": "#2"},
				"up": {"uv": [0, 0.75, 0, 0], "texture": "#2"},
				"down": {"uv": [0, 0, 0, 0.75], "texture": "#2"}
			}
		},
		{
			"from": [3, 1, 0],
			"to": [13, 11, 1],
			"faces": {
				"north": {"uv": [0, 0, 2.5, 2.5], "texture": "#2"},
				"east": {"uv": [5.5, 6, 5.75, 8.5], "texture": "#2"},
				"south": {"uv": [0, 2.5, 2.5, 5], "texture": "#2"},
				"west": {"uv": [6.5, 1.75, 6.75, 4.25], "texture": "#2"},
				"up": {"uv": [9, 4.5, 6.5, 4.25], "texture": "#2"},
				"down": {"uv": [8.25, 6.5, 5.75, 6.75], "texture": "#2"}
			}
		},
		{
			"from": [13, 1, 0],
			"to": [14, 5, 4],
			"faces": {
				"north": {"uv": [3, 7.75, 3.25, 8.75], "texture": "#2"},
				"east": {"uv": [0, 6, 1, 7], "texture": "#2"},
				"south": {"uv": [3.25, 7.75, 3.5, 8.75], "texture": "#2"},
				"west": {"uv": [1, 6, 2, 7], "texture": "#2"},
				"up": {"uv": [3.75, 8.75, 3.5, 7.75], "texture": "#2"},
				"down": {"uv": [4, 7.75, 3.75, 8.75], "texture": "#2"}
			}
		}
	],
	"display": {
		"thirdperson_righthand": {
			"rotation": [0, -180, 0],
			"translation": [0, -0.75, -4],
			"scale": [0.5, 0.5, 0.5]
		},
		"thirdperson_lefthand": {
			"rotation": [0, -180, 0],
			"translation": [0, -0.75, -4],
			"scale": [0.5, 0.5, 0.5]
		},
		"firstperson_righthand": {
			"rotation": [0, -180, 0],
			"translation": [0, 0, -2],
			"scale": [0.7, 0.7, 0.7]
		},
		"firstperson_lefthand": {
			"rotation": [0, -180, 0],
			"translation": [0, 0, -2],
			"scale": [0.7, 0.7, 0.7]
		},
		"ground": {
			"translation": [0, 0.5, 2.5],
			"scale": [0.7, 0.7, 0.7]
		},
		"gui": {
			"rotation": [25, 32, 0],
			"translation": [1.5, 0, 0],
			"scale": [0.7, 0.7, 0.7]
		},
		"head": {
			"translation": [0, -44.5, 13.5],
			"scale": [1.3, 1.3, 1.3]
		}
	},
	"groups": [
		{
			"name": "bird_backpack",
			"origin": [8, 8, 8],
			"color": 0,
			"nbt": "{}",
			"armAnimationEnabled": false,
			"children": [
				{
					"name": "bird",
					"origin": [8, 8, 8],
					"color": 0,
					"nbt": "{}",
					"armAnimationEnabled": false,
					"children": [0, 1, 2, 3, 4, 5, 6, 7, 8, 9, 10, 11]
				},
				{
					"name": "backpack",
					"origin": [8, 8, 8],
					"color": 0,
					"nbt": "{}",
					"armAnimationEnabled": false,
					"children": [12, 13, 14, 15, 16, 17, 18, 19, 20]
				}
			]
		}
	]
}