{
	"credit": "Made with Blockbench",
	"texture_size": [64, 64],
	"textures": {
		"1": "snights_pet_backpacks/dragon_backpack"
	},
	"elements": [
		{
			"from": [2, 1, 0],
			"to": [3, 5, 4],
			"faces": {
				"north": {"uv": [3.5, 8.25, 3.75, 9.25], "texture": "#1"},
				"east": {"uv": [5.25, 7, 6.25, 8], "texture": "#1"},
				"south": {"uv": [3.75, 8.25, 4, 9.25], "texture": "#1"},
				"west": {"uv": [6.25, 7, 7.25, 8], "texture": "#1"},
				"up": {"uv": [8.5, 4.75, 8.25, 3.75], "texture": "#1"},
				"down": {"uv": [8.5, 5.75, 8.25, 6.75], "texture": "#1"}
			}
		},
		{
			"from": [3, 0, 0],
			"to": [13, 1, 8],
			"faces": {
				"north": {"uv": [7.25, 1, 9.75, 1.25], "texture": "#1"},
				"east": {"uv": [7.5, 1.75, 9.5, 2], "texture": "#1"},
				"south": {"uv": [7.25, 6.75, 9.75, 7], "texture": "#1"},
				"west": {"uv": [7.5, 2, 9.5, 2.25], "texture": "#1"},
				"up": {"uv": [5, 2, 2.5, 0], "texture": "#1"},
				"down": {"uv": [5, 2, 2.5, 4], "texture": "#1"}
			}
		},
		{
			"from": [3, 1, 1],
			"to": [4, 5, 7],
			"faces": {
				"north": {"uv": [8.25, 7.5, 8.5, 8.5], "texture": "#1"},
				"east": {"uv": [6, 1.25, 7.5, 2.25], "texture": "#1"},
				"south": {"uv": [8.5, 2.25, 8.75, 3.25], "texture": "#1"},
				"west": {"uv": [6, 2.25, 7.5, 3.25], "texture": "#1"},
				"up": {"uv": [7.25, 9.5, 7, 8], "texture": "#1"},
				"down": {"uv": [2.25, 8.25, 2, 9.75], "texture": "#1"}
			}
		},
		{
			"from": [12, 1, 1],
			"to": [13, 5, 7],
			"faces": {
				"north": {"uv": [8.5, 3.75, 8.75, 4.75], "texture": "#1"},
				"east": {"uv": [5.75, 6, 7.25, 7], "texture": "#1"},
				"south": {"uv": [5, 8.5, 5.25, 9.5], "texture": "#1"},
				"west": {"uv": [6.25, 3.25, 7.75, 4.25], "texture": "#1"},
				"up": {"uv": [2.5, 9.75, 2.25, 8.25], "texture": "#1"},
				"down": {"uv": [2.75, 8.25, 2.5, 9.75], "texture": "#1"}
			}
		},
		{
			"from": [3, 1, 7],
			"to": [13, 5, 8],
			"faces": {
				"north": {"uv": [2.5, 4, 5, 5], "texture": "#1"},
				"east": {"uv": [5.25, 8.5, 5.5, 9.5], "texture": "#1"},
				"south": {"uv": [0, 5, 2.5, 6], "texture": "#1"},
				"west": {"uv": [5.5, 8.5, 5.75, 9.5], "texture": "#1"},
				"up": {"uv": [9.75, 7.25, 7.25, 7], "texture": "#1"},
				"down": {"uv": [9.75, 7.25, 7.25, 7.5], "texture": "#1"}
			}
		},
		{
			"from": [3, 5, 1],
			"to": [3, 11, 4],
			"faces": {
				"north": {"uv": [0, 0, 0, 1.5], "texture": "#1"},
				"east": {"uv": [4.5, 6.25, 5.25, 7.75], "texture": "#1"},
				"south": {"uv": [0, 0, 0, 1.5], "texture": "#1"},
				"west": {"uv": [2.5, 6.75, 3.25, 8.25], "texture": "#1"},
				"up": {"uv": [0, 0.75, 0, 0], "texture": "#1"},
				"down": {"uv": [0, 0, 0, 0.75], "texture": "#1"}
			}
		},
		{
			"from": [13, 5, 1],
			"to": [13, 11, 4],
			"faces": {
				"north": {"uv": [0, 0, 0, 1.5], "texture": "#1"},
				"east": {"uv": [3.25, 6.75, 4, 8.25], "texture": "#1"},
				"south": {"uv": [0, 0, 0, 1.5], "texture": "#1"},
				"west": {"uv": [7, 4.25, 7.75, 5.75], "texture": "#1"},
				"up": {"uv": [0, 0.75, 0, 0], "texture": "#1"},
				"down": {"uv": [0, 0, 0, 0.75], "texture": "#1"}
			}
		},
		{
			"from": [3, 1, 0],
			"to": [13, 11, 1],
			"faces": {
				"north": {"uv": [0, 0, 2.5, 2.5], "texture": "#1"},
				"east": {"uv": [4, 6.75, 4.25, 9.25], "texture": "#1"},
				"south": {"uv": [0, 2.5, 2.5, 5], "texture": "#1"},
				"west": {"uv": [4.25, 6.75, 4.5, 9.25], "texture": "#1"},
				"up": {"uv": [10, 1.5, 7.5, 1.25], "texture": "#1"},
				"down": {"uv": [10, 1.5, 7.5, 1.75], "texture": "#1"}
			}
		},
		{
			"from": [13, 1, 0],
			"to": [14, 5, 4],
			"faces": {
				"north": {"uv": [5.75, 8.5, 6, 9.5], "texture": "#1"},
				"east": {"uv": [0, 7.25, 1, 8.25], "texture": "#1"},
				"south": {"uv": [8.5, 5.75, 8.75, 6.75], "texture": "#1"},
				"west": {"uv": [7.25, 0, 8.25, 1], "texture": "#1"},
				"up": {"uv": [7.5, 9.5, 7.25, 8.5], "texture": "#1"},
				"down": {"uv": [7.75, 8.5, 7.5, 9.5], "texture": "#1"}
			}
		},
		{
			"from": [6, 2, 1],
			"to": [10, 9, 5],
			"rotation": {"angle": 22.5, "axis": "x", "origin": [0, 0, 0]},
			"faces": {
				"north": {"uv": [5, 0, 6, 1.75], "texture": "#1"},
				"east": {"uv": [5, 1.75, 6, 3.5], "texture": "#1"},
				"south": {"uv": [2.5, 5, 3.5, 6.75], "texture": "#1"},
				"west": {"uv": [3.5, 5, 4.5, 6.75], "texture": "#1"},
				"up": {"uv": [2, 8.25, 1, 7.25], "texture": "#1"},
				"down": {"uv": [8.25, 5.75, 7.25, 6.75], "texture": "#1"}
			}
		},
		{
			"from": [5.5, 6.5, 3.5],
			"to": [10.5, 11.5, 8.5],
			"faces": {
				"north": {"uv": [5, 3.5, 6.25, 4.75], "texture": "#1"},
				"east": {"uv": [4.5, 5, 5.75, 6.25], "texture": "#1"},
				"south": {"uv": [5.75, 4.75, 7, 6], "texture": "#1"},
				"west": {"uv": [0, 6, 1.25, 7.25], "texture": "#1"},
				"up": {"uv": [7.25, 1.25, 6, 0], "texture": "#1"},
				"down": {"uv": [2.5, 6, 1.25, 7.25], "texture": "#1"}
			}
		},
		{
			"from": [5, 7, 8.5],
			"to": [7, 11, 10.5],
			"rotation": {"angle": -22.5, "axis": "x", "origin": [0, 0, 0]},
			"faces": {
				"north": {"uv": [2, 7.25, 2.5, 8.25], "texture": "#1"},
				"east": {"uv": [7.5, 2.25, 8, 3.25], "texture": "#1"},
				"south": {"uv": [7.25, 7.5, 7.75, 8.5], "texture": "#1"},
				"west": {"uv": [7.75, 3.25, 8.25, 4.25], "texture": "#1"},
				"up": {"uv": [5.75, 6.75, 5.25, 6.25], "texture": "#1"},
				"down": {"uv": [8.75, 4.75, 8.25, 5.25], "texture": "#1"}
			}
		},
		{
			"from": [9, 7, 8.5],
			"to": [11, 11, 10.5],
			"rotation": {"angle": -22.5, "axis": "x", "origin": [0, 0, 0]},
			"faces": {
				"north": {"uv": [7.75, 4.25, 8.25, 5.25], "texture": "#1"},
				"east": {"uv": [4.5, 7.75, 5, 8.75], "texture": "#1"},
				"south": {"uv": [7.75, 7.5, 8.25, 8.5], "texture": "#1"},
				"west": {"uv": [8, 2.25, 8.5, 3.25], "texture": "#1"},
				"up": {"uv": [9, 8, 8.5, 7.5], "texture": "#1"},
				"down": {"uv": [8.25, 8.5, 7.75, 9], "texture": "#1"}
			}
		},
		{
			"from": [6.5, 7.25, 8.5],
			"to": [9.5, 8.25, 10.5],
			"rotation": {"angle": 0, "axis": "y", "origin": [8.5, 3.25, 8.5]},
			"faces": {
				"north": {"uv": [5, 4.75, 5.75, 5], "texture": "#1"},
				"east": {"uv": [5.25, 6.75, 5.75, 7], "texture": "#1"},
				"south": {"uv": [9, 3.25, 9.75, 3.5], "texture": "#1"},
				"west": {"uv": [9, 7.5, 9.5, 7.75], "texture": "#1"},
				"up": {"uv": [7, 4.75, 6.25, 4.25], "texture": "#1"},
				"down": {"uv": [9, 0.5, 8.25, 1], "texture": "#1"}
			}
		},
		{
			"from": [6.5, 6.25, 7],
			"to": [9.5, 7.25, 9],
			"rotation": {"angle": 22.5, "axis": "x", "origin": [8.5, 3.25, 8.5]},
			"faces": {
				"north": {"uv": [9, 3.5, 9.75, 3.75], "texture": "#1"},
				"east": {"uv": [7.75, 9, 8.25, 9.25], "texture": "#1"},
				"south": {"uv": [6, 9, 6.75, 9.25], "texture": "#1"},
				"west": {"uv": [9, 7.75, 9.5, 8], "texture": "#1"},
				"up": {"uv": [3.5, 8.75, 2.75, 8.25], "texture": "#1"},
				"down": {"uv": [9, 3.25, 8.25, 3.75], "texture": "#1"}
			}
		},
		{
			"from": [4, 5, 5],
			"to": [6, 7, 9],
			"faces": {
				"north": {"uv": [8.5, 8, 9, 8.5], "texture": "#1"},
				"east": {"uv": [7.75, 5.25, 8.75, 5.75], "texture": "#1"},
				"south": {"uv": [8.25, 8.5, 8.75, 9], "texture": "#1"},
				"west": {"uv": [5, 8, 6, 8.5], "texture": "#1"},
				"up": {"uv": [6.5, 9, 6, 8], "texture": "#1"},
				"down": {"uv": [7, 8, 6.5, 9], "texture": "#1"}
			}
		},
		{
			"from": [10, 5, 5],
			"to": [12, 7, 9],
			"faces": {
				"north": {"uv": [0, 8.75, 0.5, 9.25], "texture": "#1"},
				"east": {"uv": [0, 8.25, 1, 8.75], "texture": "#1"},
				"south": {"uv": [0.5, 8.75, 1, 9.25], "texture": "#1"},
				"west": {"uv": [8.25, 0, 9.25, 0.5], "texture": "#1"},
				"up": {"uv": [1.5, 9.25, 1, 8.25], "texture": "#1"},
				"down": {"uv": [2, 8.25, 1.5, 9.25], "texture": "#1"}
			}
		},
		{
			"from": [5, 5, 9],
			"to": [5, 7, 11],
			"faces": {
				"north": {"uv": [0, 0, 0, 0.5], "texture": "#1"},
				"east": {"uv": [8.75, 2.25, 9.25, 2.75], "texture": "#1"},
				"south": {"uv": [0, 0, 0, 0.5], "texture": "#1"},
				"west": {"uv": [2.75, 8.75, 3.25, 9.25], "texture": "#1"},
				"up": {"uv": [0, 0.5, 0, 0], "texture": "#1"},
				"down": {"uv": [0, 0, 0, 0.5], "texture": "#1"}
			}
		},
		{
			"from": [2, 5, 10.5],
			"to": [2, 7, 12.5],
			"rotation": {"angle": 22.5, "axis": "y", "origin": [0, 0, 0]},
			"faces": {
				"north": {"uv": [0, 0, 0, 0.5], "texture": "#1"},
				"east": {"uv": [8.75, 2.75, 9.25, 3.25], "texture": "#1"},
				"south": {"uv": [0, 0, 0, 0.5], "texture": "#1"},
				"west": {"uv": [8.75, 3.75, 9.25, 4.25], "texture": "#1"},
				"up": {"uv": [0, 0.5, 0, 0], "texture": "#1"},
				"down": {"uv": [0, 0, 0, 0.5], "texture": "#1"}
			}
		},
		{
			"from": [7.5, 5, 12.75],
			"to": [7.5, 7, 14.75],
			"rotation": {"angle": 22.5, "axis": "y", "origin": [0, 0, 0]},
			"faces": {
				"north": {"uv": [0, 0, 0, 0.5], "texture": "#1"},
				"east": {"uv": [8.75, 4.25, 9.25, 4.75], "texture": "#1"},
				"south": {"uv": [0, 0, 0, 0.5], "texture": "#1"},
				"west": {"uv": [4.5, 8.75, 5, 9.25], "texture": "#1"},
				"up": {"uv": [0, 0.5, 0, 0], "texture": "#1"},
				"down": {"uv": [0, 0, 0, 0.5], "texture": "#1"}
			}
		},
		{
			"from": [11, 5, 9],
			"to": [11, 7, 11],
			"faces": {
				"north": {"uv": [0, 0, 0, 0.5], "texture": "#1"},
				"east": {"uv": [8.75, 4.75, 9.25, 5.25], "texture": "#1"},
				"south": {"uv": [0, 0, 0, 0.5], "texture": "#1"},
				"west": {"uv": [8.75, 5.25, 9.25, 5.75], "texture": "#1"},
				"up": {"uv": [0, 0.5, 0, 0], "texture": "#1"},
				"down": {"uv": [0, 0, 0, 0.5], "texture": "#1"}
			}
		},
		{
			"from": [7.25, 5, 6.75],
			"to": [7.25, 7, 8.75],
			"rotation": {"angle": -22.5, "axis": "y", "origin": [0, 0, 0]},
			"faces": {
				"north": {"uv": [0, 0, 0, 0.5], "texture": "#1"},
				"east": {"uv": [8.75, 5.75, 9.25, 6.25], "texture": "#1"},
				"south": {"uv": [0, 0, 0, 0.5], "texture": "#1"},
				"west": {"uv": [8.75, 6.25, 9.25, 6.75], "texture": "#1"},
				"up": {"uv": [0, 0.5, 0, 0], "texture": "#1"},
				"down": {"uv": [0, 0, 0, 0.5], "texture": "#1"}
			}
		},
		{
			"from": [12.75, 5, 4.5],
			"to": [12.75, 7, 6.5],
			"rotation": {"angle": -22.5, "axis": "y", "origin": [0, 0, 0]},
			"faces": {
				"north": {"uv": [0, 0, 0, 0.5], "texture": "#1"},
				"east": {"uv": [8.75, 8.5, 9.25, 9], "texture": "#1"},
				"south": {"uv": [0, 0, 0, 0.5], "texture": "#1"},
				"west": {"uv": [9, 0.5, 9.5, 1], "texture": "#1"},
				"up": {"uv": [0, 0.5, 0, 0], "texture": "#1"},
				"down": {"uv": [0, 0, 0, 0.5], "texture": "#1"}
			}
		}
	],
	"display": {
		"thirdperson_righthand": {
			"rotation": [0, -180, 0],
			"translation": [0, -0.75, -4],
			"scale": [0.5, 0.5, 0.5]
		},
		"thirdperson_lefthand": {
			"rotation": [0, -180, 0],
			"translation": [0, -0.75, -4],
			"scale": [0.5, 0.5, 0.5]
		},
		"firstperson_righthand": {
			"rotation": [0, -180, 0],
			"translation": [0, 0, -2],
			"scale": [0.7, 0.7, 0.7]
		},
		"firstperson_lefthand": {
			"rotation": [0, -180, 0],
			"translation": [0, 0, -2],
			"scale": [0.7, 0.7, 0.7]
		},
		"ground": {
			"translation": [0, 0.5, 2.5],
			"scale": [0.7, 0.7, 0.7]
		},
		"gui": {
			"rotation": [25, 32, 0],
			"translation": [1.5, 0, 0],
			"scale": [0.7, 0.7, 0.7]
		},
		"head": {
			"translation": [0, -44.5, 13.5],
			"scale": [1.3, 1.3, 1.3]
		}
	},
	"groups": [
		{
			"name": "dragon_backpack",
			"origin": [8, 8, 8],
			"color": 0,
			"nbt": "{}",
			"armAnimationEnabled": false,
			"children": [
				{
					"name": "backpack",
					"origin": [8, 8, 8],
					"color": 0,
					"nbt": "{}",
					"armAnimationEnabled": false,
					"children": [0, 1, 2, 3, 4, 5, 6, 7, 8]
				},
				{
					"name": "dragon",
					"origin": [8, 8, 8],
					"color": 0,
					"nbt": "{}",
					"armAnimationEnabled": false,
					"children": [9, 10, 11, 12, 13, 14, 15, 16, 17, 18, 19, 20, 21, 22]
				}
			]
		}
	]
}