{
	"credit": "Made with Blockbench",
	"texture_size": [64, 64],
	"textures": {
		"2": "snights_pet_backpacks/snake_backpack",
		"particle": "snights_pet_backpacks/snake_backpack"
	},
	"elements": [
		{
			"from": [6, 1, 1],
			"to": [9, 4, 7],
			"faces": {
				"north": {"uv": [5, 7, 5.75, 7.75], "texture": "#2"},
				"east": {"uv": [5, 3, 6.5, 3.75], "texture": "#2"},
				"south": {"uv": [5.75, 7, 6.5, 7.75], "texture": "#2"},
				"west": {"uv": [5, 3.75, 6.5, 4.5], "texture": "#2"},
				"up": {"uv": [4.75, 6.5, 4, 5], "texture": "#2"},
				"down": {"uv": [5.75, 4.5, 5, 6], "texture": "#2"}
			}
		},
		{
			"from": [6, 4, 4],
			"to": [9, 8, 7],
			"faces": {
				"north": {"uv": [6.5, 4.75, 7.25, 5.75], "texture": "#2"},
				"east": {"uv": [6.75, 5.75, 7.5, 6.75], "texture": "#2"},
				"south": {"uv": [6.75, 6.75, 7.5, 7.75], "texture": "#2"},
				"west": {"uv": [2.25, 7, 3, 8], "texture": "#2"},
				"up": {"uv": [4, 8, 3.25, 7.25], "texture": "#2"},
				"down": {"uv": [8, 4, 7.25, 4.75], "texture": "#2"}
			}
		},
		{
			"from": [6, 8, 4],
			"to": [9, 11, 9],
			"faces": {
				"north": {"uv": [7.25, 4.75, 8, 5.5], "texture": "#2"},
				"east": {"uv": [6.5, 1, 7.75, 1.75], "texture": "#2"},
				"south": {"uv": [0, 7.5, 0.75, 8.25], "texture": "#2"},
				"west": {"uv": [6.5, 1.75, 7.75, 2.5], "texture": "#2"},
				"up": {"uv": [4, 7.25, 3.25, 6], "texture": "#2"},
				"down": {"uv": [7.25, 2.5, 6.5, 3.75], "texture": "#2"}
			}
		},
		{
			"from": [6, 9, 9],
			"to": [9, 9, 13],
			"faces": {
				"north": {"uv": [0, 0, 0.75, 0], "texture": "#2"},
				"east": {"uv": [0, 0, 1, 0], "texture": "#2"},
				"south": {"uv": [0, 0, 0.75, 0], "texture": "#2"},
				"west": {"uv": [0, 0, 1, 0], "texture": "#2"},
				"up": {"uv": [7.25, 4.75, 6.5, 3.75], "texture": "#2"},
				"down": {"uv": [4.75, 6.5, 4, 7.5], "texture": "#2"}
			}
		},
		{
			"from": [2, 1, 0],
			"to": [3, 5, 4],
			"faces": {
				"north": {"uv": [4.75, 5, 5, 6], "texture": "#2"},
				"east": {"uv": [2.25, 6, 3.25, 7], "texture": "#2"},
				"south": {"uv": [1.5, 7.5, 1.75, 8.5], "texture": "#2"},
				"west": {"uv": [4.75, 6, 5.75, 7], "texture": "#2"},
				"up": {"uv": [2, 8.5, 1.75, 7.5], "texture": "#2"},
				"down": {"uv": [2.25, 7.5, 2, 8.5], "texture": "#2"}
			}
		},
		{
			"from": [3, 0, 0],
			"to": [13, 1, 8],
			"faces": {
				"north": {"uv": [7.25, 2.5, 9.75, 2.75], "texture": "#2"},
				"east": {"uv": [7.25, 5.5, 9.25, 5.75], "texture": "#2"},
				"south": {"uv": [7.25, 2.75, 9.75, 3], "texture": "#2"},
				"west": {"uv": [7.5, 0, 9.5, 0.25], "texture": "#2"},
				"up": {"uv": [5, 2, 2.5, 0], "texture": "#2"},
				"down": {"uv": [5, 2, 2.5, 4], "texture": "#2"}
			}
		},
		{
			"from": [3, 1, 1],
			"to": [4, 5, 7],
			"faces": {
				"north": {"uv": [4, 7.5, 4.25, 8.5], "texture": "#2"},
				"east": {"uv": [5, 0, 6.5, 1], "texture": "#2"},
				"south": {"uv": [4.25, 7.5, 4.5, 8.5], "texture": "#2"},
				"west": {"uv": [5, 1, 6.5, 2], "texture": "#2"},
				"up": {"uv": [6.75, 8.5, 6.5, 7], "texture": "#2"},
				"down": {"uv": [1, 7.5, 0.75, 9], "texture": "#2"}
			}
		},
		{
			"from": [12, 1, 1],
			"to": [13, 5, 7],
			"faces": {
				"north": {"uv": [4.5, 7.5, 4.75, 8.5], "texture": "#2"},
				"east": {"uv": [5, 2, 6.5, 3], "texture": "#2"},
				"south": {"uv": [7.5, 5.75, 7.75, 6.75], "texture": "#2"},
				"west": {"uv": [2.5, 5, 4, 6], "texture": "#2"},
				"up": {"uv": [1.25, 9, 1, 7.5], "texture": "#2"},
				"down": {"uv": [1.5, 7.5, 1.25, 9], "texture": "#2"}
			}
		},
		{
			"from": [3, 1, 7],
			"to": [13, 5, 8],
			"faces": {
				"north": {"uv": [2.5, 4, 5, 5], "texture": "#2"},
				"east": {"uv": [7.5, 6.75, 7.75, 7.75], "texture": "#2"},
				"south": {"uv": [0, 5, 2.5, 6], "texture": "#2"},
				"west": {"uv": [7.75, 0.25, 8, 1.25], "texture": "#2"},
				"up": {"uv": [9.75, 3.25, 7.25, 3], "texture": "#2"},
				"down": {"uv": [9.75, 3.25, 7.25, 3.5], "texture": "#2"}
			}
		},
		{
			"from": [3, 5, 1],
			"to": [3, 11, 4],
			"faces": {
				"north": {"uv": [0, 0, 0, 1.5], "texture": "#2"},
				"east": {"uv": [5.75, 4.5, 6.5, 6], "texture": "#2"},
				"south": {"uv": [0, 0, 0, 1.5], "texture": "#2"},
				"west": {"uv": [0, 6, 0.75, 7.5], "texture": "#2"},
				"up": {"uv": [0, 0.75, 0, 0], "texture": "#2"},
				"down": {"uv": [0, 0, 0, 0.75], "texture": "#2"}
			}
		},
		{
			"from": [13, 5, 1],
			"to": [13, 11, 4],
			"faces": {
				"north": {"uv": [0, 0, 0, 1.5], "texture": "#2"},
				"east": {"uv": [0.75, 6, 1.5, 7.5], "texture": "#2"},
				"south": {"uv": [0, 0, 0, 1.5], "texture": "#2"},
				"west": {"uv": [1.5, 6, 2.25, 7.5], "texture": "#2"},
				"up": {"uv": [0, 0.75, 0, 0], "texture": "#2"},
				"down": {"uv": [0, 0, 0, 0.75], "texture": "#2"}
			}
		},
		{
			"from": [3, 1, 0],
			"to": [13, 11, 1],
			"faces": {
				"north": {"uv": [0, 0, 2.5, 2.5], "texture": "#2"},
				"east": {"uv": [3, 7, 3.25, 9.5], "texture": "#2"},
				"south": {"uv": [0, 2.5, 2.5, 5], "texture": "#2"},
				"west": {"uv": [4.75, 7, 5, 9.5], "texture": "#2"},
				"up": {"uv": [9.75, 3.75, 7.25, 3.5], "texture": "#2"},
				"down": {"uv": [9.75, 3.75, 7.25, 4], "texture": "#2"}
			}
		},
		{
			"from": [13, 1, 0],
			"to": [14, 5, 4],
			"faces": {
				"north": {"uv": [7.75, 1.25, 8, 2.25], "texture": "#2"},
				"east": {"uv": [5.75, 6, 6.75, 7], "texture": "#2"},
				"south": {"uv": [5, 7.75, 5.25, 8.75], "texture": "#2"},
				"west": {"uv": [6.5, 0, 7.5, 1], "texture": "#2"},
				"up": {"uv": [5.5, 8.75, 5.25, 7.75], "texture": "#2"},
				"down": {"uv": [5.75, 7.75, 5.5, 8.75], "texture": "#2"}
			}
		}
	],
	"display": {
		"thirdperson_righthand": {
			"rotation": [0, -180, 0],
			"translation": [0, -0.75, -4],
			"scale": [0.5, 0.5, 0.5]
		},
		"thirdperson_lefthand": {
			"rotation": [0, -180, 0],
			"translation": [0, -0.75, -4],
			"scale": [0.5, 0.5, 0.5]
		},
		"firstperson_righthand": {
			"rotation": [0, -180, 0],
			"translation": [0, 0, -2],
			"scale": [0.7, 0.7, 0.7]
		},
		"firstperson_lefthand": {
			"rotation": [0, -180, 0],
			"translation": [0, 0, -2],
			"scale": [0.7, 0.7, 0.7]
		},
		"ground": {
			"translation": [0, 0.5, 2.5],
			"scale": [0.7, 0.7, 0.7]
		},
		"gui": {
			"rotation": [25, 32, 0],
			"translation": [1.5, 0, 0],
			"scale": [0.7, 0.7, 0.7]
		},
		"head": {
			"translation": [0, -44.5, 13.5],
			"scale": [1.3, 1.3, 1.3]
		}
	},
	"groups": [
		{
			"name": "snake_backpack",
			"origin": [8, 8, 8],
			"color": 0,
			"nbt": "{}",
			"armAnimationEnabled": false,
			"children": [
				{
					"name": "snake",
					"origin": [8, 8, 8],
					"color": 0,
					"nbt": "{}",
					"armAnimationEnabled": false,
					"children": [0, 1, 2, 3]
				},
				{
					"name": "backpack",
					"origin": [8, 8, 8],
					"color": 0,
					"nbt": "{}",
					"armAnimationEnabled": false,
					"children": [4, 5, 6, 7, 8, 9, 10, 11, 12]
				}
			]
		}
	]
}