{"textures":{"0":"modelengine:entity/chessboard"},"elements":[{"from":[11.142858,7.428571,7.714286],"to":[11.714286,8.571428,8.285714],"rotation":{"angle":0.0,"axis":"y","origin":[11.428572,8.0,8.0]},"faces":{"east":{"uv":[9.0,5.0,9.5,6.0],"rotation":0,"texture":"#0","tintindex":0},"south":{"uv":[9.0,6.0,9.5,7.0],"rotation":0,"texture":"#0","tintindex":0},"north":{"uv":[9.0,4.0,9.5,5.0],"rotation":0,"texture":"#0","tintindex":0},"west":{"uv":[9.0,7.0,9.5,8.0],"rotation":0,"texture":"#0","tintindex":0},"up":{"uv":[10.0,6.5,9.5,6.0],"rotation":0,"texture":"#0","tintindex":0},"down":{"uv":[10.0,6.5,9.5,7.0],"rotation":0,"texture":"#0","tintindex":0}}},{"from":[3.4285712,6.285714,1.1428566],"to":[12.571428,7.428571,10.285714],"rotation":{"angle":0.0,"axis":"y","origin":[8.0,6.285714,5.714286]},"faces":{"east":{"uv":[8.0,1.0,16.0,2.0],"rotation":0,"texture":"#0","tintindex":0},"south":{"uv":[8.0,2.0,16.0,3.0],"rotation":0,"texture":"#0","tintindex":0},"north":{"uv":[8.0,0.0,16.0,1.0],"rotation":0,"texture":"#0","tintindex":0},"west":{"uv":[8.0,3.0,16.0,4.0],"rotation":0,"texture":"#0","tintindex":0},"up":{"uv":[8.0,8.0,0.0,0.0],"rotation":0,"texture":"#0","tintindex":0},"down":{"uv":[8.0,8.0,0.0,16.0],"rotation":0,"texture":"#0","tintindex":0}}},{"from":[4.285714,7.428571,7.714286],"to":[4.8571424,8.571428,8.285714],"rotation":{"angle":0.0,"axis":"y","origin":[4.5714283,8.0,8.0]},"faces":{"east":{"uv":[9.0,5.0,9.5,6.0],"rotation":0,"texture":"#0","tintindex":0},"south":{"uv":[9.0,6.0,9.5,7.0],"rotation":0,"texture":"#0","tintindex":0},"north":{"uv":[9.0,4.0,9.5,5.0],"rotation":0,"texture":"#0","tintindex":0},"west":{"uv":[9.0,7.0,9.5,8.0],"rotation":0,"texture":"#0","tintindex":0},"up":{"uv":[10.0,6.5,9.5,6.0],"rotation":0,"texture":"#0","tintindex":0},"down":{"uv":[10.0,6.5,9.5,7.0],"rotation":0,"texture":"#0","tintindex":0}}},{"from":[7.714286,7.428571,8.857143],"to":[8.285714,9.142858,9.428572],"rotation":{"angle":0.0,"axis":"y","origin":[8.0,8.0,9.142858]},"faces":{"east":{"uv":[8.0,5.5,8.5,7.0],"rotation":0,"texture":"#0","tintindex":0},"south":{"uv":[8.0,7.0,8.5,8.5],"rotation":0,"texture":"#0","tintindex":0},"north":{"uv":[8.0,4.0,8.5,5.5],"rotation":0,"texture":"#0","tintindex":0},"west":{"uv":[8.5,4.0,9.0,5.5],"rotation":0,"texture":"#0","tintindex":0},"up":{"uv":[10.0,7.5,9.5,7.0],"rotation":0,"texture":"#0","tintindex":0},"down":{"uv":[10.0,7.5,9.5,8.0],"rotation":0,"texture":"#0","tintindex":0}}},{"from":[7.714286,7.428571,1.9999995],"to":[8.285714,9.142858,2.5714283],"rotation":{"angle":0.0,"axis":"y","origin":[8.0,8.0,2.2857141]},"faces":{"east":{"uv":[8.5,7.0,9.0,8.5],"rotation":0,"texture":"#0","tintindex":0},"south":{"uv":[8.0,8.5,8.5,10.0],"rotation":0,"texture":"#0","tintindex":0},"north":{"uv":[8.5,5.5,9.0,7.0],"rotation":0,"texture":"#0","tintindex":0},"west":{"uv":[8.5,8.5,9.0,10.0],"rotation":0,"texture":"#0","tintindex":0},"up":{"uv":[10.0,8.5,9.5,8.0],"rotation":0,"texture":"#0","tintindex":0},"down":{"uv":[10.0,8.5,9.5,9.0],"rotation":0,"texture":"#0","tintindex":0}}},{"from":[4.285714,7.428571,3.142857],"to":[4.8571424,8.571428,3.7142854],"rotation":{"angle":0.0,"axis":"y","origin":[4.5714283,8.0,3.4285712]},"faces":{"east":{"uv":[9.0,9.0,9.5,10.0],"rotation":0,"texture":"#0","tintindex":0},"south":{"uv":[9.5,4.0,10.0,5.0],"rotation":0,"texture":"#0","tintindex":0},"north":{"uv":[9.0,8.0,9.5,9.0],"rotation":0,"texture":"#0","tintindex":0},"west":{"uv":[9.5,5.0,10.0,6.0],"rotation":0,"texture":"#0","tintindex":0},"up":{"uv":[10.0,9.5,9.5,9.0],"rotation":0,"texture":"#0","tintindex":0},"down":{"uv":[10.0,9.5,9.5,10.0],"rotation":0,"texture":"#0","tintindex":0}}},{"from":[5.428571,7.428571,3.142857],"to":[6.0,8.571428,3.7142854],"rotation":{"angle":0.0,"axis":"y","origin":[5.714286,8.0,3.4285712]},"faces":{"east":{"uv":[9.0,9.0,9.5,10.0],"rotation":0,"texture":"#0","tintindex":0},"south":{"uv":[9.5,4.0,10.0,5.0],"rotation":0,"texture":"#0","tintindex":0},"north":{"uv":[9.0,8.0,9.5,9.0],"rotation":0,"texture":"#0","tintindex":0},"west":{"uv":[9.5,5.0,10.0,6.0],"rotation":0,"texture":"#0","tintindex":0},"up":{"uv":[10.0,9.5,9.5,9.0],"rotation":0,"texture":"#0","tintindex":0},"down":{"uv":[10.0,9.5,9.5,10.0],"rotation":0,"texture":"#0","tintindex":0}}},{"from":[6.5714283,7.428571,3.142857],"to":[7.142857,8.571428,3.7142854],"rotation":{"angle":0.0,"axis":"y","origin":[6.857143,8.0,3.4285712]},"faces":{"east":{"uv":[9.0,9.0,9.5,10.0],"rotation":0,"texture":"#0","tintindex":0},"south":{"uv":[9.5,4.0,10.0,5.0],"rotation":0,"texture":"#0","tintindex":0},"north":{"uv":[9.0,8.0,9.5,9.0],"rotation":0,"texture":"#0","tintindex":0},"west":{"uv":[9.5,5.0,10.0,6.0],"rotation":0,"texture":"#0","tintindex":0},"up":{"uv":[10.0,9.5,9.5,9.0],"rotation":0,"texture":"#0","tintindex":0},"down":{"uv":[10.0,9.5,9.5,10.0],"rotation":0,"texture":"#0","tintindex":0}}},{"from":[8.857143,7.428571,3.142857],"to":[9.428572,8.571428,3.7142854],"rotation":{"angle":0.0,"axis":"y","origin":[9.142858,8.0,3.4285712]},"faces":{"east":{"uv":[9.0,9.0,9.5,10.0],"rotation":0,"texture":"#0","tintindex":0},"south":{"uv":[9.5,4.0,10.0,5.0],"rotation":0,"texture":"#0","tintindex":0},"north":{"uv":[9.0,8.0,9.5,9.0],"rotation":0,"texture":"#0","tintindex":0},"west":{"uv":[9.5,5.0,10.0,6.0],"rotation":0,"texture":"#0","tintindex":0},"up":{"uv":[10.0,9.5,9.5,9.0],"rotation":0,"texture":"#0","tintindex":0},"down":{"uv":[10.0,9.5,9.5,10.0],"rotation":0,"texture":"#0","tintindex":0}}},{"from":[7.714286,7.428571,3.142857],"to":[8.285714,8.571428,3.7142854],"rotation":{"angle":0.0,"axis":"y","origin":[8.0,8.0,3.4285712]},"faces":{"east":{"uv":[9.0,9.0,9.5,10.0],"rotation":0,"texture":"#0","tintindex":0},"south":{"uv":[9.5,4.0,10.0,5.0],"rotation":0,"texture":"#0","tintindex":0},"north":{"uv":[9.0,8.0,9.5,9.0],"rotation":0,"texture":"#0","tintindex":0},"west":{"uv":[9.5,5.0,10.0,6.0],"rotation":0,"texture":"#0","tintindex":0},"up":{"uv":[10.0,9.5,9.5,9.0],"rotation":0,"texture":"#0","tintindex":0},"down":{"uv":[10.0,9.5,9.5,10.0],"rotation":0,"texture":"#0","tintindex":0}}},{"from":[10.0,7.428571,3.142857],"to":[10.571428,8.571428,3.7142854],"rotation":{"angle":0.0,"axis":"y","origin":[10.285714,8.0,3.4285712]},"faces":{"east":{"uv":[9.0,9.0,9.5,10.0],"rotation":0,"texture":"#0","tintindex":0},"south":{"uv":[9.5,4.0,10.0,5.0],"rotation":0,"texture":"#0","tintindex":0},"north":{"uv":[9.0,8.0,9.5,9.0],"rotation":0,"texture":"#0","tintindex":0},"west":{"uv":[9.5,5.0,10.0,6.0],"rotation":0,"texture":"#0","tintindex":0},"up":{"uv":[10.0,9.5,9.5,9.0],"rotation":0,"texture":"#0","tintindex":0},"down":{"uv":[10.0,9.5,9.5,10.0],"rotation":0,"texture":"#0","tintindex":0}}},{"from":[11.142858,7.428571,3.142857],"to":[11.714286,8.571428,3.7142854],"rotation":{"angle":0.0,"axis":"y","origin":[11.428572,8.0,3.4285712]},"faces":{"east":{"uv":[9.0,9.0,9.5,10.0],"rotation":0,"texture":"#0","tintindex":0},"south":{"uv":[9.5,4.0,10.0,5.0],"rotation":0,"texture":"#0","tintindex":0},"north":{"uv":[9.0,8.0,9.5,9.0],"rotation":0,"texture":"#0","tintindex":0},"west":{"uv":[9.5,5.0,10.0,6.0],"rotation":0,"texture":"#0","tintindex":0},"up":{"uv":[10.0,9.5,9.5,9.0],"rotation":0,"texture":"#0","tintindex":0},"down":{"uv":[10.0,9.5,9.5,10.0],"rotation":0,"texture":"#0","tintindex":0}}},{"from":[4.285714,7.428571,1.9999995],"to":[4.8571424,8.571428,2.5714283],"rotation":{"angle":0.0,"axis":"y","origin":[4.5714283,8.0,2.2857141]},"faces":{"east":{"uv":[9.0,9.0,9.5,10.0],"rotation":0,"texture":"#0","tintindex":0},"south":{"uv":[9.5,4.0,10.0,5.0],"rotation":0,"texture":"#0","tintindex":0},"north":{"uv":[9.0,8.0,9.5,9.0],"rotation":0,"texture":"#0","tintindex":0},"west":{"uv":[9.5,5.0,10.0,6.0],"rotation":0,"texture":"#0","tintindex":0},"up":{"uv":[10.0,9.5,9.5,9.0],"rotation":0,"texture":"#0","tintindex":0},"down":{"uv":[10.0,9.5,9.5,10.0],"rotation":0,"texture":"#0","tintindex":0}}},{"from":[5.428571,7.428571,1.9999995],"to":[6.0,8.571428,2.5714283],"rotation":{"angle":0.0,"axis":"y","origin":[5.714286,8.0,2.2857141]},"faces":{"east":{"uv":[9.0,9.0,9.5,10.0],"rotation":0,"texture":"#0","tintindex":0},"south":{"uv":[9.5,4.0,10.0,5.0],"rotation":0,"texture":"#0","tintindex":0},"north":{"uv":[9.0,8.0,9.5,9.0],"rotation":0,"texture":"#0","tintindex":0},"west":{"uv":[9.5,5.0,10.0,6.0],"rotation":0,"texture":"#0","tintindex":0},"up":{"uv":[10.0,9.5,9.5,9.0],"rotation":0,"texture":"#0","tintindex":0},"down":{"uv":[10.0,9.5,9.5,10.0],"rotation":0,"texture":"#0","tintindex":0}}},{"from":[6.5714283,7.428571,1.9999995],"to":[7.142857,8.571428,2.5714283],"rotation":{"angle":0.0,"axis":"y","origin":[6.857143,8.0,2.2857141]},"faces":{"east":{"uv":[9.0,9.0,9.5,10.0],"rotation":0,"texture":"#0","tintindex":0},"south":{"uv":[9.5,4.0,10.0,5.0],"rotation":0,"texture":"#0","tintindex":0},"north":{"uv":[9.0,8.0,9.5,9.0],"rotation":0,"texture":"#0","tintindex":0},"west":{"uv":[9.5,5.0,10.0,6.0],"rotation":0,"texture":"#0","tintindex":0},"up":{"uv":[10.0,9.5,9.5,9.0],"rotation":0,"texture":"#0","tintindex":0},"down":{"uv":[10.0,9.5,9.5,10.0],"rotation":0,"texture":"#0","tintindex":0}}},{"from":[11.142858,7.428571,1.9999995],"to":[11.714286,8.571428,2.5714283],"rotation":{"angle":0.0,"axis":"y","origin":[11.428572,8.0,2.2857141]},"faces":{"east":{"uv":[9.0,9.0,9.5,10.0],"rotation":0,"texture":"#0","tintindex":0},"south":{"uv":[9.5,4.0,10.0,5.0],"rotation":0,"texture":"#0","tintindex":0},"north":{"uv":[9.0,8.0,9.5,9.0],"rotation":0,"texture":"#0","tintindex":0},"west":{"uv":[9.5,5.0,10.0,6.0],"rotation":0,"texture":"#0","tintindex":0},"up":{"uv":[10.0,9.5,9.5,9.0],"rotation":0,"texture":"#0","tintindex":0},"down":{"uv":[10.0,9.5,9.5,10.0],"rotation":0,"texture":"#0","tintindex":0}}},{"from":[10.0,7.428571,1.9999995],"to":[10.571428,8.571428,2.5714283],"rotation":{"angle":0.0,"axis":"y","origin":[10.285714,8.0,2.2857141]},"faces":{"east":{"uv":[9.0,9.0,9.5,10.0],"rotation":0,"texture":"#0","tintindex":0},"south":{"uv":[9.5,4.0,10.0,5.0],"rotation":0,"texture":"#0","tintindex":0},"north":{"uv":[9.0,8.0,9.5,9.0],"rotation":0,"texture":"#0","tintindex":0},"west":{"uv":[9.5,5.0,10.0,6.0],"rotation":0,"texture":"#0","tintindex":0},"up":{"uv":[10.0,9.5,9.5,9.0],"rotation":0,"texture":"#0","tintindex":0},"down":{"uv":[10.0,9.5,9.5,10.0],"rotation":0,"texture":"#0","tintindex":0}}},{"from":[8.857143,7.428571,1.9999995],"to":[9.428572,8.571428,2.5714283],"rotation":{"angle":0.0,"axis":"y","origin":[9.142858,8.0,2.2857141]},"faces":{"east":{"uv":[9.0,9.0,9.5,10.0],"rotation":0,"texture":"#0","tintindex":0},"south":{"uv":[9.5,4.0,10.0,5.0],"rotation":0,"texture":"#0","tintindex":0},"north":{"uv":[9.0,8.0,9.5,9.0],"rotation":0,"texture":"#0","tintindex":0},"west":{"uv":[9.5,5.0,10.0,6.0],"rotation":0,"texture":"#0","tintindex":0},"up":{"uv":[10.0,9.5,9.5,9.0],"rotation":0,"texture":"#0","tintindex":0},"down":{"uv":[10.0,9.5,9.5,10.0],"rotation":0,"texture":"#0","tintindex":0}}},{"from":[4.285714,7.428571,8.857143],"to":[4.8571424,8.571428,9.428572],"rotation":{"angle":0.0,"axis":"y","origin":[4.5714283,8.0,9.142858]},"faces":{"east":{"uv":[9.0,5.0,9.5,6.0],"rotation":0,"texture":"#0","tintindex":0},"south":{"uv":[9.0,6.0,9.5,7.0],"rotation":0,"texture":"#0","tintindex":0},"north":{"uv":[9.0,4.0,9.5,5.0],"rotation":0,"texture":"#0","tintindex":0},"west":{"uv":[9.0,7.0,9.5,8.0],"rotation":0,"texture":"#0","tintindex":0},"up":{"uv":[10.0,6.5,9.5,6.0],"rotation":0,"texture":"#0","tintindex":0},"down":{"uv":[10.0,6.5,9.5,7.0],"rotation":0,"texture":"#0","tintindex":0}}},{"from":[5.428571,7.428571,7.714286],"to":[6.0,8.571428,8.285714],"rotation":{"angle":0.0,"axis":"y","origin":[5.714286,8.0,8.0]},"faces":{"east":{"uv":[9.0,5.0,9.5,6.0],"rotation":0,"texture":"#0","tintindex":0},"south":{"uv":[9.0,6.0,9.5,7.0],"rotation":0,"texture":"#0","tintindex":0},"north":{"uv":[9.0,4.0,9.5,5.0],"rotation":0,"texture":"#0","tintindex":0},"west":{"uv":[9.0,7.0,9.5,8.0],"rotation":0,"texture":"#0","tintindex":0},"up":{"uv":[10.0,6.5,9.5,6.0],"rotation":0,"texture":"#0","tintindex":0},"down":{"uv":[10.0,6.5,9.5,7.0],"rotation":0,"texture":"#0","tintindex":0}}},{"from":[5.428571,7.428571,8.857143],"to":[6.0,8.571428,9.428572],"rotation":{"angle":0.0,"axis":"y","origin":[5.714286,8.0,9.142858]},"faces":{"east":{"uv":[9.0,5.0,9.5,6.0],"rotation":0,"texture":"#0","tintindex":0},"south":{"uv":[9.0,6.0,9.5,7.0],"rotation":0,"texture":"#0","tintindex":0},"north":{"uv":[9.0,4.0,9.5,5.0],"rotation":0,"texture":"#0","tintindex":0},"west":{"uv":[9.0,7.0,9.5,8.0],"rotation":0,"texture":"#0","tintindex":0},"up":{"uv":[10.0,6.5,9.5,6.0],"rotation":0,"texture":"#0","tintindex":0},"down":{"uv":[10.0,6.5,9.5,7.0],"rotation":0,"texture":"#0","tintindex":0}}},{"from":[6.5714283,7.428571,7.714286],"to":[7.142857,8.571428,8.285714],"rotation":{"angle":0.0,"axis":"y","origin":[6.857143,8.0,8.0]},"faces":{"east":{"uv":[9.0,5.0,9.5,6.0],"rotation":0,"texture":"#0","tintindex":0},"south":{"uv":[9.0,6.0,9.5,7.0],"rotation":0,"texture":"#0","tintindex":0},"north":{"uv":[9.0,4.0,9.5,5.0],"rotation":0,"texture":"#0","tintindex":0},"west":{"uv":[9.0,7.0,9.5,8.0],"rotation":0,"texture":"#0","tintindex":0},"up":{"uv":[10.0,6.5,9.5,6.0],"rotation":0,"texture":"#0","tintindex":0},"down":{"uv":[10.0,6.5,9.5,7.0],"rotation":0,"texture":"#0","tintindex":0}}},{"from":[6.5714283,7.428571,8.857143],"to":[7.142857,8.571428,9.428572],"rotation":{"angle":0.0,"axis":"y","origin":[6.857143,8.0,9.142858]},"faces":{"east":{"uv":[9.0,5.0,9.5,6.0],"rotation":0,"texture":"#0","tintindex":0},"south":{"uv":[9.0,6.0,9.5,7.0],"rotation":0,"texture":"#0","tintindex":0},"north":{"uv":[9.0,4.0,9.5,5.0],"rotation":0,"texture":"#0","tintindex":0},"west":{"uv":[9.0,7.0,9.5,8.0],"rotation":0,"texture":"#0","tintindex":0},"up":{"uv":[10.0,6.5,9.5,6.0],"rotation":0,"texture":"#0","tintindex":0},"down":{"uv":[10.0,6.5,9.5,7.0],"rotation":0,"texture":"#0","tintindex":0}}},{"from":[8.857143,7.428571,7.714286],"to":[9.428572,8.571428,8.285714],"rotation":{"angle":0.0,"axis":"y","origin":[9.142858,8.0,8.0]},"faces":{"east":{"uv":[9.0,5.0,9.5,6.0],"rotation":0,"texture":"#0","tintindex":0},"south":{"uv":[9.0,6.0,9.5,7.0],"rotation":0,"texture":"#0","tintindex":0},"north":{"uv":[9.0,4.0,9.5,5.0],"rotation":0,"texture":"#0","tintindex":0},"west":{"uv":[9.0,7.0,9.5,8.0],"rotation":0,"texture":"#0","tintindex":0},"up":{"uv":[10.0,6.5,9.5,6.0],"rotation":0,"texture":"#0","tintindex":0},"down":{"uv":[10.0,6.5,9.5,7.0],"rotation":0,"texture":"#0","tintindex":0}}},{"from":[8.857143,7.428571,8.857143],"to":[9.428572,8.571428,9.428572],"rotation":{"angle":0.0,"axis":"y","origin":[9.142858,8.0,9.142858]},"faces":{"east":{"uv":[9.0,5.0,9.5,6.0],"rotation":0,"texture":"#0","tintindex":0},"south":{"uv":[9.0,6.0,9.5,7.0],"rotation":0,"texture":"#0","tintindex":0},"north":{"uv":[9.0,4.0,9.5,5.0],"rotation":0,"texture":"#0","tintindex":0},"west":{"uv":[9.0,7.0,9.5,8.0],"rotation":0,"texture":"#0","tintindex":0},"up":{"uv":[10.0,6.5,9.5,6.0],"rotation":0,"texture":"#0","tintindex":0},"down":{"uv":[10.0,6.5,9.5,7.0],"rotation":0,"texture":"#0","tintindex":0}}},{"from":[10.0,7.428571,8.857143],"to":[10.571428,8.571428,9.428572],"rotation":{"angle":0.0,"axis":"y","origin":[10.285714,8.0,9.142858]},"faces":{"east":{"uv":[9.0,5.0,9.5,6.0],"rotation":0,"texture":"#0","tintindex":0},"south":{"uv":[9.0,6.0,9.5,7.0],"rotation":0,"texture":"#0","tintindex":0},"north":{"uv":[9.0,4.0,9.5,5.0],"rotation":0,"texture":"#0","tintindex":0},"west":{"uv":[9.0,7.0,9.5,8.0],"rotation":0,"texture":"#0","tintindex":0},"up":{"uv":[10.0,6.5,9.5,6.0],"rotation":0,"texture":"#0","tintindex":0},"down":{"uv":[10.0,6.5,9.5,7.0],"rotation":0,"texture":"#0","tintindex":0}}},{"from":[10.0,7.428571,7.714286],"to":[10.571428,8.571428,8.285714],"rotation":{"angle":0.0,"axis":"y","origin":[10.285714,8.0,8.0]},"faces":{"east":{"uv":[9.0,5.0,9.5,6.0],"rotation":0,"texture":"#0","tintindex":0},"south":{"uv":[9.0,6.0,9.5,7.0],"rotation":0,"texture":"#0","tintindex":0},"north":{"uv":[9.0,4.0,9.5,5.0],"rotation":0,"texture":"#0","tintindex":0},"west":{"uv":[9.0,7.0,9.5,8.0],"rotation":0,"texture":"#0","tintindex":0},"up":{"uv":[10.0,6.5,9.5,6.0],"rotation":0,"texture":"#0","tintindex":0},"down":{"uv":[10.0,6.5,9.5,7.0],"rotation":0,"texture":"#0","tintindex":0}}},{"from":[11.142858,7.428571,8.857143],"to":[11.714286,8.571428,9.428572],"rotation":{"angle":0.0,"axis":"y","origin":[11.428572,8.0,9.142858]},"faces":{"east":{"uv":[9.0,5.0,9.5,6.0],"rotation":0,"texture":"#0","tintindex":0},"south":{"uv":[9.0,6.0,9.5,7.0],"rotation":0,"texture":"#0","tintindex":0},"north":{"uv":[9.0,4.0,9.5,5.0],"rotation":0,"texture":"#0","tintindex":0},"west":{"uv":[9.0,7.0,9.5,8.0],"rotation":0,"texture":"#0","tintindex":0},"up":{"uv":[10.0,6.5,9.5,6.0],"rotation":0,"texture":"#0","tintindex":0},"down":{"uv":[10.0,6.5,9.5,7.0],"rotation":0,"texture":"#0","tintindex":0}}},{"from":[7.714286,7.428571,7.714286],"to":[8.285714,8.571428,8.285714],"rotation":{"angle":0.0,"axis":"y","origin":[8.0,8.0,8.0]},"faces":{"east":{"uv":[9.0,5.0,9.5,6.0],"rotation":0,"texture":"#0","tintindex":0},"south":{"uv":[9.0,6.0,9.5,7.0],"rotation":0,"texture":"#0","tintindex":0},"north":{"uv":[9.0,4.0,9.5,5.0],"rotation":0,"texture":"#0","tintindex":0},"west":{"uv":[9.0,7.0,9.5,8.0],"rotation":0,"texture":"#0","tintindex":0},"up":{"uv":[10.0,6.5,9.5,6.0],"rotation":0,"texture":"#0","tintindex":0},"down":{"uv":[10.0,6.5,9.5,7.0],"rotation":0,"texture":"#0","tintindex":0}}}],"display":{"head":{"translation":[0.0,-6.4,0.0],"scale":[4.0,4.0,4.0]}}}