{"parent":"item/generated","textures":{"layer0":"item/feather"},"display":{"head":{"rotation":[0,0,45],"translation":[-1,13,7],"scale":[1,1,1]}},"overrides":[{"predicate":{"custom_model_data":10000},"model":"cosmetic:custom/menu/back"},{"predicate":{"custom_model_data":10001},"model":"cosmetic:custom/menu/back_gray"},{"predicate":{"custom_model_data":10002},"model":"cosmetic:custom/menu/next"},{"predicate":{"custom_model_data":10003},"model":"cosmetic:custom/menu/next_gray"},{"predicate":{"custom_model_data":10004},"model":"cosmetic:custom/menu/empty"},{"predicate":{"custom_model_data":10005},"model":"cosmetic:custom/item/spray"},{"predicate":{"custom_model_data":10006},"model":"wearables:hat/deadmau5_hat"},{"predicate":{"custom_model_data":10007},"model":"wearables:hat/top_hat"},{"predicate":{"custom_model_data":10008},"model":"wearables:hat/welding_mask"},{"predicate":{"custom_model_data":10009},"model":"wearables:hat/mining_helmet"},{"predicate":{"custom_model_data":10010},"model":"wearables:hat/dog_mask"},{"predicate":{"custom_model_data":10011},"model":"wearables:hat/ruby_pickaxe_hat"},{"predicate":{"custom_model_data":10012},"model":"wearables:hat/straw_hat"},{"predicate":{"custom_model_data":10013},"model":"wearables:hat/cool_sunglasses"},{"predicate":{"custom_model_data":10014},"model":"wearables:hat/cigar"},{"predicate":{"custom_model_data":10015},"model":"wearables:hat/glasses"},{"predicate":{"custom_model_data":10016},"model":"wearables:hat/biker_helmet"},{"predicate":{"custom_model_data":10017},"model":"wearables:hat/cat_ears"},{"predicate":{"custom_model_data":10018},"model":"wearables:back/demoniac_red_wings"},{"predicate":{"custom_model_data":10019},"model":"wearables:back/demoniac_turquoise_wings"},{"predicate":{"custom_model_data":10020},"model":"wearables:back/demoniac_purple_wings"},{"predicate":{"custom_model_data":10021},"model":"wearables:back/demoniac_blue_wings"},{"predicate":{"custom_model_data":10022},"model":"wearables:back/demoniac_black_wings"},{"predicate":{"custom_model_data":10023},"model":"wearables:back/all_black_cat_tail"},{"predicate":{"custom_model_data":10024},"model":"wearables:back/black_cat_tail"},{"predicate":{"custom_model_data":10025},"model":"wearables:back/white_cat_tail"},{"predicate":{"custom_model_data":10026},"model":"wearables:back/ender_dragon_wings"},{"predicate":{"custom_model_data":10027},"model":"wearables:back/red_backpack"},{"predicate":{"custom_model_data":10028},"model":"wearables:back/turquoise_backpack"},{"predicate":{"custom_model_data":10029},"model":"wearables:back/purple_backpack"},{"predicate":{"custom_model_data":10030},"model":"wearables:back/blue_backpack"},{"predicate":{"custom_model_data":10031},"model":"wearables:back/black_backpack"},{"predicate":{"custom_model_data":10032},"model":"wearables:back/brown_backpack"},{"predicate":{"custom_model_data":10033},"model":"item/feather"}]}