{"parent":"minecraft:item/handheld","textures":{"layer0":"minecraft:item/iron_sword"},"overrides":[{"predicate":{"custom_model_data":10000},"model":"custom:weapon/iron_spear"},{"predicate":{"custom_model_data":10001},"model":"custom:ia_auto_gen/copper_sword"},{"predicate":{"custom_model_data":10002},"model":"custom:ia_auto_gen/tin_sword"},{"predicate":{"custom_model_data":10003},"model":"custom:ia_auto_gen/lead_sword"},{"predicate":{"custom_model_data":10004},"model":"custom:ia_auto_gen/silver_sword"},{"predicate":{"custom_model_data":10005},"model":"custom:ia_auto_gen/tungsten_sword"},{"predicate":{"custom_model_data":10006},"model":"custom:ia_auto_gen/platinum_sword"},{"predicate":{"custom_model_data":10007},"model":"custom:ia_auto_gen/demonite_sword"},{"predicate":{"custom_model_data":10008},"model":"custom:ia_auto_gen/meteorite_sword"},{"predicate":{"custom_model_data":10009},"model":"custom:ia_auto_gen/hellstone_sword"},{"predicate":{"custom_model_data":10010},"model":"custom:ia_auto_gen/cobalt_sword"},{"predicate":{"custom_model_data":10011},"model":"custom:ia_auto_gen/palladium_sword"},{"predicate":{"custom_model_data":10012},"model":"custom:ia_auto_gen/orichalcum_sword"},{"predicate":{"custom_model_data":10013},"model":"custom:ia_auto_gen/mythril_sword"},{"predicate":{"custom_model_data":10014},"model":"custom:ia_auto_gen/adamantite_sword"},{"predicate":{"custom_model_data":10015},"model":"custom:ia_auto_gen/titanium_sword"},{"predicate":{"custom_model_data":10016},"model":"custom:ia_auto_gen/chlorophyte_sword"},{"predicate":{"custom_model_data":10017},"model":"custom:ia_auto_gen/luminite_sword"},{"predicate":{"custom_model_data":10018},"model":"item/iron_sword"}]}