{"parent":"minecraft:item/handheld","textures":{"layer0":"minecraft:item/iron_pickaxe"},"overrides":[{"predicate":{"custom_model_data":10000},"model":"custom:ia_auto_gen/copper_pickaxe"},{"predicate":{"custom_model_data":10001},"model":"custom:ia_auto_gen/tin_pickaxe"},{"predicate":{"custom_model_data":10002},"model":"custom:ia_auto_gen/lead_pickaxe"},{"predicate":{"custom_model_data":10003},"model":"custom:ia_auto_gen/silver_pickaxe"},{"predicate":{"custom_model_data":10004},"model":"custom:ia_auto_gen/tungsten_pickaxe"},{"predicate":{"custom_model_data":10005},"model":"custom:ia_auto_gen/platinum_pickaxe"},{"predicate":{"custom_model_data":10006},"model":"custom:ia_auto_gen/demonite_pickaxe"},{"predicate":{"custom_model_data":10007},"model":"custom:ia_auto_gen/meteorite_pickaxe"},{"predicate":{"custom_model_data":10008},"model":"custom:ia_auto_gen/hellstone_pickaxe"},{"predicate":{"custom_model_data":10009},"model":"custom:ia_auto_gen/cobalt_pickaxe"},{"predicate":{"custom_model_data":10010},"model":"custom:ia_auto_gen/palladium_pickaxe"},{"predicate":{"custom_model_data":10011},"model":"custom:ia_auto_gen/orichalcum_pickaxe"},{"predicate":{"custom_model_data":10012},"model":"custom:ia_auto_gen/mythril_pickaxe"},{"predicate":{"custom_model_data":10013},"model":"custom:ia_auto_gen/adamantite_pickaxe"},{"predicate":{"custom_model_data":10014},"model":"custom:ia_auto_gen/titanium_pickaxe"},{"predicate":{"custom_model_data":10015},"model":"custom:ia_auto_gen/chlorophyte_pickaxe"},{"predicate":{"custom_model_data":10016},"model":"custom:ia_auto_gen/luminite_pickaxe"},{"predicate":{"custom_model_data":10017},"model":"item/iron_pickaxe"}]}