{"parent":"minecraft:item/handheld","textures":{"layer0":"minecraft:item/iron_shovel"},"overrides":[{"predicate":{"custom_model_data":10000},"model":"custom:ia_auto_gen/copper_shovel"},{"predicate":{"custom_model_data":10001},"model":"custom:ia_auto_gen/tin_shovel"},{"predicate":{"custom_model_data":10002},"model":"custom:ia_auto_gen/lead_shovel"},{"predicate":{"custom_model_data":10003},"model":"custom:ia_auto_gen/silver_shovel"},{"predicate":{"custom_model_data":10004},"model":"custom:ia_auto_gen/tungsten_shovel"},{"predicate":{"custom_model_data":10005},"model":"custom:ia_auto_gen/platinum_shovel"},{"predicate":{"custom_model_data":10006},"model":"custom:ia_auto_gen/demonite_shovel"},{"predicate":{"custom_model_data":10007},"model":"custom:ia_auto_gen/meteorite_shovel"},{"predicate":{"custom_model_data":10008},"model":"custom:ia_auto_gen/hellstone_shovel"},{"predicate":{"custom_model_data":10009},"model":"custom:ia_auto_gen/cobalt_shovel"},{"predicate":{"custom_model_data":10010},"model":"custom:ia_auto_gen/palladium_shovel"},{"predicate":{"custom_model_data":10011},"model":"custom:ia_auto_gen/orichalcum_shovel"},{"predicate":{"custom_model_data":10012},"model":"custom:ia_auto_gen/mythril_shovel"},{"predicate":{"custom_model_data":10013},"model":"custom:ia_auto_gen/adamantite_shovel"},{"predicate":{"custom_model_data":10014},"model":"custom:ia_auto_gen/titanium_shovel"},{"predicate":{"custom_model_data":10015},"model":"custom:ia_auto_gen/chlorophyte_shovel"},{"predicate":{"custom_model_data":10016},"model":"custom:ia_auto_gen/luminite_shovel"},{"predicate":{"custom_model_data":10017},"model":"item/iron_shovel"}]}