{"parent":"minecraft:item/generated","textures":{"layer0":"minecraft:item/leather_horse_armor"},"overrides":[{"predicate":{"custom_model_data":10000},"model":"balloon:globos"},{"predicate":{"custom_model_data":10001},"model":"balloon:globos"},{"predicate":{"custom_model_data":10002},"model":"balloon:globos"},{"predicate":{"custom_model_data":10003},"model":"balloon:globos"},{"predicate":{"custom_model_data":10004},"model":"balloon:globos"},{"predicate":{"custom_model_data":10005},"model":"balloon:globos"},{"predicate":{"custom_model_data":10006},"model":"cosmetic:custom/item/hotdog"},{"predicate":{"custom_model_data":10007},"model":"cosmetic:custom/item/balloon"},{"predicate":{"custom_model_data":10008},"model":"cosmetic:custom/item/stick"},{"predicate":{"custom_model_data":10009},"model":"cosmetic:custom/item/brush"},{"predicate":{"custom_model_data":10010},"model":"cosmetic:custom/item/tone"},{"predicate":{"custom_model_data":10011},"model":"cosmetic:custom/item/backpack"},{"predicate":{"custom_model_data":10012},"model":"cosmetic:custom/item/stand"},{"predicate":{"custom_model_data":10013},"model":"cosmetic:custom/item/token"},{"predicate":{"custom_model_data":10014},"model":"cosmetic:custom/item/mexhat"},{"predicate":{"custom_model_data":10015},"model":"item/leather_horse_armor"}]}