{"parent":"minecraft:item/generated","textures":{"layer0":"minecraft:item/paper"},"overrides":[{"predicate":{"custom_model_data":10000},"model":"_iainternal:ia_auto_gen/icon_left_blue"},{"predicate":{"custom_model_data":10001},"model":"_iainternal:ia_auto_gen/icon_right_blue"},{"predicate":{"custom_model_data":10002},"model":"_iainternal:ia_auto_gen/icon_search"},{"predicate":{"custom_model_data":10003},"model":"_iainternal:ia_auto_gen/icon_cancel"},{"predicate":{"custom_model_data":10004},"model":"_iainternal:ia_auto_gen/icon_arrow_chest"},{"predicate":{"custom_model_data":10005},"model":"_iainternal:ia_auto_gen/icon_back_orange"},{"predicate":{"custom_model_data":10006},"model":"_iainternal:ia_auto_gen/icon_next_orange"},{"predicate":{"custom_model_data":10007},"model":"cosmetic:custom/spray/spray1"},{"predicate":{"custom_model_data":10008},"model":"profile:gui_item/online"},{"predicate":{"custom_model_data":10009},"model":"profile:gui_item/offline"},{"predicate":{"custom_model_data":10010},"model":"block_model:water_pillar"},{"predicate":{"custom_model_data":10012},"model":"block_model:beach_chair"},{"predicate":{"custom_model_data":10016},"model":"block_model:rocking_chair"},{"predicate":{"custom_model_data":10018},"model":"block_model:sofa_chair"},{"predicate":{"custom_model_data":10019},"model":"block_model:iron_chair"},{"predicate":{"custom_model_data":10022},"model":"block_model:chair"},{"predicate":{"custom_model_data":10024},"model":"block_model:picnic_table"},{"predicate":{"custom_model_data":10025},"model":"block_model:wooden_table"},{"predicate":{"custom_model_data":10044},"model":"block_model:book_1"},{"predicate":{"custom_model_data":10045},"model":"block_model:book_2"},{"predicate":{"custom_model_data":10046},"model":"block_model:book_3"},{"predicate":{"custom_model_data":10047},"model":"block_model:camera"},{"predicate":{"custom_model_data":10050},"model":"block_model:log"},{"predicate":{"custom_model_data":10051},"model":"block_model:log_stack_1"},{"predicate":{"custom_model_data":10052},"model":"block_model:log_stack_2"},{"predicate":{"custom_model_data":10053},"model":"block_model:log_stack_3"},{"predicate":{"custom_model_data":10054},"model":"block_model:log_stool_1"},{"predicate":{"custom_model_data":10055},"model":"block_model:log_stool_2"},{"predicate":{"custom_model_data":10056},"model":"block_model:scarecrow_4"},{"predicate":{"custom_model_data":10057},"model":"block_model:scarecrow_3"},{"predicate":{"custom_model_data":10058},"model":"block_model:scarecrow_2"},{"predicate":{"custom_model_data":10059},"model":"block_model:scarecrow_1"},{"predicate":{"custom_model_data":10060},"model":"block_model:plank_pile_3"},{"predicate":{"custom_model_data":10061},"model":"block_model:plank_pile_2"},{"predicate":{"custom_model_data":10062},"model":"block_model:plank_pile_1"},{"predicate":{"custom_model_data":10063},"model":"block_model:tall_torch"},{"predicate":{"custom_model_data":10064},"model":"block_model:stall_tarp"},{"predicate":{"custom_model_data":10065},"model":"block_model:stall_tarp_small"},{"predicate":{"custom_model_data":10066},"model":"block_model:stall_cart"},{"predicate":{"custom_model_data":10067},"model":"block_model:stack_of_papers_2"},{"predicate":{"custom_model_data":10068},"model":"block_model:stack_of_papers_1"},{"predicate":{"custom_model_data":10069},"model":"block_model:tall_torch_wall"},{"predicate":{"custom_model_data":10070},"model":"block_model:tarp"},{"predicate":{"custom_model_data":10071},"model":"block_model:tent"},{"predicate":{"custom_model_data":10072},"model":"block_model:thatch_tarp"},{"predicate":{"custom_model_data":10073},"model":"block_model:wall_tarp"},{"predicate":{"custom_model_data":10074},"model":"block_model:wall_tarp_small"},{"predicate":{"custom_model_data":10075},"model":"block_model:wheel_barrel_iron"},{"predicate":{"custom_model_data":10076},"model":"block_model:black_shop_cover"},{"predicate":{"custom_model_data":10077},"model":"block_model:blue_shop_cover"},{"predicate":{"custom_model_data":10078},"model":"block_model:brown_shop_cover"},{"predicate":{"custom_model_data":10079},"model":"block_model:cyan_shop_cover"},{"predicate":{"custom_model_data":10080},"model":"block_model:gray_shop_cover"},{"predicate":{"custom_model_data":10081},"model":"block_model:green_shop_cover"},{"predicate":{"custom_model_data":10082},"model":"block_model:light_blue_shop_cover"},{"predicate":{"custom_model_data":10083},"model":"block_model:light_gray_shop_cover"},{"predicate":{"custom_model_data":10084},"model":"block_model:lime_shop_cover"},{"predicate":{"custom_model_data":10085},"model":"block_model:magenta_shop_cover"},{"predicate":{"custom_model_data":10086},"model":"block_model:orange_shop_cover"},{"predicate":{"custom_model_data":10087},"model":"block_model:pink_shop_cover"},{"predicate":{"custom_model_data":10088},"model":"block_model:purple_shop_cover"},{"predicate":{"custom_model_data":10089},"model":"block_model:red_shop_cover"},{"predicate":{"custom_model_data":10090},"model":"block_model:white_shop_cover"},{"predicate":{"custom_model_data":10091},"model":"block_model:yellow_shop_cover"},{"predicate":{"custom_model_data":10092},"model":"block_model:storage_box"},{"predicate":{"custom_model_data":10093},"model":"block_model:storage_box_mini"},{"predicate":{"custom_model_data":10094},"model":"block_model:sellbox/apple_sellbox"},{"predicate":{"custom_model_data":10095},"model":"block_model:sellbox/beetroot_sellbox"},{"predicate":{"custom_model_data":10096},"model":"block_model:sellbox/carrot_sellbox"},{"predicate":{"custom_model_data":10097},"model":"block_model:sellbox/copper_sellbox"},{"predicate":{"custom_model_data":10098},"model":"block_model:sellbox/fish_sellbox"},{"predicate":{"custom_model_data":10099},"model":"block_model:sellbox/gapple_sellbox"},{"predicate":{"custom_model_data":10100},"model":"block_model:sellbox/glowberry_sellbox"},{"predicate":{"custom_model_data":10101},"model":"block_model:sellbox/melon_sellbox"},{"predicate":{"custom_model_data":10102},"model":"block_model:sellbox/minerals_sellbox"},{"predicate":{"custom_model_data":10103},"model":"block_model:sellbox/potato_sellbox"},{"predicate":{"custom_model_data":10104},"model":"block_model:sellbox/sugar_cane_sellbox"},{"predicate":{"custom_model_data":10105},"model":"block_model:sellbox/sweet_berries_sellbox"},{"predicate":{"custom_model_data":10106},"model":"block_model:sellbox/terracotta_sellbox"},{"predicate":{"custom_model_data":10107},"model":"block_model:sellbox/wood_sellbox"},{"predicate":{"custom_model_data":10108},"model":"block_model:sellbox/wool_sellbox"},{"predicate":{"custom_model_data":10109},"model":"block_model:sellbox/sword_sellbox"},{"predicate":{"custom_model_data":10110},"model":"block_model:sellbox/tools_sellbox"},{"predicate":{"custom_model_data":10111},"model":"block_model:sellbox/books_sellbox"},{"predicate":{"custom_model_data":10112},"model":"block_model:cash/cash_register_black"},{"predicate":{"custom_model_data":10113},"model":"block_model:cash/cash_register_blue"},{"predicate":{"custom_model_data":10114},"model":"block_model:cash/cash_register_brown"},{"predicate":{"custom_model_data":10115},"model":"block_model:cash/cash_register_cyan"},{"predicate":{"custom_model_data":10116},"model":"block_model:cash/cash_register_green"},{"predicate":{"custom_model_data":10117},"model":"block_model:cash/cash_register_orange"},{"predicate":{"custom_model_data":10118},"model":"block_model:cash/cash_register_pink"},{"predicate":{"custom_model_data":10119},"model":"block_model:cash/cash_register_red"},{"predicate":{"custom_model_data":10120},"model":"block_model:cash/cash_register_yellow"},{"predicate":{"custom_model_data":10121},"model":"block_model:windmill_base"},{"predicate":{"custom_model_data":10122},"model":"block_model:windmill_blade"},{"predicate":{"custom_model_data":10123},"model":"block_model:air_balloon_top"},{"predicate":{"custom_model_data":10124},"model":"block_model:air_balloon_bottom_fire"},{"predicate":{"custom_model_data":10125},"model":"block_model:air_balloon_bottom"},{"predicate":{"custom_model_data":10126},"model":"block_model:beach_chair_green"},{"predicate":{"custom_model_data":10127},"model":"block_model:beach_chair_yellow"},{"predicate":{"custom_model_data":10128},"model":"block_model:beach_chair_red"},{"predicate":{"custom_model_data":10129},"model":"block_model:stall_cart_yellow"},{"predicate":{"custom_model_data":10130},"model":"block_model:stall_cart_green"},{"predicate":{"custom_model_data":10131},"model":"block_model:stall_cart_red"},{"predicate":{"custom_model_data":10132},"model":"block_model:sofa_chair_red"},{"predicate":{"custom_model_data":10133},"model":"block_model:sofa_chair_green"},{"predicate":{"custom_model_data":10134},"model":"block_model:sofa_chair_yellow"},{"predicate":{"custom_model_data":10135},"model":"item/paper"}]}