{"parent":"item/generated","textures":{"layer0":"item/potion_overlay","layer1":"item/potion"},"overrides":[{"predicate":{"custom_model_data":10001},"model":"robot:entity/robot/body"},{"predicate":{"custom_model_data":10002},"model":"robot:entity/robot/top_right"},{"predicate":{"custom_model_data":10003},"model":"robot:entity/robot/bottom_right"},{"predicate":{"custom_model_data":10004},"model":"robot:entity/robot/hand_right"},{"predicate":{"custom_model_data":10005},"model":"robot:entity/robot/top_left"},{"predicate":{"custom_model_data":10006},"model":"robot:entity/robot/bottom_left"},{"predicate":{"custom_model_data":10007},"model":"robot:entity/robot/hand_left"},{"predicate":{"custom_model_data":10008},"model":"robot:entity/robot/skull"},{"predicate":{"custom_model_data":10009},"model":"robot:entity/robot/pipes"},{"predicate":{"custom_model_data":10010},"model":"robot:entity/robot/left"},{"predicate":{"custom_model_data":10011},"model":"robot:entity/robot/right"},{"predicate":{"custom_model_data":10012},"model":"robot:entity/robot/turbine"},{"predicate":{"custom_model_data":10013},"model":"robot:entity/robot/glow_0.7-1-0.7"},{"predicate":{"custom_model_data":10014},"model":"robot:entity/robot/glow"},{"predicate":{"custom_model_data":10015},"model":"robot:entity/robot/face_normal"},{"predicate":{"custom_model_data":10016},"model":"robot:entity/robot/face_dead"},{"predicate":{"custom_model_data":10017},"model":"lootchests:entity/gold_chest/chest_bottom"},{"predicate":{"custom_model_data":10018},"model":"lootchests:entity/gold_chest/hole"},{"predicate":{"custom_model_data":10019},"model":"lootchests:entity/gold_chest/chest_top"},{"predicate":{"custom_model_data":10020},"model":"lootchests:entity/gold_chest/glow"},{"predicate":{"custom_model_data":10021},"model":"lootchests:entity/normal_chest/chest_bottom"},{"predicate":{"custom_model_data":10022},"model":"lootchests:entity/normal_chest/hole"},{"predicate":{"custom_model_data":10023},"model":"lootchests:entity/normal_chest/chest_top"},{"predicate":{"custom_model_data":10024},"model":"lootchests:entity/normal_chest/glow"},{"predicate":{"custom_model_data":10025},"model":"lootchests:entity/3_chest/chest_bottom"},{"predicate":{"custom_model_data":10026},"model":"lootchests:entity/3_chest/hole"},{"predicate":{"custom_model_data":10027},"model":"lootchests:entity/3_chest/chest_top"},{"predicate":{"custom_model_data":10028},"model":"lootchests:entity/3_chest/glow"},{"predicate":{"custom_model_data":10029},"model":"lootchests:entity/4_chest/chest_bottom"},{"predicate":{"custom_model_data":10030},"model":"lootchests:entity/4_chest/hole"},{"predicate":{"custom_model_data":10031},"model":"lootchests:entity/4_chest/chest_top"},{"predicate":{"custom_model_data":10032},"model":"lootchests:entity/4_chest/glow"},{"predicate":{"custom_model_data":10033},"model":"lootchests:entity/5_chest/chest_bottom"},{"predicate":{"custom_model_data":10034},"model":"lootchests:entity/5_chest/hole"},{"predicate":{"custom_model_data":10035},"model":"lootchests:entity/5_chest/chest_top"},{"predicate":{"custom_model_data":10036},"model":"lootchests:entity/5_chest/glow"},{"predicate":{"custom_model_data":10037},"model":"item/potion"}]}