{"parent":"builtin/entity","gui_light":"front","textures":{"particle":"block/dark_oak_planks"},"display":{"thirdperson_righthand":{"rotation":[0,90,0],"translation":[10,6,-4],"scale":[1,1,1]},"thirdperson_lefthand":{"rotation":[0,90,0],"translation":[10,6,12],"scale":[1,1,1]},"firstperson_righthand":{"rotation":[0,180,5],"translation":[-10,2,-10],"scale":[1.25,1.25,1.25]},"firstperson_lefthand":{"rotation":[0,180,5],"translation":[10,0,-10],"scale":[1.25,1.25,1.25]},"gui":{"rotation":[15,-25,-5],"translation":[2,3,0],"scale":[0.65,0.65,0.65]},"fixed":{"rotation":[0,180,0],"translation":[-2,4,-5],"scale":[0.5,0.5,0.5]},"ground":{"rotation":[0,0,0],"translation":[4,4,2],"scale":[0.25,0.25,0.25]}},"overrides":[{"predicate":{"blocking":1},"model":"item/shield_blocking"},{"predicate":{"custom_model_data":10000},"model":"custom:shield/amerboro_shield"},{"predicate":{"blocking":1,"custom_model_data":10000},"model":"custom:shield/amerboro_shield_blocking"},{"predicate":{"custom_model_data":10001},"model":"custom:shield/bronze_shield"},{"predicate":{"blocking":1,"custom_model_data":10001},"model":"custom:shield/bronze_shield_blocking"},{"predicate":{"custom_model_data":10002},"model":"custom:shield/centurion_shield"},{"predicate":{"blocking":1,"custom_model_data":10002},"model":"custom:shield/centurion_shield_blocking"},{"predicate":{"custom_model_data":10003},"model":"custom:shield/chargin_shield"},{"predicate":{"blocking":1,"custom_model_data":10003},"model":"custom:shield/chargin_shield_blocking"},{"predicate":{"custom_model_data":10004},"model":"custom:shield/crown_shield"},{"predicate":{"blocking":1,"custom_model_data":10004},"model":"custom:shield/crown_shield_blocking"},{"predicate":{"custom_model_data":10005},"model":"custom:shield/dragonborn_shield"},{"predicate":{"blocking":1,"custom_model_data":10005},"model":"custom:shield/dragonborn_shield_blocking"},{"predicate":{"custom_model_data":10006},"model":"custom:shield/ender_shield"},{"predicate":{"blocking":1,"custom_model_data":10006},"model":"custom:shield/ender_shield_blocking"},{"predicate":{"custom_model_data":10007},"model":"custom:shield/frozen_shield"},{"predicate":{"blocking":1,"custom_model_data":10007},"model":"custom:shield/frozen_shield_blocking"},{"predicate":{"custom_model_data":10008},"model":"custom:shield/gilded_ender_shield"},{"predicate":{"blocking":1,"custom_model_data":10008},"model":"custom:shield/gilded_ender_shield_blocking"},{"predicate":{"custom_model_data":10009},"model":"custom:shield/hrafn_shield"},{"predicate":{"blocking":1,"custom_model_data":10009},"model":"custom:shield/hrafn_shield_blocking"},{"predicate":{"custom_model_data":10010},"model":"custom:shield/ikaros_shield"},{"predicate":{"blocking":1,"custom_model_data":10010},"model":"custom:shield/ikaros_shield_blocking"},{"predicate":{"custom_model_data":10011},"model":"custom:shield/jotunn_shield"},{"predicate":{"blocking":1,"custom_model_data":10011},"model":"custom:shield/jotunn_shield_blocking"},{"predicate":{"custom_model_data":10012},"model":"custom:shield/spartan_shield"},{"predicate":{"blocking":1,"custom_model_data":10012},"model":"custom:shield/spartan_shield_blocking"},{"predicate":{"custom_model_data":10013},"model":"custom:shield/suns_shield"},{"predicate":{"blocking":1,"custom_model_data":10013},"model":"custom:shield/suns_shield_blocking"},{"predicate":{"custom_model_data":10014},"model":"custom:shield/templar_shield"},{"predicate":{"blocking":1,"custom_model_data":10014},"model":"custom:shield/templar_shield_blocking"},{"predicate":{"custom_model_data":10015},"model":"custom:shield/wooden_shield"},{"predicate":{"blocking":1,"custom_model_data":10015},"model":"custom:shield/wooden_shield_blocking"},{"predicate":{"custom_model_data":10016},"model":"item/shield"}]}