{"parent":"minecraft:item/handheld","textures":{"layer0":"minecraft:item/stick"},"overrides":[{"predicate":{"custom_model_data":10000},"model":"misc:ia_auto_gen/bug_medal"},{"predicate":{"custom_model_data":10001},"model":"misc:ia_auto_gen/cute_medal"},{"predicate":{"custom_model_data":10002},"model":"misc:ia_auto_gen/donator_medal"},{"predicate":{"custom_model_data":10003},"model":"misc:ia_auto_gen/coin"},{"predicate":{"custom_model_data":10004},"model":"misc:ia_auto_gen/banknote"},{"predicate":{"custom_model_data":10005},"model":"misc:ia_auto_gen/sack_of_money"},{"predicate":{"custom_model_data":10006},"model":"misc:ia_auto_gen/plastic_bag"},{"predicate":{"custom_model_data":10007},"model":"misc:ia_auto_gen/light_blue_coupon"},{"predicate":{"custom_model_data":10008},"model":"misc:ia_auto_gen/turquoise_coupon"},{"predicate":{"custom_model_data":10009},"model":"misc:ia_auto_gen/purple_coupon"},{"predicate":{"custom_model_data":10010},"model":"misc:ia_auto_gen/green_coupon"},{"predicate":{"custom_model_data":10011},"model":"misc:ia_auto_gen/red_coupon"},{"predicate":{"custom_model_data":10012},"model":"misc:ia_auto_gen/black_coupon"},{"predicate":{"custom_model_data":10013},"model":"misc:ia_auto_gen/white_coupon"},{"predicate":{"custom_model_data":10014},"model":"misc:ia_auto_gen/golden_coupon"},{"predicate":{"custom_model_data":10015},"model":"misc:ia_auto_gen/blue_ring"},{"predicate":{"custom_model_data":10016},"model":"misc:ia_auto_gen/light_blue_ring"},{"predicate":{"custom_model_data":10017},"model":"misc:ia_auto_gen/turquoise_ring"},{"predicate":{"custom_model_data":10018},"model":"misc:ia_auto_gen/purple_ring"},{"predicate":{"custom_model_data":10019},"model":"misc:ia_auto_gen/green_ring"},{"predicate":{"custom_model_data":10020},"model":"misc:ia_auto_gen/red_ring"},{"predicate":{"custom_model_data":10021},"model":"misc:ia_auto_gen/black_ring"},{"predicate":{"custom_model_data":10022},"model":"misc:ia_auto_gen/white_ring"},{"predicate":{"custom_model_data":10023},"model":"misc:ia_auto_gen/golden_ring"},{"predicate":{"custom_model_data":10024},"model":"misc:ia_auto_gen/marriage_ring"},{"predicate":{"custom_model_data":10025},"model":"misc:ia_auto_gen/blue_key"},{"predicate":{"custom_model_data":10026},"model":"misc:ia_auto_gen/light_blue_key"},{"predicate":{"custom_model_data":10027},"model":"misc:ia_auto_gen/turquoise_key"},{"predicate":{"custom_model_data":10028},"model":"misc:ia_auto_gen/purple_key"},{"predicate":{"custom_model_data":10029},"model":"misc:ia_auto_gen/green_key"},{"predicate":{"custom_model_data":10030},"model":"misc:ia_auto_gen/red_key"},{"predicate":{"custom_model_data":10031},"model":"misc:ia_auto_gen/black_key"},{"predicate":{"custom_model_data":10032},"model":"misc:ia_auto_gen/white_key"},{"predicate":{"custom_model_data":10033},"model":"misc:ia_auto_gen/golden_key"},{"predicate":{"custom_model_data":10034},"model":"misc:item/carton_box"},{"predicate":{"custom_model_data":10035},"model":"misc:ia_auto_gen/crystals"},{"predicate":{"custom_model_data":10036},"model":"item/stick"}]}