{"textures":{"0":"modelengine:entity/bichon"},"elements":[{"from":[6.483286,7.6728573,7.187143],"to":[9.414715,10.115715,10.444286],"rotation":{"angle":0.0,"axis":"y","origin":[8.726643,5.9642267,4.7333336]},"faces":{"east":{"uv":[5.008,5.008,6.242,5.992],"rotation":0,"texture":"#0","tintindex":0},"south":{"uv":[5.758,1.258,6.875,2.242],"rotation":0,"texture":"#0","tintindex":0},"north":{"uv":[0.008,5.508,1.125,6.492],"rotation":0,"texture":"#0","tintindex":0},"west":{"uv":[5.258,0.008,6.492,0.992],"rotation":0,"texture":"#0","tintindex":0},"up":{"uv":[4.625,3.742,3.508,2.508],"rotation":0,"texture":"#0","tintindex":0},"down":{"uv":[1.125,4.008,0.008,5.242],"rotation":0,"texture":"#0","tintindex":0}}},{"from":[7.0532856,7.8357143,10.281429],"to":[8.844714,8.812858,11.095715],"rotation":{"angle":0.0,"axis":"y","origin":[8.726643,5.9642267,4.7333336]},"faces":{"east":{"uv":[7.008,8.508,7.375,8.875],"rotation":0,"texture":"#0","tintindex":0},"south":{"uv":[7.758,0.008,8.492,0.375],"rotation":0,"texture":"#0","tintindex":0},"north":{"uv":[0.008,7.758,0.742,8.125],"rotation":0,"texture":"#0","tintindex":0},"west":{"uv":[8.758,0.008,9.125,0.375],"rotation":0,"texture":"#0","tintindex":0},"up":{"uv":[8.492,2.375,7.758,2.008],"rotation":0,"texture":"#0","tintindex":0},"down":{"uv":[8.492,2.758,7.758,3.125],"rotation":0,"texture":"#0","tintindex":0}}},{"from":[5.9947143,7.3471427,7.512857],"to":[9.903286,10.93,9.792857],"rotation":{"angle":0.0,"axis":"y","origin":[8.726643,5.9642267,4.7333336]},"faces":{"east":{"uv":[1.508,5.258,2.375,6.625],"rotation":0,"texture":"#0","tintindex":0},"south":{"uv":[1.758,2.258,3.242,3.625],"rotation":0,"texture":"#0","tintindex":0},"north":{"uv":[0.008,2.258,1.492,3.625],"rotation":0,"texture":"#0","tintindex":0},"west":{"uv":[2.758,5.258,3.625,6.625],"rotation":0,"texture":"#0","tintindex":0},"up":{"uv":[2.992,4.875,1.508,4.008],"rotation":0,"texture":"#0","tintindex":0},"down":{"uv":[4.742,4.008,3.258,4.875],"rotation":0,"texture":"#0","tintindex":0}}}],"display":{"head":{"translation":[0.0,-6.4,0.0],"scale":[4.0,4.0,4.0]}}}