{"textures":{"0":"modelengine:entity/bichon"},"elements":[{"from":[7.3485713,7.4742856,7.562857],"to":[8.651428,8.125714,8.865714],"rotation":{"angle":0.0,"axis":"y","origin":[8.0,7.9857144,8.1]},"faces":{"east":{"uv":[8.758,2.508,9.242,2.742],"rotation":0,"texture":"#0","tintindex":0},"south":{"uv":[3.008,8.758,3.492,8.992],"rotation":0,"texture":"#0","tintindex":0},"north":{"uv":[2.258,8.758,2.742,8.992],"rotation":0,"texture":"#0","tintindex":0},"west":{"uv":[8.758,3.008,9.242,3.242],"rotation":0,"texture":"#0","tintindex":0},"up":{"uv":[4.492,8.992,4.008,8.508],"rotation":0,"texture":"#0","tintindex":0},"down":{"uv":[8.992,4.258,8.508,4.742],"rotation":0,"texture":"#0","tintindex":0}}}],"display":{"head":{"translation":[0.0,-6.4,0.0],"scale":[4.0,4.0,4.0]}}}