{"textures":{"0":"modelengine:entity/bichon"},"elements":[{"from":[7.277143,7.517143,7.3485713],"to":[8.58,8.168571,8.651428],"rotation":{"angle":0.0,"axis":"y","origin":[7.1590714,9.760059,4.8338]},"faces":{"east":{"uv":[0.758,8.758,1.242,8.992],"rotation":0,"texture":"#0","tintindex":0},"south":{"uv":[1.508,8.758,1.992,8.992],"rotation":0,"texture":"#0","tintindex":0},"north":{"uv":[8.258,1.508,8.742,1.742],"rotation":0,"texture":"#0","tintindex":0},"west":{"uv":[8.758,2.008,9.242,2.242],"rotation":0,"texture":"#0","tintindex":0},"up":{"uv":[2.242,8.492,1.758,8.008],"rotation":0,"texture":"#0","tintindex":0},"down":{"uv":[2.992,8.008,2.508,8.492],"rotation":0,"texture":"#0","tintindex":0}}}],"display":{"head":{"translation":[0.0,-6.4,0.0],"scale":[4.0,4.0,4.0]}}}