{"textures":{"0":"modelengine:entity/bichon"},"elements":[{"from":[7.364857,7.0924067,7.385779],"to":[8.635143,8.395264,8.688636],"rotation":{"angle":-22.5,"axis":"x","origin":[8.0,7.980148,8.049439]},"faces":{"east":{"uv":[8.508,5.008,8.992,5.492],"rotation":0,"texture":"#0","tintindex":0},"south":{"uv":[5.508,8.508,5.992,8.992],"rotation":0,"texture":"#0","tintindex":0},"north":{"uv":[4.758,8.508,5.242,8.992],"rotation":0,"texture":"#0","tintindex":0},"west":{"uv":[8.508,5.758,8.992,6.242],"rotation":0,"texture":"#0","tintindex":0},"up":{"uv":[6.742,8.992,6.258,8.508],"rotation":0,"texture":"#0","tintindex":0},"down":{"uv":[8.992,6.508,8.508,6.992],"rotation":0,"texture":"#0","tintindex":0}}}],"display":{"head":{"translation":[0.0,-6.4,0.0],"scale":[4.0,4.0,4.0]}}}