{"textures":{"0":"modelengine:entity/bichon"},"elements":[{"from":[7.220143,6.014381,6.8119826],"to":[8.637,7.317238,8.11484],"rotation":{"angle":-22.5,"axis":"x","origin":[7.1509285,9.048926,5.3469634]},"faces":{"east":{"uv":[7.758,4.258,8.242,4.742],"rotation":0,"texture":"#0","tintindex":0},"south":{"uv":[7.758,5.008,8.242,5.492],"rotation":0,"texture":"#0","tintindex":0},"north":{"uv":[7.758,3.508,8.242,3.992],"rotation":0,"texture":"#0","tintindex":0},"west":{"uv":[7.758,5.758,8.242,6.242],"rotation":0,"texture":"#0","tintindex":0},"up":{"uv":[8.242,6.992,7.758,6.508],"rotation":0,"texture":"#0","tintindex":0},"down":{"uv":[1.492,8.008,1.008,8.492],"rotation":0,"texture":"#0","tintindex":0}}}],"display":{"head":{"translation":[0.0,-6.4,0.0],"scale":[4.0,4.0,4.0]}}}