{"textures":{"0":"modelengine:entity/bichon"},"elements":[{"from":[7.6714287,7.682857,7.714286],"to":[8.328571,8.3171425,8.285714],"rotation":{"angle":0.0,"axis":"y","origin":[8.942857,6.273929,5.0699997]},"faces":{"east":{"uv":[3.633,3.383,3.867,3.625],"rotation":0,"texture":"#0","tintindex":0},"south":{"uv":[3.867,3.383,3.633,3.625],"rotation":0,"texture":"#0","tintindex":0},"north":{"uv":[3.867,3.383,3.633,3.625],"rotation":0,"texture":"#0","tintindex":0},"west":{"uv":[3.633,3.383,3.867,3.625],"rotation":0,"texture":"#0","tintindex":0},"up":{"uv":[3.867,3.625,3.633,3.383],"rotation":0,"texture":"#0","tintindex":0},"down":{"uv":[3.867,3.625,3.633,3.383],"rotation":0,"texture":"#0","tintindex":0}}}],"display":{"head":{"translation":[0.0,-6.4,0.0],"scale":[4.0,4.0,4.0]}}}