{"textures":{"0":"modelengine:entity/bichon"},"elements":[{"from":[7.363,6.014381,6.8119826],"to":[8.779858,7.317238,8.11484],"rotation":{"angle":-22.5,"axis":"x","origin":[8.8490715,9.048926,5.3469634]},"faces":{"east":{"uv":[8.242,5.758,7.758,6.242],"rotation":0,"texture":"#0","tintindex":0},"south":{"uv":[8.242,5.008,7.758,5.492],"rotation":0,"texture":"#0","tintindex":0},"north":{"uv":[8.242,3.508,7.758,3.992],"rotation":0,"texture":"#0","tintindex":0},"west":{"uv":[8.242,4.258,7.758,4.742],"rotation":0,"texture":"#0","tintindex":0},"up":{"uv":[7.758,6.992,8.242,6.508],"rotation":0,"texture":"#0","tintindex":0},"down":{"uv":[1.008,8.008,1.492,8.492],"rotation":0,"texture":"#0","tintindex":0}}}],"display":{"head":{"translation":[0.0,-6.4,0.0],"scale":[4.0,4.0,4.0]}}}