{"textures":{"0":"modelengine:entity/bichon"},"elements":[{"from":[7.3485713,7.8022113,7.0288563],"to":[8.651428,9.430782,8.494571],"rotation":{"angle":22.5,"axis":"x","origin":[8.704357,7.990775,4.931299]},"faces":{"east":{"uv":[4.625,7.508,4.008,8.125],"rotation":0,"texture":"#0","tintindex":0},"south":{"uv":[6.242,7.508,5.758,8.125],"rotation":0,"texture":"#0","tintindex":0},"north":{"uv":[5.492,7.508,5.008,8.125],"rotation":0,"texture":"#0","tintindex":0},"west":{"uv":[7.875,1.008,7.258,1.625],"rotation":0,"texture":"#0","tintindex":0},"up":{"uv":[6.508,8.125,6.992,7.508],"rotation":0,"texture":"#0","tintindex":0},"down":{"uv":[7.258,7.508,7.742,8.125],"rotation":0,"texture":"#0","tintindex":0}}}],"display":{"head":{"translation":[0.0,-6.4,0.0],"scale":[4.0,4.0,4.0]}}}