{"textures":{"0":"modelengine:entity/bichon"},"elements":[{"from":[7.1857142,6.406552,7.242993],"to":[8.814285,8.360838,9.197279],"rotation":{"angle":22.5,"axis":"x","origin":[8.0,7.995391,8.21573]},"faces":{"east":{"uv":[0.742,6.758,0.008,7.492],"rotation":0,"texture":"#0","tintindex":0},"south":{"uv":[1.625,7.008,1.008,7.742],"rotation":0,"texture":"#0","tintindex":0},"north":{"uv":[7.375,0.008,6.758,0.742],"rotation":0,"texture":"#0","tintindex":0},"west":{"uv":[4.742,5.258,4.008,5.992],"rotation":0,"texture":"#0","tintindex":0},"up":{"uv":[2.008,7.742,2.625,7.008],"rotation":0,"texture":"#0","tintindex":0},"down":{"uv":[3.008,7.008,3.625,7.742],"rotation":0,"texture":"#0","tintindex":0}}}],"display":{"head":{"translation":[0.0,-6.4,0.0],"scale":[4.0,4.0,4.0]}}}