{"textures":{"0":"modelengine:entity/bichon"},"elements":[{"from":[7.42,7.517143,7.3485713],"to":[8.722857,8.168571,8.651428],"rotation":{"angle":0.0,"axis":"y","origin":[8.840929,9.760059,4.8338]},"faces":{"east":{"uv":[9.242,2.008,8.758,2.242],"rotation":0,"texture":"#0","tintindex":0},"south":{"uv":[1.992,8.758,1.508,8.992],"rotation":0,"texture":"#0","tintindex":0},"north":{"uv":[8.742,1.508,8.258,1.742],"rotation":0,"texture":"#0","tintindex":0},"west":{"uv":[1.242,8.758,0.758,8.992],"rotation":0,"texture":"#0","tintindex":0},"up":{"uv":[1.758,8.492,2.242,8.008],"rotation":0,"texture":"#0","tintindex":0},"down":{"uv":[2.508,8.008,2.992,8.492],"rotation":0,"texture":"#0","tintindex":0}}}],"display":{"head":{"translation":[0.0,-6.4,0.0],"scale":[4.0,4.0,4.0]}}}