{"textures":{"0":"modelengine:entity/bichon"},"elements":[{"from":[7.297571,6.8808317,6.21638],"to":[8.600429,8.183689,7.519237],"rotation":{"angle":22.5,"axis":"x","origin":[8.726643,6.3847384,8.840952]},"faces":{"east":{"uv":[8.008,7.258,8.492,7.742],"rotation":0,"texture":"#0","tintindex":0},"south":{"uv":[8.008,8.008,8.492,8.492],"rotation":0,"texture":"#0","tintindex":0},"north":{"uv":[3.258,8.008,3.742,8.492],"rotation":0,"texture":"#0","tintindex":0},"west":{"uv":[8.258,0.758,8.742,1.242],"rotation":0,"texture":"#0","tintindex":0},"up":{"uv":[0.492,8.992,0.008,8.508],"rotation":0,"texture":"#0","tintindex":0},"down":{"uv":[8.992,3.508,8.508,3.992],"rotation":0,"texture":"#0","tintindex":0}}}],"display":{"head":{"translation":[0.0,-6.4,0.0],"scale":[4.0,4.0,4.0]}}}