{
	"credit": "Made with Blockbench",
  "parent": "item/handheld",
	"textures": {
		"layer0": "custom:weapon/iron_spear"
	},
	"display": {
		"thirdperson_righthand": {
			"rotation": [-90, 270, -30],
			"translation": [0, 3.35, 0.5],
			"scale": [1.9, 1.9, -1.2]
		},
		"thirdperson_lefthand": {
			"rotation": [-90, -270, 115],
			"translation": [0, 3.1, 7.25],
			"scale": [2, 2, -1.2]
		},
		"firstperson_righthand": {
			"rotation": [-44, -88, 32],
			"translation": [-0.12, 5.25, 1.75],
			"scale": [0.9, 0.9, 0.6]
		},
		"firstperson_lefthand": {
			"rotation": [-25, 86, -15],
			"translation": [0.38, 7.2, 1.45],
			"scale": [0.9, 0.9, 0.72]
		},
		"ground": {
			"rotation": [0, 0, -45],
			"translation": [0, 4.25, 0],
			"scale": [1.2, 1.2, 1]
		},
		"gui": {
			"translation": [-0.25, -0.5, 0],
			"scale": [1.15, 1.15, 1]
		},
		"fixed": {
			"rotation": [0, 0, 90],
			"scale": [1.2, 1.2, 1]
		}
	}
}