{"providers":[{"file":"font/base/black.png","chars":["\uF822"],"height":1,"ascent":-5000,"type":"bitmap"},{"file":"font/base/black.png","chars":["\uF823"],"height":2,"ascent":-5000,"type":"bitmap"},{"file":"font/base/black.png","chars":["\uF824"],"height":3,"ascent":-5000,"type":"bitmap"},{"file":"font/base/black.png","chars":["\uF825"],"height":4,"ascent":-5000,"type":"bitmap"},{"file":"font/base/black.png","chars":["\uF826"],"height":5,"ascent":-5000,"type":"bitmap"},{"file":"font/base/black.png","chars":["\uF827"],"height":6,"ascent":-5000,"type":"bitmap"},{"file":"font/base/black.png","chars":["\uF828"],"height":7,"ascent":-5000,"type":"bitmap"},{"file":"font/base/black.png","chars":["\uF829"],"height":15,"ascent":-5000,"type":"bitmap"},{"file":"font/base/black.png","chars":["\uF82A"],"height":31,"ascent":-5000,"type":"bitmap"},{"file":"font/base/black.png","chars":["\uF82B"],"height":63,"ascent":-5000,"type":"bitmap"},{"file":"font/base/black.png","chars":["\uF82C"],"height":127,"ascent":-5000,"type":"bitmap"},{"file":"font/base/black.png","chars":["\uF82D"],"height":256,"ascent":-5000,"type":"bitmap"},{"file":"font/base/black.png","chars":["\uF82E"],"height":512,"ascent":-5000,"type":"bitmap"},{"file":"font/base/black.png","chars":["\uF82F"],"height":1024,"ascent":-5000,"type":"bitmap"},{"file":"font/base/black.png","chars":["\uF801"],"height":-3,"ascent":-5000,"type":"bitmap"},{"file":"font/base/black.png","chars":["\uF802"],"height":-4,"ascent":-5000,"type":"bitmap"},{"file":"font/base/black.png","chars":["\uF803"],"height":-5,"ascent":-5000,"type":"bitmap"},{"file":"font/base/black.png","chars":["\uF804"],"height":-6,"ascent":-5000,"type":"bitmap"},{"file":"font/base/black.png","chars":["\uF805"],"height":-7,"ascent":-5000,"type":"bitmap"},{"file":"font/base/black.png","chars":["\uF806"],"height":-8,"ascent":-5000,"type":"bitmap"},{"file":"font/base/black.png","chars":["\uF807"],"height":-9,"ascent":-5000,"type":"bitmap"},{"file":"font/base/black.png","chars":["\uF808"],"height":-10,"ascent":-5000,"type":"bitmap"},{"file":"font/base/black.png","chars":["\uF809"],"height":-18,"ascent":-5000,"type":"bitmap"},{"file":"font/base/black.png","chars":["\uF80A"],"height":-34,"ascent":-5000,"type":"bitmap"},{"file":"font/base/black.png","chars":["\uF80B"],"height":-66,"ascent":-5000,"type":"bitmap"},{"file":"font/base/black.png","chars":["\uF80C"],"height":-130,"ascent":-5000,"type":"bitmap"},{"file":"font/base/black.png","chars":["\uF80D"],"height":-259,"ascent":-5000,"type":"bitmap"},{"file":"font/base/black.png","chars":["\uF80E"],"height":-515,"ascent":-5000,"type":"bitmap"},{"file":"font/base/black.png","chars":["\uF80F"],"height":-1027,"ascent":-5000,"type":"bitmap"},{"file":":potionicon.png","chars":[""],"ascent":8,"height":8,"type":"bitmap"},{"file":":shopicon.png","chars":[""],"ascent":8,"height":8,"type":"bitmap"},{"file":":pvponoff.png","chars":[""],"ascent":8,"height":8,"type":"bitmap"},{"file":":pinata.png","chars":[""],"ascent":8,"height":9,"type":"bitmap"},{"file":":shopicon.png","chars":[""],"ascent":8,"height":8,"type":"bitmap"},{"file":"rank.png","chars":[""],"ascent":8,"height":8,"type":"bitmap"},{"file":"crystal.png","chars":[""],"ascent":8,"height":8,"type":"bitmap"},{"file":"flight.png","chars":[""],"ascent":8,"height":8,"type":"bitmap"},{"file":"pvp.png","chars":[""],"ascent":8,"height":8,"type":"bitmap"},{"file":"claim2.png","chars":[""],"ascent":8,"height":8,"type":"bitmap"},{"file":"ping.png","chars":[""],"ascent":8,"height":8,"type":"bitmap"},{"file":"pinata.png","chars":[""],"ascent":8,"height":9,"type":"bitmap"},{"file":"shop.png","chars":[""],"ascent":8,"height":8,"type":"bitmap"},{"file":"obeng.png","chars":[""],"ascent":8,"height":9,"type":"bitmap"},{"file":"level.png","chars":[""],"ascent":8,"height":9,"type":"bitmap"},{"file":"owner.png","chars":[""],"ascent":8,"height":9,"type":"bitmap"},{"file":"player.png","chars":[""],"ascent":8,"height":9,"type":"bitmap"},{"file":"player-icon.png","chars":[""],"ascent":8,"height":9,"type":"bitmap"},{"file":"trident.png","chars":[""],"ascent":8,"height":9,"type":"bitmap"},{"file":"forest.png","chars":[""],"ascent":8,"height":9,"type":"bitmap"},{"file":"seas.png","chars":[""],"ascent":8,"height":9,"type":"bitmap"},{"file":"savior.png","chars":[""],"ascent":8,"height":9,"type":"bitmap"},{"file":"fox_turu.png","chars":[""],"ascent":8,"height":9,"type":"bitmap"},{"file":"srmod.png","chars":[""],"ascent":8,"height":9,"type":"bitmap"},{"file":"srdev.png","chars":[""],"ascent":8,"height":9,"type":"bitmap"},{"file":"premium.png","chars":[""],"ascent":8,"height":9,"type":"bitmap"},{"file":"premiumplus.png","chars":[""],"ascent":8,"height":9,"type":"bitmap"},{"file":"youtube.png","chars":[""],"ascent":8,"height":9,"type":"bitmap"},{"file":"vip.png","chars":[""],"ascent":8,"height":9,"type":"bitmap"},{"file":"vipplus.png","chars":[""],"ascent":8,"height":9,"type":"bitmap"},{"type":"bitmap","file":"minecraft:guis/shopgui/shopgui_sell.png","ascent":26,"height":66,"chars":["ㇳ"]},{"type":"bitmap","file":"minecraft:guis/shopgui/shopgui_category.png","ascent":26,"height":140,"chars":["ㇴ"]},{"type":"bitmap","file":"minecraft:guis/shopgui/shopgui_categories.png","ascent":26,"height":87,"chars":["ㇵ"]},{"type":"bitmap","file":"minecraft:guis/shopgui/plus.png","ascent":8,"height":9,"chars":["ㇷ"]},{"type":"bitmap","file":"minecraft:guis/shopgui/minus.png","ascent":6,"height":6,"chars":["ㇸ"]},{"type":"bitmap","file":"minecraft:guis/shopgui/click.png","ascent":10,"height":13,"chars":["ㇶ"]},{"type":"bitmap","file":"minecraft:guis/shopgui/shop.png","ascent":8,"height":13,"chars":["㆒"]},{"type":"bitmap","file":"minecraft:guis/shopgui/cart.png","ascent":2,"height":44,"chars":["ぁ"]},{"type":"bitmap","file":"minecraft:guis/randomtp/rtp5.png","ascent":22,"height":82,"chars":["ゐ"]},{"type":"bitmap","file":"minecraft:guis/pixel.png","ascent":-2000,"height":-3,"chars":["七"]},{"file":"z_iainternal:gui/no_recipe.png","chars":[""],"height":170,"ascent":47,"type":"bitmap"},{"file":"z_iainternal:gui/crafting.png","chars":[""],"height":170,"ascent":47,"type":"bitmap"},{"file":"z_iainternal:gui/cooking.png","chars":[""],"height":170,"ascent":47,"type":"bitmap"},{"file":"z_iainternal:gui/blank_menu.png","chars":[""],"height":170,"ascent":47,"type":"bitmap"},{"file":"z_iainternal:gui/anvil_repair.png","chars":[""],"height":170,"ascent":47,"type":"bitmap"}]}
