{
  "parent": "minecraft:item/generated",
  "textures": {
    "layer0": "minecraft:item/coal"
  },
  "overrides": [
    { "predicate": { "custom_model_data": 1 }, "model": "yungwilder:halloween_pack/floating_spellbook" },
	{ "predicate": { "custom_model_data": 2 }, "model": "yungwilder:halloween_pack/witch_broom_birch" },
	{ "predicate": { "custom_model_data": 3 }, "model": "yungwilder:halloween_pack/witch_broom_dark_oak" },
	{"predicate": {"custom_model_data":2034}, "model": "assassin_model/icon_assassins_blade"},
	{"predicate": {"custom_model_data":2035}, "model": "assassin_model/icon_blade_dance"},
	{"predicate": {"custom_model_data":2036}, "model": "assassin_model/icon_blade_slash"},
	{"predicate": {"custom_model_data":2037}, "model": "assassin_model/icon_dagger_throw"},
	{"predicate": {"custom_model_data":2038}, "model": "assassin_model/icon_dash"},
	{"predicate": {"custom_model_data":2039}, "model": "assassin_model/icon_shadow_walk"},
	{"predicate": {"custom_model_data":2040}, "model": "necromancer_model/icon_empower_minions"},
	{"predicate": {"custom_model_data":2041}, "model": "necromancer_model/icon_eternal_flame"},
	{"predicate": {"custom_model_data":2042}, "model": "necromancer_model/icon_eternal_wheel"},
	{"predicate": {"custom_model_data":2043}, "model": "necromancer_model/icon_incarnation"},
	{"predicate": {"custom_model_data":2044}, "model": "necromancer_model/icon_skeletal_minion"},
	{"predicate": {"custom_model_data":2045}, "model": "necromancer_model/icon_will_o_wisp"},
	{"predicate": {"custom_model_data":2046}, "model": "shaman_model/icon_ancestral_power"},
	{"predicate": {"custom_model_data":2047}, "model": "shaman_model/icon_heal_beam"},
	{"predicate": {"custom_model_data":2048}, "model": "shaman_model/icon_healing_totem"},
	{"predicate": {"custom_model_data":2049}, "model": "shaman_model/icon_light_beam"},
	{"predicate": {"custom_model_data":2050}, "model": "shaman_model/icon_self_recovery"},
	{"predicate": {"custom_model_data":2051}, "model": "shaman_model/icon_totem_form"},
	{"predicate": {"custom_model_data":2052}, "model": "warrior_model/icon_brutal_strike"},
	{"predicate": {"custom_model_data":2053}, "model": "warrior_model/icon_chain_hook"},
	{"predicate": {"custom_model_data":2054}, "model": "warrior_model/icon_charge"},
	{"predicate": {"custom_model_data":2055}, "model": "warrior_model/icon_judgement"},
	{"predicate": {"custom_model_data":2056}, "model": "warrior_model/icon_rampage"},
	{"predicate": {"custom_model_data":2057}, "model": "warrior_model/icon_shield_barrier"},
	{"predicate": {"custom_model_data":2058}, "model": "archer_model/icon_backstep"},
	{"predicate": {"custom_model_data":2059}, "model": "archer_model/icon_deadly_javelin"},
	{"predicate": {"custom_model_data":2060}, "model": "archer_model/icon_dragon_piercer"},
	{"predicate": {"custom_model_data":2061}, "model": "archer_model/icon_hunters_focus"},
	{"predicate": {"custom_model_data":2062}, "model": "archer_model/icon_quick_shot"},
	{"predicate": {"custom_model_data":2063}, "model": "archer_model/icon_windrazor"},
	{"predicate": {"custom_model_data":2064}, "model": "mage_model/icon_arcane_missile"},
	{"predicate": {"custom_model_data":2065}, "model": "mage_model/icon_blink"},
	{"predicate": {"custom_model_data":2066}, "model": "mage_model/icon_fireball"},
	{"predicate": {"custom_model_data":2067}, "model": "mage_model/icon_frost_nova"},
	{"predicate": {"custom_model_data":2068}, "model": "mage_model/icon_inferno_chains"},
	{"predicate": {"custom_model_data":2069}, "model": "mage_model/icon_meteor"}
  ]
}