{"parent":"minecraft:item/generated","textures":{"layer0":"minecraft:item/leather_horse_armor"},"overrides":[{"predicate":{"custom_model_data":1},"model":"modelengine:aerial_bunny/aerial_bunny"},{"predicate":{"custom_model_data":2},"model":"modelengine:aerial_bunny/tail"},{"predicate":{"custom_model_data":3},"model":"modelengine:aerial_bunny/tail_end"},{"predicate":{"custom_model_data":4},"model":"modelengine:aerial_bunny/left_hand"},{"predicate":{"custom_model_data":5},"model":"modelengine:aerial_bunny/right_hand"},{"predicate":{"custom_model_data":6},"model":"modelengine:aerial_bunny/left_ear"},{"predicate":{"custom_model_data":7},"model":"modelengine:aerial_bunny/left_ear_end"},{"predicate":{"custom_model_data":8},"model":"modelengine:aerial_bunny/right_ear"},{"predicate":{"custom_model_data":9},"model":"modelengine:aerial_bunny/right_ear_end"},{"predicate":{"custom_model_data":10},"model":"modelengine:ant/ant"},{"predicate":{"custom_model_data":11},"model":"modelengine:ant_farm/antfarm"},{"predicate":{"custom_model_data":12},"model":"modelengine:ant_pile/pile"},{"predicate":{"custom_model_data":13},"model":"modelengine:armadillo/armadillo"},{"predicate":{"custom_model_data":14},"model":"modelengine:armadillo/frontleftleg"},{"predicate":{"custom_model_data":15},"model":"modelengine:armadillo/frontrightleg"},{"predicate":{"custom_model_data":16},"model":"modelengine:armadillo/leftbackleg"},{"predicate":{"custom_model_data":17},"model":"modelengine:armadillo/rightbackleg"},{"predicate":{"custom_model_data":18},"model":"modelengine:armadillo/head"},{"predicate":{"custom_model_data":19},"model":"modelengine:baby_shark/baby_shark"},{"predicate":{"custom_model_data":20},"model":"modelengine:baby_shark/left_fin"},{"predicate":{"custom_model_data":21},"model":"modelengine:baby_shark/right_fin"},{"predicate":{"custom_model_data":22},"model":"modelengine:baby_shark/tail"},{"predicate":{"custom_model_data":23},"model":"modelengine:baby_shark/head"},{"predicate":{"custom_model_data":24},"model":"modelengine:baby_shark/jaw"},{"predicate":{"custom_model_data":25},"model":"modelengine:bichon/left_arm"},{"predicate":{"custom_model_data":26},"model":"modelengine:bichon/left_wrist"},{"predicate":{"custom_model_data":27},"model":"modelengine:bichon/left_hand"},{"predicate":{"custom_model_data":28},"model":"modelengine:bichon/right_arm"},{"predicate":{"custom_model_data":29},"model":"modelengine:bichon/right_wrist"},{"predicate":{"custom_model_data":30},"model":"modelengine:bichon/right_hand"},{"predicate":{"custom_model_data":31},"model":"modelengine:bichon/tail"},{"predicate":{"custom_model_data":32},"model":"modelengine:bichon/neck"},{"predicate":{"custom_model_data":33},"model":"modelengine:bichon/head"},{"predicate":{"custom_model_data":34},"model":"modelengine:bichon/right_eye"},{"predicate":{"custom_model_data":35},"model":"modelengine:bichon/left_eye"},{"predicate":{"custom_model_data":36},"model":"modelengine:bichon/upper_body"},{"predicate":{"custom_model_data":37},"model":"modelengine:bichon/left_foot"},{"predicate":{"custom_model_data":38},"model":"modelengine:bichon/left_ankle"},{"predicate":{"custom_model_data":39},"model":"modelengine:bichon/left_leg"},{"predicate":{"custom_model_data":40},"model":"modelengine:bichon/right_foot"},{"predicate":{"custom_model_data":41},"model":"modelengine:bichon/right_ankle"},{"predicate":{"custom_model_data":42},"model":"modelengine:bichon/right_leg"},{"predicate":{"custom_model_data":43},"model":"modelengine:bluestone_golem/left_leg"},{"predicate":{"custom_model_data":44},"model":"modelengine:bluestone_golem/right_leg"},{"predicate":{"custom_model_data":45},"model":"modelengine:bluestone_golem/upper_body"},{"predicate":{"custom_model_data":46},"model":"modelengine:bluestone_golem/upper_body_up"},{"predicate":{"custom_model_data":47},"model":"modelengine:bluestone_golem/jaw"},{"predicate":{"custom_model_data":48},"model":"modelengine:bluestone_golem/left_arm"},{"predicate":{"custom_model_data":49},"model":"modelengine:bluestone_golem/left_hand"},{"predicate":{"custom_model_data":50},"model":"modelengine:bluestone_golem/right_arm"},{"predicate":{"custom_model_data":51},"model":"modelengine:bluestone_golem/right_hand"},{"predicate":{"custom_model_data":52},"model":"modelengine:bug_catcher/body"},{"predicate":{"custom_model_data":53},"model":"modelengine:bug_catcher/right_leg"},{"predicate":{"custom_model_data":54},"model":"modelengine:bug_catcher/right_foot"},{"predicate":{"custom_model_data":55},"model":"modelengine:bug_catcher/left_leg"},{"predicate":{"custom_model_data":56},"model":"modelengine:bug_catcher/left_foot"},{"predicate":{"custom_model_data":57},"model":"modelengine:bug_catcher/head"},{"predicate":{"custom_model_data":58},"model":"modelengine:bug_catcher/right_arm"},{"predicate":{"custom_model_data":59},"model":"modelengine:bug_catcher/right_hand"},{"predicate":{"custom_model_data":60},"model":"modelengine:bug_catcher/left_arm"},{"predicate":{"custom_model_data":61},"model":"modelengine:bug_catcher/left_hand"},{"predicate":{"custom_model_data":62},"model":"modelengine:butterfly/flutterby"},{"predicate":{"custom_model_data":63},"model":"modelengine:butterfly_2/flutterby"},{"predicate":{"custom_model_data":64},"model":"modelengine:butterfly_display/display"},{"predicate":{"custom_model_data":65},"model":"modelengine:butterfly_display/bug"},{"predicate":{"custom_model_data":66},"model":"modelengine:cacti/cacti"},{"predicate":{"custom_model_data":67},"model":"modelengine:camel/camel"},{"predicate":{"custom_model_data":68},"model":"modelengine:camel/head"},{"predicate":{"custom_model_data":69},"model":"modelengine:camel/leftbackfoot"},{"predicate":{"custom_model_data":70},"model":"modelengine:camel/leftbackleg"},{"predicate":{"custom_model_data":71},"model":"modelengine:camel/rightbackfoot"},{"predicate":{"custom_model_data":72},"model":"modelengine:camel/rightbackleg"},{"predicate":{"custom_model_data":73},"model":"modelengine:camel/leftfrontfoot"},{"predicate":{"custom_model_data":74},"model":"modelengine:camel/leftfrontleg"},{"predicate":{"custom_model_data":75},"model":"modelengine:camel/rightfrontfoot"},{"predicate":{"custom_model_data":76},"model":"modelengine:camel/rightfrontleg"},{"predicate":{"custom_model_data":77},"model":"modelengine:cat_bowl/bowl"},{"predicate":{"custom_model_data":78},"model":"modelengine:charles_king_spaniel/upper_body"},{"predicate":{"custom_model_data":79},"model":"modelengine:charles_king_spaniel/left_arm"},{"predicate":{"custom_model_data":80},"model":"modelengine:charles_king_spaniel/left_wrist"},{"predicate":{"custom_model_data":81},"model":"modelengine:charles_king_spaniel/left_hand"},{"predicate":{"custom_model_data":82},"model":"modelengine:charles_king_spaniel/right_arm"},{"predicate":{"custom_model_data":83},"model":"modelengine:charles_king_spaniel/right_wrist"},{"predicate":{"custom_model_data":84},"model":"modelengine:charles_king_spaniel/right_hand"},{"predicate":{"custom_model_data":85},"model":"modelengine:charles_king_spaniel/neck"},{"predicate":{"custom_model_data":86},"model":"modelengine:charles_king_spaniel/head"},{"predicate":{"custom_model_data":87},"model":"modelengine:charles_king_spaniel/left_eye"},{"predicate":{"custom_model_data":88},"model":"modelengine:charles_king_spaniel/right_eye"},{"predicate":{"custom_model_data":89},"model":"modelengine:charles_king_spaniel/left_ear"},{"predicate":{"custom_model_data":90},"model":"modelengine:charles_king_spaniel/right_ear"},{"predicate":{"custom_model_data":91},"model":"modelengine:charles_king_spaniel/tail"},{"predicate":{"custom_model_data":92},"model":"modelengine:charles_king_spaniel/left_leg"},{"predicate":{"custom_model_data":93},"model":"modelengine:charles_king_spaniel/left_ankle"},{"predicate":{"custom_model_data":94},"model":"modelengine:charles_king_spaniel/left_foot"},{"predicate":{"custom_model_data":95},"model":"modelengine:charles_king_spaniel/right_leg"},{"predicate":{"custom_model_data":96},"model":"modelengine:charles_king_spaniel/right_ankle"},{"predicate":{"custom_model_data":97},"model":"modelengine:charles_king_spaniel/right_foot"},{"predicate":{"custom_model_data":98},"model":"modelengine:chessboard/chessboard"},{"predicate":{"custom_model_data":99},"model":"modelengine:cizha_the_scarecrow/cur_1"},{"predicate":{"custom_model_data":100},"model":"modelengine:cizha_the_scarecrow/cur_2"},{"predicate":{"custom_model_data":101},"model":"modelengine:cizha_the_scarecrow/cur_3"},{"predicate":{"custom_model_data":102},"model":"modelengine:cizha_the_scarecrow/body_ppal"},{"predicate":{"custom_model_data":103},"model":"modelengine:cizha_the_scarecrow/neck"},{"predicate":{"custom_model_data":104},"model":"modelengine:cizha_the_scarecrow/head"},{"predicate":{"custom_model_data":105},"model":"modelengine:cizha_the_scarecrow/arm1"},{"predicate":{"custom_model_data":106},"model":"modelengine:cizha_the_scarecrow/sub_arm1"},{"predicate":{"custom_model_data":107},"model":"modelengine:cizha_the_scarecrow/min_arm1"},{"predicate":{"custom_model_data":108},"model":"modelengine:cizha_the_scarecrow/mini_arm1"},{"predicate":{"custom_model_data":109},"model":"modelengine:cizha_the_scarecrow/hand1"},{"predicate":{"custom_model_data":110},"model":"modelengine:cizha_the_scarecrow/arm2"},{"predicate":{"custom_model_data":111},"model":"modelengine:cizha_the_scarecrow/sub_arm2"},{"predicate":{"custom_model_data":112},"model":"modelengine:cizha_the_scarecrow/min_arm2"},{"predicate":{"custom_model_data":113},"model":"modelengine:cizha_the_scarecrow/mini_arm2"},{"predicate":{"custom_model_data":114},"model":"modelengine:cizha_the_scarecrow/hand2"},{"predicate":{"custom_model_data":115},"model":"modelengine:cizha_the_scarecrow/cube"},{"predicate":{"custom_model_data":116},"model":"modelengine:cizha_the_scarecrow/cube2"},{"predicate":{"custom_model_data":117},"model":"modelengine:cizha_the_scarecrow/cube3"},{"predicate":{"custom_model_data":118},"model":"modelengine:cizha_the_scarecrow/cube4"},{"predicate":{"custom_model_data":119},"model":"modelengine:cizha_the_scarecrow/cube5"},{"predicate":{"custom_model_data":120},"model":"modelengine:cizha_the_scarecrow/cube6"},{"predicate":{"custom_model_data":121},"model":"modelengine:cizha_the_scarecrow_head/cizha_the_scarecrow_head_throw"},{"predicate":{"custom_model_data":122},"model":"modelengine:cizha_the_scarecrow_head/cizha_the_scarecrow_head_dead"},{"predicate":{"custom_model_data":123},"model":"modelengine:cizha_the_scarecrow_intruder_minion/cizha_the_scarecrow_intruder_minion"},{"predicate":{"custom_model_data":124},"model":"modelengine:cizha_the_scarecrow_intruder_minion/sub_part"},{"predicate":{"custom_model_data":125},"model":"modelengine:cizha_the_scarecrow_intruder_minion/min_part"},{"predicate":{"custom_model_data":126},"model":"modelengine:cizha_the_scarecrow_raven_minion/raven_minion"},{"predicate":{"custom_model_data":127},"model":"modelengine:cizha_the_scarecrow_raven_minion/head"},{"predicate":{"custom_model_data":128},"model":"modelengine:cizha_the_scarecrow_raven_minion/cape"},{"predicate":{"custom_model_data":129},"model":"modelengine:cizha_the_scarecrow_raven_minion/arm1"},{"predicate":{"custom_model_data":130},"model":"modelengine:cizha_the_scarecrow_raven_minion/sub_arm1"},{"predicate":{"custom_model_data":131},"model":"modelengine:cizha_the_scarecrow_raven_minion/arm2"},{"predicate":{"custom_model_data":132},"model":"modelengine:cizha_the_scarecrow_raven_minion/sub_arm2"},{"predicate":{"custom_model_data":133},"model":"modelengine:cizha_the_scarecrow_raven_minion/legs"},{"predicate":{"custom_model_data":134},"model":"modelengine:comfychair/comfychair"},{"predicate":{"custom_model_data":135},"model":"modelengine:creeper_pet/left_foot_front"},{"predicate":{"custom_model_data":136},"model":"modelengine:creeper_pet/right_foot_front"},{"predicate":{"custom_model_data":137},"model":"modelengine:creeper_pet/left_foot_back"},{"predicate":{"custom_model_data":138},"model":"modelengine:creeper_pet/right_foot_back"},{"predicate":{"custom_model_data":139},"model":"modelengine:creeper_pet/torso"},{"predicate":{"custom_model_data":140},"model":"modelengine:creeper_pet/head"},{"predicate":{"custom_model_data":141},"model":"modelengine:death_knight/upper_body"},{"predicate":{"custom_model_data":142},"model":"modelengine:death_knight/head"},{"predicate":{"custom_model_data":143},"model":"modelengine:death_knight/left_arm"},{"predicate":{"custom_model_data":144},"model":"modelengine:death_knight/left_wrist"},{"predicate":{"custom_model_data":145},"model":"modelengine:death_knight/left_hand"},{"predicate":{"custom_model_data":146},"model":"modelengine:death_knight/left_thumb"},{"predicate":{"custom_model_data":147},"model":"modelengine:death_knight/left_finger1"},{"predicate":{"custom_model_data":148},"model":"modelengine:death_knight/left_finger_2"},{"predicate":{"custom_model_data":149},"model":"modelengine:death_knight/left_finger_3"},{"predicate":{"custom_model_data":150},"model":"modelengine:death_knight/right_arm"},{"predicate":{"custom_model_data":151},"model":"modelengine:death_knight/right_wrist"},{"predicate":{"custom_model_data":152},"model":"modelengine:death_knight/right_hand"},{"predicate":{"custom_model_data":153},"model":"modelengine:death_knight/right_thumb"},{"predicate":{"custom_model_data":154},"model":"modelengine:death_knight/right_finger"},{"predicate":{"custom_model_data":155},"model":"modelengine:death_knight/right_finger_4"},{"predicate":{"custom_model_data":156},"model":"modelengine:death_knight/right_finger_5"},{"predicate":{"custom_model_data":157},"model":"modelengine:death_knight/lower_body"},{"predicate":{"custom_model_data":158},"model":"modelengine:demonic_circle/circle"},{"predicate":{"custom_model_data":159},"model":"modelengine:dirtdevil/dirtdevil"},{"predicate":{"custom_model_data":160},"model":"modelengine:dirtdevil/bone2"},{"predicate":{"custom_model_data":161},"model":"modelengine:dirtdevil/bone"},{"predicate":{"custom_model_data":162},"model":"modelengine:display_firefly/base"},{"predicate":{"custom_model_data":163},"model":"modelengine:display_firefly/bug"},{"predicate":{"custom_model_data":164},"model":"modelengine:dog_bowl/bowl"},{"predicate":{"custom_model_data":165},"model":"modelengine:dung_beetle/body"},{"predicate":{"custom_model_data":166},"model":"modelengine:dung_beetle/left_arm"},{"predicate":{"custom_model_data":167},"model":"modelengine:dung_beetle/right_arm"},{"predicate":{"custom_model_data":168},"model":"modelengine:dung_beetle/back_right_leg"},{"predicate":{"custom_model_data":169},"model":"modelengine:dung_beetle/back_left_leg"},{"predicate":{"custom_model_data":170},"model":"modelengine:dung_beetle/ball"},{"predicate":{"custom_model_data":171},"model":"modelengine:dung_beetle_display/display"},{"predicate":{"custom_model_data":172},"model":"modelengine:dung_beetle_display/bug"},{"predicate":{"custom_model_data":173},"model":"modelengine:empty_display/display"},{"predicate":{"custom_model_data":174},"model":"modelengine:eternal_dragon/upper_body"},{"predicate":{"custom_model_data":175},"model":"modelengine:eternal_dragon/left_wing"},{"predicate":{"custom_model_data":176},"model":"modelengine:eternal_dragon/left_wing_end"},{"predicate":{"custom_model_data":177},"model":"modelengine:eternal_dragon/right_wing"},{"predicate":{"custom_model_data":178},"model":"modelengine:eternal_dragon/right_wing_end"},{"predicate":{"custom_model_data":179},"model":"modelengine:eternal_dragon/left_arm"},{"predicate":{"custom_model_data":180},"model":"modelengine:eternal_dragon/left_wrist"},{"predicate":{"custom_model_data":181},"model":"modelengine:eternal_dragon/left_hand"},{"predicate":{"custom_model_data":182},"model":"modelengine:eternal_dragon/right_arm"},{"predicate":{"custom_model_data":183},"model":"modelengine:eternal_dragon/right_wrist"},{"predicate":{"custom_model_data":184},"model":"modelengine:eternal_dragon/right_hand"},{"predicate":{"custom_model_data":185},"model":"modelengine:eternal_dragon/neck"},{"predicate":{"custom_model_data":186},"model":"modelengine:eternal_dragon/head"},{"predicate":{"custom_model_data":187},"model":"modelengine:eternal_dragon/jaw"},{"predicate":{"custom_model_data":188},"model":"modelengine:eternal_dragon/lower_body"},{"predicate":{"custom_model_data":189},"model":"modelengine:eternal_dragon/left_thigh"},{"predicate":{"custom_model_data":190},"model":"modelengine:eternal_dragon/left_leg"},{"predicate":{"custom_model_data":191},"model":"modelengine:eternal_dragon/left_ankle"},{"predicate":{"custom_model_data":192},"model":"modelengine:eternal_dragon/left_foot"},{"predicate":{"custom_model_data":193},"model":"modelengine:eternal_dragon/right_thigh"},{"predicate":{"custom_model_data":194},"model":"modelengine:eternal_dragon/right_leg"},{"predicate":{"custom_model_data":195},"model":"modelengine:eternal_dragon/right_ankle"},{"predicate":{"custom_model_data":196},"model":"modelengine:eternal_dragon/right_foot"},{"predicate":{"custom_model_data":197},"model":"modelengine:eternal_dragon/tail"},{"predicate":{"custom_model_data":198},"model":"modelengine:eternal_dragon/tail_mid"},{"predicate":{"custom_model_data":199},"model":"modelengine:eternal_dragon/tail_end"},{"predicate":{"custom_model_data":200},"model":"modelengine:eternal_wheel/body"},{"predicate":{"custom_model_data":201},"model":"modelengine:firefly/bug"},{"predicate":{"custom_model_data":202},"model":"modelengine:flatscreentv/flatscreentv"},{"predicate":{"custom_model_data":203},"model":"modelengine:flatscreentvoff/flatscreentv"},{"predicate":{"custom_model_data":204},"model":"modelengine:floating_spellbook_entity/spine"},{"predicate":{"custom_model_data":205},"model":"modelengine:floating_spellbook_entity/pages"},{"predicate":{"custom_model_data":206},"model":"modelengine:floating_spellbook_entity/side1"},{"predicate":{"custom_model_data":207},"model":"modelengine:floating_spellbook_entity/side2"},{"predicate":{"custom_model_data":208},"model":"modelengine:fridge/fridge"},{"predicate":{"custom_model_data":209},"model":"modelengine:fridge/door"},{"predicate":{"custom_model_data":210},"model":"modelengine:goldfish/goldfish"},{"predicate":{"custom_model_data":211},"model":"modelengine:goldfish/tail"},{"predicate":{"custom_model_data":212},"model":"modelengine:goldfish/left_fin"},{"predicate":{"custom_model_data":213},"model":"modelengine:goldfish/right_fin"},{"predicate":{"custom_model_data":214},"model":"modelengine:hamster_bowl/bowl"},{"predicate":{"custom_model_data":215},"model":"modelengine:hamster_brown/head"},{"predicate":{"custom_model_data":216},"model":"modelengine:hamster_brown/left_eye"},{"predicate":{"custom_model_data":217},"model":"modelengine:hamster_brown/right_eye"},{"predicate":{"custom_model_data":218},"model":"modelengine:hamster_brown/upper_body"},{"predicate":{"custom_model_data":219},"model":"modelengine:hamster_brown/left_arm"},{"predicate":{"custom_model_data":220},"model":"modelengine:hamster_brown/right_arm"},{"predicate":{"custom_model_data":221},"model":"modelengine:hamster_brown/left_leg"},{"predicate":{"custom_model_data":222},"model":"modelengine:hamster_brown/right_leg"},{"predicate":{"custom_model_data":223},"model":"modelengine:hamster_gray/head"},{"predicate":{"custom_model_data":224},"model":"modelengine:hamster_gray/left_eye"},{"predicate":{"custom_model_data":225},"model":"modelengine:hamster_gray/right_eye"},{"predicate":{"custom_model_data":226},"model":"modelengine:hamster_gray/upper_body"},{"predicate":{"custom_model_data":227},"model":"modelengine:hamster_gray/left_arm"},{"predicate":{"custom_model_data":228},"model":"modelengine:hamster_gray/right_arm"},{"predicate":{"custom_model_data":229},"model":"modelengine:hamster_gray/left_leg"},{"predicate":{"custom_model_data":230},"model":"modelengine:hamster_gray/right_leg"},{"predicate":{"custom_model_data":231},"model":"modelengine:herobrine/body"},{"predicate":{"custom_model_data":232},"model":"modelengine:herobrine/head"},{"predicate":{"custom_model_data":233},"model":"modelengine:herobrine/lefthand"},{"predicate":{"custom_model_data":234},"model":"modelengine:herobrine/leftarm"},{"predicate":{"custom_model_data":235},"model":"modelengine:herobrine/righthand"},{"predicate":{"custom_model_data":236},"model":"modelengine:herobrine/rightarm"},{"predicate":{"custom_model_data":237},"model":"modelengine:herobrine/leftfoot"},{"predicate":{"custom_model_data":238},"model":"modelengine:herobrine/leftleg"},{"predicate":{"custom_model_data":239},"model":"modelengine:herobrine/rightfoot"},{"predicate":{"custom_model_data":240},"model":"modelengine:herobrine/rightleg"},{"predicate":{"custom_model_data":241},"model":"modelengine:herobrine/hp_bar"},{"predicate":{"custom_model_data":242},"model":"modelengine:herobrine_alex/body"},{"predicate":{"custom_model_data":243},"model":"modelengine:herobrine_alex/head"},{"predicate":{"custom_model_data":244},"model":"modelengine:herobrine_alex/lefthand"},{"predicate":{"custom_model_data":245},"model":"modelengine:herobrine_alex/leftarm"},{"predicate":{"custom_model_data":246},"model":"modelengine:herobrine_alex/righthand"},{"predicate":{"custom_model_data":247},"model":"modelengine:herobrine_alex/rightarm"},{"predicate":{"custom_model_data":248},"model":"modelengine:herobrine_alex/leftfoot"},{"predicate":{"custom_model_data":249},"model":"modelengine:herobrine_alex/leftleg"},{"predicate":{"custom_model_data":250},"model":"modelengine:herobrine_alex/rightfoot"},{"predicate":{"custom_model_data":251},"model":"modelengine:herobrine_alex/rightleg"},{"predicate":{"custom_model_data":252},"model":"modelengine:herobrine_alex/hp_bar"},{"predicate":{"custom_model_data":253},"model":"modelengine:herobrine_alex_bits/pickaxe"},{"predicate":{"custom_model_data":254},"model":"modelengine:herobrine_alex_bits/sword"},{"predicate":{"custom_model_data":255},"model":"modelengine:herobrine_alex_bits/shield"},{"predicate":{"custom_model_data":256},"model":"modelengine:herobrine_alex_bits/axe"},{"predicate":{"custom_model_data":257},"model":"modelengine:herobrine_alex_bits/crossbow_loaded"},{"predicate":{"custom_model_data":258},"model":"modelengine:herobrine_alex_bits/crossbow_unloaded"},{"predicate":{"custom_model_data":259},"model":"modelengine:herobrine_alex_bits/fishingrod"},{"predicate":{"custom_model_data":260},"model":"modelengine:herobrine_alex_bits/beef"},{"predicate":{"custom_model_data":261},"model":"modelengine:herobrine_axe/axe"},{"predicate":{"custom_model_data":262},"model":"modelengine:herobrine_bits/pickaxe"},{"predicate":{"custom_model_data":263},"model":"modelengine:herobrine_bits/sword"},{"predicate":{"custom_model_data":264},"model":"modelengine:herobrine_bits/shield"},{"predicate":{"custom_model_data":265},"model":"modelengine:herobrine_bits/axe"},{"predicate":{"custom_model_data":266},"model":"modelengine:herobrine_bits/crossbow_loaded"},{"predicate":{"custom_model_data":267},"model":"modelengine:herobrine_bits/crossbow_unloaded"},{"predicate":{"custom_model_data":268},"model":"modelengine:herobrine_bits/fishingrod"},{"predicate":{"custom_model_data":269},"model":"modelengine:herobrine_bits/beef"},{"predicate":{"custom_model_data":270},"model":"modelengine:herobrine_bobber/bobber"},{"predicate":{"custom_model_data":271},"model":"modelengine:herobrine_steve/body"},{"predicate":{"custom_model_data":272},"model":"modelengine:herobrine_steve/head"},{"predicate":{"custom_model_data":273},"model":"modelengine:herobrine_steve/lefthand"},{"predicate":{"custom_model_data":274},"model":"modelengine:herobrine_steve/leftarm"},{"predicate":{"custom_model_data":275},"model":"modelengine:herobrine_steve/righthand"},{"predicate":{"custom_model_data":276},"model":"modelengine:herobrine_steve/rightarm"},{"predicate":{"custom_model_data":277},"model":"modelengine:herobrine_steve/leftfoot"},{"predicate":{"custom_model_data":278},"model":"modelengine:herobrine_steve/leftleg"},{"predicate":{"custom_model_data":279},"model":"modelengine:herobrine_steve/rightfoot"},{"predicate":{"custom_model_data":280},"model":"modelengine:herobrine_steve/rightleg"},{"predicate":{"custom_model_data":281},"model":"modelengine:herobrine_steve/hp_bar"},{"predicate":{"custom_model_data":282},"model":"modelengine:herobrine_zombie/body"},{"predicate":{"custom_model_data":283},"model":"modelengine:herobrine_zombie/head"},{"predicate":{"custom_model_data":284},"model":"modelengine:herobrine_zombie/lefthand"},{"predicate":{"custom_model_data":285},"model":"modelengine:herobrine_zombie/leftarm"},{"predicate":{"custom_model_data":286},"model":"modelengine:herobrine_zombie/righthand"},{"predicate":{"custom_model_data":287},"model":"modelengine:herobrine_zombie/rightarm"},{"predicate":{"custom_model_data":288},"model":"modelengine:herobrine_zombie/leftfoot"},{"predicate":{"custom_model_data":289},"model":"modelengine:herobrine_zombie/leftleg"},{"predicate":{"custom_model_data":290},"model":"modelengine:herobrine_zombie/rightfoot"},{"predicate":{"custom_model_data":291},"model":"modelengine:herobrine_zombie/rightleg"},{"predicate":{"custom_model_data":292},"model":"modelengine:herobrine_zombie/hp_bar"},{"predicate":{"custom_model_data":293},"model":"modelengine:herobrine_zombie_bits/pickaxe"},{"predicate":{"custom_model_data":294},"model":"modelengine:herobrine_zombie_bits/sword"},{"predicate":{"custom_model_data":295},"model":"modelengine:herobrine_zombie_bits/shield"},{"predicate":{"custom_model_data":296},"model":"modelengine:herobrine_zombie_bits/axe"},{"predicate":{"custom_model_data":297},"model":"modelengine:herobrine_zombie_bits/crossbow_loaded"},{"predicate":{"custom_model_data":298},"model":"modelengine:herobrine_zombie_bits/crossbow_unloaded"},{"predicate":{"custom_model_data":299},"model":"modelengine:herobrine_zombie_bits/fishingrod"},{"predicate":{"custom_model_data":300},"model":"modelengine:herobrine_zombie_bits/beef"},{"predicate":{"custom_model_data":301},"model":"modelengine:hornytoad/hornytoad"},{"predicate":{"custom_model_data":302},"model":"modelengine:hornytoad/frontleftarm"},{"predicate":{"custom_model_data":303},"model":"modelengine:hornytoad/frontrightarm"},{"predicate":{"custom_model_data":304},"model":"modelengine:hornytoad/head"},{"predicate":{"custom_model_data":305},"model":"modelengine:hornytoad/backleftarm"},{"predicate":{"custom_model_data":306},"model":"modelengine:hornytoad/backrightarm"},{"predicate":{"custom_model_data":307},"model":"modelengine:kindletronjr/torso"},{"predicate":{"custom_model_data":308},"model":"modelengine:kindletronjr/head"},{"predicate":{"custom_model_data":309},"model":"modelengine:kindletronjr/rightarm"},{"predicate":{"custom_model_data":310},"model":"modelengine:kindletronjr/leftarm"},{"predicate":{"custom_model_data":311},"model":"modelengine:kindletronjr/leftleg"},{"predicate":{"custom_model_data":312},"model":"modelengine:kindletronjr/rightleg"},{"predicate":{"custom_model_data":313},"model":"modelengine:kite/group"},{"predicate":{"custom_model_data":314},"model":"modelengine:ladybug/body"},{"predicate":{"custom_model_data":315},"model":"modelengine:ladybug/frontleftleg"},{"predicate":{"custom_model_data":316},"model":"modelengine:ladybug/frontrightleg"},{"predicate":{"custom_model_data":317},"model":"modelengine:ladybug_display/display"},{"predicate":{"custom_model_data":318},"model":"modelengine:ladybug_display/bug"},{"predicate":{"custom_model_data":319},"model":"modelengine:ladybug_parts/body"},{"predicate":{"custom_model_data":320},"model":"modelengine:mexbot-robobat/leftwing"},{"predicate":{"custom_model_data":321},"model":"modelengine:mexbot-robobat/rightwing"},{"predicate":{"custom_model_data":322},"model":"modelengine:mexbot-robobat/torso"},{"predicate":{"custom_model_data":323},"model":"modelengine:micro_ghast/head"},{"predicate":{"custom_model_data":324},"model":"modelengine:micro_ghast/f_mid_tentacle"},{"predicate":{"custom_model_data":325},"model":"modelengine:micro_ghast/m_left_tentacle"},{"predicate":{"custom_model_data":326},"model":"modelengine:micro_ghast/m_right_tentacle"},{"predicate":{"custom_model_data":327},"model":"modelengine:micro_ghast/m_mid_tentacle"},{"predicate":{"custom_model_data":328},"model":"modelengine:micro_ghast/f_left_tentacle"},{"predicate":{"custom_model_data":329},"model":"modelengine:micro_ghast/f_right_tentacle"},{"predicate":{"custom_model_data":330},"model":"modelengine:moth_atlas/body"},{"predicate":{"custom_model_data":331},"model":"modelengine:moth_atlas/left_wing"},{"predicate":{"custom_model_data":332},"model":"modelengine:moth_atlas/right_wing"},{"predicate":{"custom_model_data":333},"model":"modelengine:moth_atlas_display/display"},{"predicate":{"custom_model_data":334},"model":"modelengine:moth_atlas_display/bug"},{"predicate":{"custom_model_data":335},"model":"modelengine:nocsy_otter_v2/body"},{"predicate":{"custom_model_data":336},"model":"modelengine:nocsy_otter_v2/tail"},{"predicate":{"custom_model_data":337},"model":"modelengine:nocsy_otter_v2/head"},{"predicate":{"custom_model_data":338},"model":"modelengine:nocsy_otter_v2/front_leg_left"},{"predicate":{"custom_model_data":339},"model":"modelengine:nocsy_otter_v2/front_leg_right"},{"predicate":{"custom_model_data":340},"model":"modelengine:nocsy_otter_v2/back_leg_left"},{"predicate":{"custom_model_data":341},"model":"modelengine:nocsy_otter_v2/back_leg_right"},{"predicate":{"custom_model_data":342},"model":"modelengine:nocsy_yokai_baby_bird/head"},{"predicate":{"custom_model_data":343},"model":"modelengine:nocsy_yokai_baby_bird/left_wing"},{"predicate":{"custom_model_data":344},"model":"modelengine:nocsy_yokai_baby_bird/right_wing"},{"predicate":{"custom_model_data":345},"model":"modelengine:nocsy_yokai_baby_bird/left_leg"},{"predicate":{"custom_model_data":346},"model":"modelengine:nocsy_yokai_baby_bird/left_foot"},{"predicate":{"custom_model_data":347},"model":"modelengine:nocsy_yokai_baby_bird/right_leg"},{"predicate":{"custom_model_data":348},"model":"modelengine:nocsy_yokai_baby_bird/right_foot"},{"predicate":{"custom_model_data":349},"model":"modelengine:nocsy_yokai_baby_bird/body"},{"predicate":{"custom_model_data":350},"model":"modelengine:nocsy_yokai_baby_bird2/head"},{"predicate":{"custom_model_data":351},"model":"modelengine:nocsy_yokai_baby_bird2/left_wing"},{"predicate":{"custom_model_data":352},"model":"modelengine:nocsy_yokai_baby_bird2/right_wing"},{"predicate":{"custom_model_data":353},"model":"modelengine:nocsy_yokai_baby_bird2/left_leg"},{"predicate":{"custom_model_data":354},"model":"modelengine:nocsy_yokai_baby_bird2/left_foot"},{"predicate":{"custom_model_data":355},"model":"modelengine:nocsy_yokai_baby_bird2/right_leg"},{"predicate":{"custom_model_data":356},"model":"modelengine:nocsy_yokai_baby_bird2/right_foot"},{"predicate":{"custom_model_data":357},"model":"modelengine:nocsy_yokai_baby_bird2/body"},{"predicate":{"custom_model_data":358},"model":"modelengine:nocsy_yokai_baby_bird3/head"},{"predicate":{"custom_model_data":359},"model":"modelengine:nocsy_yokai_baby_bird3/left_wing"},{"predicate":{"custom_model_data":360},"model":"modelengine:nocsy_yokai_baby_bird3/right_wing"},{"predicate":{"custom_model_data":361},"model":"modelengine:nocsy_yokai_baby_bird3/left_leg"},{"predicate":{"custom_model_data":362},"model":"modelengine:nocsy_yokai_baby_bird3/left_foot"},{"predicate":{"custom_model_data":363},"model":"modelengine:nocsy_yokai_baby_bird3/right_leg"},{"predicate":{"custom_model_data":364},"model":"modelengine:nocsy_yokai_baby_bird3/right_foot"},{"predicate":{"custom_model_data":365},"model":"modelengine:nocsy_yokai_baby_bird3/body"},{"predicate":{"custom_model_data":366},"model":"modelengine:nocsy_yokai_baby_bird4/head"},{"predicate":{"custom_model_data":367},"model":"modelengine:nocsy_yokai_baby_bird4/left_wing"},{"predicate":{"custom_model_data":368},"model":"modelengine:nocsy_yokai_baby_bird4/right_wing"},{"predicate":{"custom_model_data":369},"model":"modelengine:nocsy_yokai_baby_bird4/left_leg"},{"predicate":{"custom_model_data":370},"model":"modelengine:nocsy_yokai_baby_bird4/left_foot"},{"predicate":{"custom_model_data":371},"model":"modelengine:nocsy_yokai_baby_bird4/right_leg"},{"predicate":{"custom_model_data":372},"model":"modelengine:nocsy_yokai_baby_bird4/right_foot"},{"predicate":{"custom_model_data":373},"model":"modelengine:nocsy_yokai_baby_bird4/body"},{"predicate":{"custom_model_data":374},"model":"modelengine:nocsy_yokai_baby_bird5/head"},{"predicate":{"custom_model_data":375},"model":"modelengine:nocsy_yokai_baby_bird5/left_wing"},{"predicate":{"custom_model_data":376},"model":"modelengine:nocsy_yokai_baby_bird5/right_wing"},{"predicate":{"custom_model_data":377},"model":"modelengine:nocsy_yokai_baby_bird5/left_leg"},{"predicate":{"custom_model_data":378},"model":"modelengine:nocsy_yokai_baby_bird5/left_foot"},{"predicate":{"custom_model_data":379},"model":"modelengine:nocsy_yokai_baby_bird5/right_leg"},{"predicate":{"custom_model_data":380},"model":"modelengine:nocsy_yokai_baby_bird5/right_foot"},{"predicate":{"custom_model_data":381},"model":"modelengine:nocsy_yokai_baby_bird5/body"},{"predicate":{"custom_model_data":382},"model":"modelengine:nocsy_yokai_baby_bird6/head"},{"predicate":{"custom_model_data":383},"model":"modelengine:nocsy_yokai_baby_bird6/left_wing"},{"predicate":{"custom_model_data":384},"model":"modelengine:nocsy_yokai_baby_bird6/right_wing"},{"predicate":{"custom_model_data":385},"model":"modelengine:nocsy_yokai_baby_bird6/left_leg"},{"predicate":{"custom_model_data":386},"model":"modelengine:nocsy_yokai_baby_bird6/left_foot"},{"predicate":{"custom_model_data":387},"model":"modelengine:nocsy_yokai_baby_bird6/right_leg"},{"predicate":{"custom_model_data":388},"model":"modelengine:nocsy_yokai_baby_bird6/right_foot"},{"predicate":{"custom_model_data":389},"model":"modelengine:nocsy_yokai_baby_bird6/body"},{"predicate":{"custom_model_data":390},"model":"modelengine:nocsy_yokai_bird/head"},{"predicate":{"custom_model_data":391},"model":"modelengine:nocsy_yokai_bird/body"},{"predicate":{"custom_model_data":392},"model":"modelengine:nocsy_yokai_bird/left_wing"},{"predicate":{"custom_model_data":393},"model":"modelengine:nocsy_yokai_bird/right_wing"},{"predicate":{"custom_model_data":394},"model":"modelengine:nocsy_yokai_bird/leg_left"},{"predicate":{"custom_model_data":395},"model":"modelengine:nocsy_yokai_bird/left_tibia"},{"predicate":{"custom_model_data":396},"model":"modelengine:nocsy_yokai_bird/left_foot"},{"predicate":{"custom_model_data":397},"model":"modelengine:nocsy_yokai_bird/leg_right"},{"predicate":{"custom_model_data":398},"model":"modelengine:nocsy_yokai_bird/right_tibia"},{"predicate":{"custom_model_data":399},"model":"modelengine:nocsy_yokai_bird/right_foot"},{"predicate":{"custom_model_data":400},"model":"modelengine:nocsy_yokai_bird2/head"},{"predicate":{"custom_model_data":401},"model":"modelengine:nocsy_yokai_bird2/body"},{"predicate":{"custom_model_data":402},"model":"modelengine:nocsy_yokai_bird2/left_wing"},{"predicate":{"custom_model_data":403},"model":"modelengine:nocsy_yokai_bird2/right_wing"},{"predicate":{"custom_model_data":404},"model":"modelengine:nocsy_yokai_bird2/leg_left"},{"predicate":{"custom_model_data":405},"model":"modelengine:nocsy_yokai_bird2/left_tibia"},{"predicate":{"custom_model_data":406},"model":"modelengine:nocsy_yokai_bird2/left_foot"},{"predicate":{"custom_model_data":407},"model":"modelengine:nocsy_yokai_bird2/leg_right"},{"predicate":{"custom_model_data":408},"model":"modelengine:nocsy_yokai_bird2/right_tibia"},{"predicate":{"custom_model_data":409},"model":"modelengine:nocsy_yokai_bird2/right_foot"},{"predicate":{"custom_model_data":410},"model":"modelengine:nocsy_yokai_bird3/head"},{"predicate":{"custom_model_data":411},"model":"modelengine:nocsy_yokai_bird3/body"},{"predicate":{"custom_model_data":412},"model":"modelengine:nocsy_yokai_bird3/left_wing"},{"predicate":{"custom_model_data":413},"model":"modelengine:nocsy_yokai_bird3/right_wing"},{"predicate":{"custom_model_data":414},"model":"modelengine:nocsy_yokai_bird3/leg_left"},{"predicate":{"custom_model_data":415},"model":"modelengine:nocsy_yokai_bird3/left_tibia"},{"predicate":{"custom_model_data":416},"model":"modelengine:nocsy_yokai_bird3/left_foot"},{"predicate":{"custom_model_data":417},"model":"modelengine:nocsy_yokai_bird3/leg_right"},{"predicate":{"custom_model_data":418},"model":"modelengine:nocsy_yokai_bird3/right_tibia"},{"predicate":{"custom_model_data":419},"model":"modelengine:nocsy_yokai_bird3/right_foot"},{"predicate":{"custom_model_data":420},"model":"modelengine:nocsy_yokai_bird4/head"},{"predicate":{"custom_model_data":421},"model":"modelengine:nocsy_yokai_bird4/body"},{"predicate":{"custom_model_data":422},"model":"modelengine:nocsy_yokai_bird4/left_wing"},{"predicate":{"custom_model_data":423},"model":"modelengine:nocsy_yokai_bird4/right_wing"},{"predicate":{"custom_model_data":424},"model":"modelengine:nocsy_yokai_bird4/leg_left"},{"predicate":{"custom_model_data":425},"model":"modelengine:nocsy_yokai_bird4/left_tibia"},{"predicate":{"custom_model_data":426},"model":"modelengine:nocsy_yokai_bird4/left_foot"},{"predicate":{"custom_model_data":427},"model":"modelengine:nocsy_yokai_bird4/leg_right"},{"predicate":{"custom_model_data":428},"model":"modelengine:nocsy_yokai_bird4/right_tibia"},{"predicate":{"custom_model_data":429},"model":"modelengine:nocsy_yokai_bird4/right_foot"},{"predicate":{"custom_model_data":430},"model":"modelengine:nocsy_yokai_bird5/head"},{"predicate":{"custom_model_data":431},"model":"modelengine:nocsy_yokai_bird5/body"},{"predicate":{"custom_model_data":432},"model":"modelengine:nocsy_yokai_bird5/left_wing"},{"predicate":{"custom_model_data":433},"model":"modelengine:nocsy_yokai_bird5/right_wing"},{"predicate":{"custom_model_data":434},"model":"modelengine:nocsy_yokai_bird5/leg_left"},{"predicate":{"custom_model_data":435},"model":"modelengine:nocsy_yokai_bird5/left_tibia"},{"predicate":{"custom_model_data":436},"model":"modelengine:nocsy_yokai_bird5/left_foot"},{"predicate":{"custom_model_data":437},"model":"modelengine:nocsy_yokai_bird5/leg_right"},{"predicate":{"custom_model_data":438},"model":"modelengine:nocsy_yokai_bird5/right_tibia"},{"predicate":{"custom_model_data":439},"model":"modelengine:nocsy_yokai_bird5/right_foot"},{"predicate":{"custom_model_data":440},"model":"modelengine:nocsy_yokai_bird6/head"},{"predicate":{"custom_model_data":441},"model":"modelengine:nocsy_yokai_bird6/body"},{"predicate":{"custom_model_data":442},"model":"modelengine:nocsy_yokai_bird6/left_wing"},{"predicate":{"custom_model_data":443},"model":"modelengine:nocsy_yokai_bird6/right_wing"},{"predicate":{"custom_model_data":444},"model":"modelengine:nocsy_yokai_bird6/leg_left"},{"predicate":{"custom_model_data":445},"model":"modelengine:nocsy_yokai_bird6/left_tibia"},{"predicate":{"custom_model_data":446},"model":"modelengine:nocsy_yokai_bird6/left_foot"},{"predicate":{"custom_model_data":447},"model":"modelengine:nocsy_yokai_bird6/leg_right"},{"predicate":{"custom_model_data":448},"model":"modelengine:nocsy_yokai_bird6/right_tibia"},{"predicate":{"custom_model_data":449},"model":"modelengine:nocsy_yokai_bird6/right_foot"},{"predicate":{"custom_model_data":450},"model":"modelengine:nocsy_yokai_bird_egg/egg"},{"predicate":{"custom_model_data":451},"model":"modelengine:nocsy_yokai_bird_egg/shell"},{"predicate":{"custom_model_data":452},"model":"modelengine:paladin_wings/paladin_wings"},{"predicate":{"custom_model_data":453},"model":"modelengine:paladin_wings/left_wing"},{"predicate":{"custom_model_data":454},"model":"modelengine:paladin_wings/left_wing_end"},{"predicate":{"custom_model_data":455},"model":"modelengine:paladin_wings/right_wing"},{"predicate":{"custom_model_data":456},"model":"modelengine:paladin_wings/right_wing_end"},{"predicate":{"custom_model_data":457},"model":"modelengine:parakeet_blue/upper_body"},{"predicate":{"custom_model_data":458},"model":"modelengine:parakeet_blue/left_wing"},{"predicate":{"custom_model_data":459},"model":"modelengine:parakeet_blue/right_wing"},{"predicate":{"custom_model_data":460},"model":"modelengine:parakeet_blue/head"},{"predicate":{"custom_model_data":461},"model":"modelengine:parakeet_blue/tail"},{"predicate":{"custom_model_data":462},"model":"modelengine:parakeet_blue/left_leg"},{"predicate":{"custom_model_data":463},"model":"modelengine:parakeet_blue/left_foot"},{"predicate":{"custom_model_data":464},"model":"modelengine:parakeet_blue/right_leg"},{"predicate":{"custom_model_data":465},"model":"modelengine:parakeet_blue/right_foot"},{"predicate":{"custom_model_data":466},"model":"modelengine:parakeet_green/upper_body"},{"predicate":{"custom_model_data":467},"model":"modelengine:parakeet_green/left_wing"},{"predicate":{"custom_model_data":468},"model":"modelengine:parakeet_green/right_wing"},{"predicate":{"custom_model_data":469},"model":"modelengine:parakeet_green/head"},{"predicate":{"custom_model_data":470},"model":"modelengine:parakeet_green/tail"},{"predicate":{"custom_model_data":471},"model":"modelengine:parakeet_green/left_leg"},{"predicate":{"custom_model_data":472},"model":"modelengine:parakeet_green/left_foot"},{"predicate":{"custom_model_data":473},"model":"modelengine:parakeet_green/right_leg"},{"predicate":{"custom_model_data":474},"model":"modelengine:parakeet_green/right_foot"},{"predicate":{"custom_model_data":475},"model":"modelengine:persian_cat/upper_body"},{"predicate":{"custom_model_data":476},"model":"modelengine:persian_cat/left_hand"},{"predicate":{"custom_model_data":477},"model":"modelengine:persian_cat/left_wrist"},{"predicate":{"custom_model_data":478},"model":"modelengine:persian_cat/left_arm"},{"predicate":{"custom_model_data":479},"model":"modelengine:persian_cat/right_hand"},{"predicate":{"custom_model_data":480},"model":"modelengine:persian_cat/right_wrist"},{"predicate":{"custom_model_data":481},"model":"modelengine:persian_cat/right_arm"},{"predicate":{"custom_model_data":482},"model":"modelengine:persian_cat/tail"},{"predicate":{"custom_model_data":483},"model":"modelengine:persian_cat/head"},{"predicate":{"custom_model_data":484},"model":"modelengine:persian_cat/left_eye"},{"predicate":{"custom_model_data":485},"model":"modelengine:persian_cat/right_eye"},{"predicate":{"custom_model_data":486},"model":"modelengine:persian_cat/neck"},{"predicate":{"custom_model_data":487},"model":"modelengine:persian_cat/left_leg"},{"predicate":{"custom_model_data":488},"model":"modelengine:persian_cat/left_ankle"},{"predicate":{"custom_model_data":489},"model":"modelengine:persian_cat/left_foot"},{"predicate":{"custom_model_data":490},"model":"modelengine:persian_cat/right_leg"},{"predicate":{"custom_model_data":491},"model":"modelengine:persian_cat/right_ankle"},{"predicate":{"custom_model_data":492},"model":"modelengine:persian_cat/right_foot"},{"predicate":{"custom_model_data":493},"model":"modelengine:pharaoh/pharaoh"},{"predicate":{"custom_model_data":494},"model":"modelengine:pharaoh/head"},{"predicate":{"custom_model_data":495},"model":"modelengine:pharaoh/rightarm"},{"predicate":{"custom_model_data":496},"model":"modelengine:pharaoh/righthand"},{"predicate":{"custom_model_data":497},"model":"modelengine:pharaoh/bandage"},{"predicate":{"custom_model_data":498},"model":"modelengine:pharaoh/leftarm"},{"predicate":{"custom_model_data":499},"model":"modelengine:pharaoh/lefthand"},{"predicate":{"custom_model_data":500},"model":"modelengine:pharaoh/rightleg"},{"predicate":{"custom_model_data":501},"model":"modelengine:pharaoh/rightfoot"},{"predicate":{"custom_model_data":502},"model":"modelengine:pharaoh/leftleg"},{"predicate":{"custom_model_data":503},"model":"modelengine:pharaoh/leftfoot"},{"predicate":{"custom_model_data":504},"model":"modelengine:plague/arm"},{"predicate":{"custom_model_data":505},"model":"modelengine:plague/fore"},{"predicate":{"custom_model_data":506},"model":"modelengine:plague/hand"},{"predicate":{"custom_model_data":507},"model":"modelengine:polarrug/polarrug"},{"predicate":{"custom_model_data":508},"model":"modelengine:pottedplant/pottedplant"},{"predicate":{"custom_model_data":509},"model":"modelengine:pottedplant/leaves"},{"predicate":{"custom_model_data":510},"model":"modelengine:pottedplant/stalk"},{"predicate":{"custom_model_data":511},"model":"modelengine:praying_mantis/body"},{"predicate":{"custom_model_data":512},"model":"modelengine:praying_mantis/head"},{"predicate":{"custom_model_data":513},"model":"modelengine:praying_mantis/left_leg2"},{"predicate":{"custom_model_data":514},"model":"modelengine:praying_mantis/left_leg3"},{"predicate":{"custom_model_data":515},"model":"modelengine:praying_mantis/left_leg1"},{"predicate":{"custom_model_data":516},"model":"modelengine:praying_mantis/right_leg3"},{"predicate":{"custom_model_data":517},"model":"modelengine:praying_mantis/left_arm"},{"predicate":{"custom_model_data":518},"model":"modelengine:praying_mantis/right_arm"},{"predicate":{"custom_model_data":519},"model":"modelengine:praying_mantis_display/display"},{"predicate":{"custom_model_data":520},"model":"modelengine:praying_mantis_display/bug"},{"predicate":{"custom_model_data":521},"model":"modelengine:praying_mantis_parts/body"},{"predicate":{"custom_model_data":522},"model":"modelengine:quetzalcoatl/body_ppal"},{"predicate":{"custom_model_data":523},"model":"modelengine:quetzalcoatl/body3"},{"predicate":{"custom_model_data":524},"model":"modelengine:quetzalcoatl/body2"},{"predicate":{"custom_model_data":525},"model":"modelengine:quetzalcoatl/body1"},{"predicate":{"custom_model_data":526},"model":"modelengine:quetzalcoatl/head"},{"predicate":{"custom_model_data":527},"model":"modelengine:quetzalcoatl/feather5"},{"predicate":{"custom_model_data":528},"model":"modelengine:quetzalcoatl/feather6"},{"predicate":{"custom_model_data":529},"model":"modelengine:quetzalcoatl/feather7"},{"predicate":{"custom_model_data":530},"model":"modelengine:quetzalcoatl/feather8"},{"predicate":{"custom_model_data":531},"model":"modelengine:quetzalcoatl/feather9"},{"predicate":{"custom_model_data":532},"model":"modelengine:quetzalcoatl/feather10"},{"predicate":{"custom_model_data":533},"model":"modelengine:quetzalcoatl/feather11"},{"predicate":{"custom_model_data":534},"model":"modelengine:quetzalcoatl/feather12"},{"predicate":{"custom_model_data":535},"model":"modelengine:quetzalcoatl/mandible"},{"predicate":{"custom_model_data":536},"model":"modelengine:quetzalcoatl/neck"},{"predicate":{"custom_model_data":537},"model":"modelengine:quetzalcoatl/body"},{"predicate":{"custom_model_data":538},"model":"modelengine:quetzalcoatl/bone4"},{"predicate":{"custom_model_data":539},"model":"modelengine:quetzalcoatl/body7"},{"predicate":{"custom_model_data":540},"model":"modelengine:quetzalcoatl/body8"},{"predicate":{"custom_model_data":541},"model":"modelengine:quetzalcoatl/body9"},{"predicate":{"custom_model_data":542},"model":"modelengine:quetzalcoatl/tail1"},{"predicate":{"custom_model_data":543},"model":"modelengine:quetzalcoatl/tail2"},{"predicate":{"custom_model_data":544},"model":"modelengine:quetzalcoatl/body10"},{"predicate":{"custom_model_data":545},"model":"modelengine:quetzalcoatl_rune/quetzalcoatl_rune1"},{"predicate":{"custom_model_data":546},"model":"modelengine:quetzalcoatl_rune/quetzalcoatl_rune2"},{"predicate":{"custom_model_data":547},"model":"modelengine:quetzalcoatl_rune/quetzalcoatl_rune3"},{"predicate":{"custom_model_data":548},"model":"modelengine:rattler/head"},{"predicate":{"custom_model_data":549},"model":"modelengine:rattler/jaw"},{"predicate":{"custom_model_data":550},"model":"modelengine:rattler/link"},{"predicate":{"custom_model_data":551},"model":"modelengine:rattler/link2"},{"predicate":{"custom_model_data":552},"model":"modelengine:rattler/link3"},{"predicate":{"custom_model_data":553},"model":"modelengine:rattler/link4"},{"predicate":{"custom_model_data":554},"model":"modelengine:rattler/link5"},{"predicate":{"custom_model_data":555},"model":"modelengine:rattler/rattle"},{"predicate":{"custom_model_data":556},"model":"modelengine:rockingchair/rockingchair"},{"predicate":{"custom_model_data":557},"model":"modelengine:scarab/scarab"},{"predicate":{"custom_model_data":558},"model":"modelengine:scarab/leftlegs"},{"predicate":{"custom_model_data":559},"model":"modelengine:scarab/rightlegs"},{"predicate":{"custom_model_data":560},"model":"modelengine:scarab/leftleg2"},{"predicate":{"custom_model_data":561},"model":"modelengine:scarab/rightleg2"},{"predicate":{"custom_model_data":562},"model":"modelengine:scarab/leftleg"},{"predicate":{"custom_model_data":563},"model":"modelengine:scarab/rightleg3"},{"predicate":{"custom_model_data":564},"model":"modelengine:shihtzu/upper_body"},{"predicate":{"custom_model_data":565},"model":"modelengine:shihtzu/left_arm"},{"predicate":{"custom_model_data":566},"model":"modelengine:shihtzu/left_wrist"},{"predicate":{"custom_model_data":567},"model":"modelengine:shihtzu/left_hand"},{"predicate":{"custom_model_data":568},"model":"modelengine:shihtzu/right_arm"},{"predicate":{"custom_model_data":569},"model":"modelengine:shihtzu/right_wrist"},{"predicate":{"custom_model_data":570},"model":"modelengine:shihtzu/right_hand"},{"predicate":{"custom_model_data":571},"model":"modelengine:shihtzu/neck"},{"predicate":{"custom_model_data":572},"model":"modelengine:shihtzu/head"},{"predicate":{"custom_model_data":573},"model":"modelengine:shihtzu/left_eye"},{"predicate":{"custom_model_data":574},"model":"modelengine:shihtzu/right_eye"},{"predicate":{"custom_model_data":575},"model":"modelengine:shihtzu/left_ear"},{"predicate":{"custom_model_data":576},"model":"modelengine:shihtzu/right_ear"},{"predicate":{"custom_model_data":577},"model":"modelengine:shihtzu/tail"},{"predicate":{"custom_model_data":578},"model":"modelengine:shihtzu/left_foot"},{"predicate":{"custom_model_data":579},"model":"modelengine:shihtzu/left_ankle"},{"predicate":{"custom_model_data":580},"model":"modelengine:shihtzu/left_leg"},{"predicate":{"custom_model_data":581},"model":"modelengine:shihtzu/right_foot"},{"predicate":{"custom_model_data":582},"model":"modelengine:shihtzu/right_ankle"},{"predicate":{"custom_model_data":583},"model":"modelengine:shihtzu/right_leg"},{"predicate":{"custom_model_data":584},"model":"modelengine:short_enderman/torso"},{"predicate":{"custom_model_data":585},"model":"modelengine:short_enderman/head"},{"predicate":{"custom_model_data":586},"model":"modelengine:short_enderman/left_arm"},{"predicate":{"custom_model_data":587},"model":"modelengine:short_enderman/right_arm"},{"predicate":{"custom_model_data":588},"model":"modelengine:short_enderman/left_leg"},{"predicate":{"custom_model_data":589},"model":"modelengine:short_enderman/right_leg"},{"predicate":{"custom_model_data":590},"model":"modelengine:sink/sink"},{"predicate":{"custom_model_data":591},"model":"modelengine:sintia_the_hydra/sintia_the_hydra"},{"predicate":{"custom_model_data":592},"model":"modelengine:sintia_the_hydra/neck_ppal"},{"predicate":{"custom_model_data":593},"model":"modelengine:sintia_the_hydra/neck1"},{"predicate":{"custom_model_data":594},"model":"modelengine:sintia_the_hydra/neck1_2"},{"predicate":{"custom_model_data":595},"model":"modelengine:sintia_the_hydra/neck1_3"},{"predicate":{"custom_model_data":596},"model":"modelengine:sintia_the_hydra/neck1_4"},{"predicate":{"custom_model_data":597},"model":"modelengine:sintia_the_hydra/neck1_5"},{"predicate":{"custom_model_data":598},"model":"modelengine:sintia_the_hydra/neck1_6"},{"predicate":{"custom_model_data":599},"model":"modelengine:sintia_the_hydra/head"},{"predicate":{"custom_model_data":600},"model":"modelengine:sintia_the_hydra/mandible"},{"predicate":{"custom_model_data":601},"model":"modelengine:sintia_the_hydra/neck2"},{"predicate":{"custom_model_data":602},"model":"modelengine:sintia_the_hydra/neck2_2"},{"predicate":{"custom_model_data":603},"model":"modelengine:sintia_the_hydra/neck2_3"},{"predicate":{"custom_model_data":604},"model":"modelengine:sintia_the_hydra/neck2_4"},{"predicate":{"custom_model_data":605},"model":"modelengine:sintia_the_hydra/neck2_5"},{"predicate":{"custom_model_data":606},"model":"modelengine:sintia_the_hydra/neck2_6"},{"predicate":{"custom_model_data":607},"model":"modelengine:sintia_the_hydra/head2"},{"predicate":{"custom_model_data":608},"model":"modelengine:sintia_the_hydra/mandible2"},{"predicate":{"custom_model_data":609},"model":"modelengine:sintia_the_hydra/neck3"},{"predicate":{"custom_model_data":610},"model":"modelengine:sintia_the_hydra/neck3_2"},{"predicate":{"custom_model_data":611},"model":"modelengine:sintia_the_hydra/neck3_3"},{"predicate":{"custom_model_data":612},"model":"modelengine:sintia_the_hydra/neck3_4"},{"predicate":{"custom_model_data":613},"model":"modelengine:sintia_the_hydra/neck3_5"},{"predicate":{"custom_model_data":614},"model":"modelengine:sintia_the_hydra/neck3_6"},{"predicate":{"custom_model_data":615},"model":"modelengine:sintia_the_hydra/head3"},{"predicate":{"custom_model_data":616},"model":"modelengine:sintia_the_hydra/mandible3"},{"predicate":{"custom_model_data":617},"model":"modelengine:sintia_the_hydra/leg1"},{"predicate":{"custom_model_data":618},"model":"modelengine:sintia_the_hydra/sub_leg1"},{"predicate":{"custom_model_data":619},"model":"modelengine:sintia_the_hydra/claw1"},{"predicate":{"custom_model_data":620},"model":"modelengine:sintia_the_hydra/claw2"},{"predicate":{"custom_model_data":621},"model":"modelengine:sintia_the_hydra/foot1"},{"predicate":{"custom_model_data":622},"model":"modelengine:sintia_the_hydra/leg2"},{"predicate":{"custom_model_data":623},"model":"modelengine:sintia_the_hydra/sub_leg2"},{"predicate":{"custom_model_data":624},"model":"modelengine:sintia_the_hydra/claw3"},{"predicate":{"custom_model_data":625},"model":"modelengine:sintia_the_hydra/claw4"},{"predicate":{"custom_model_data":626},"model":"modelengine:sintia_the_hydra/foot2"},{"predicate":{"custom_model_data":627},"model":"modelengine:sintia_the_hydra/tail_ppal"},{"predicate":{"custom_model_data":628},"model":"modelengine:sintia_the_hydra/sub_tail"},{"predicate":{"custom_model_data":629},"model":"modelengine:sintia_the_hydra/min_tail"},{"predicate":{"custom_model_data":630},"model":"modelengine:sintia_the_hydra/mini_tail"},{"predicate":{"custom_model_data":631},"model":"modelengine:sintia_the_hydra/tail_tip"},{"predicate":{"custom_model_data":632},"model":"modelengine:sintia_the_hydra_vfx/sintia_crystal"},{"predicate":{"custom_model_data":633},"model":"modelengine:sintia_the_hydra_vfx/sintia_magic_circle"},{"predicate":{"custom_model_data":634},"model":"modelengine:skeletal_minion/left_thigh"},{"predicate":{"custom_model_data":635},"model":"modelengine:skeletal_minion/left_foot"},{"predicate":{"custom_model_data":636},"model":"modelengine:skeletal_minion/left_ankle"},{"predicate":{"custom_model_data":637},"model":"modelengine:skeletal_minion/left_leg"},{"predicate":{"custom_model_data":638},"model":"modelengine:skeletal_minion/right_thigh"},{"predicate":{"custom_model_data":639},"model":"modelengine:skeletal_minion/right_foot"},{"predicate":{"custom_model_data":640},"model":"modelengine:skeletal_minion/right_ankle"},{"predicate":{"custom_model_data":641},"model":"modelengine:skeletal_minion/right_leg"},{"predicate":{"custom_model_data":642},"model":"modelengine:skeletal_minion/upper_body"},{"predicate":{"custom_model_data":643},"model":"modelengine:skeletal_minion/chest"},{"predicate":{"custom_model_data":644},"model":"modelengine:skeletal_minion/left_shoulder"},{"predicate":{"custom_model_data":645},"model":"modelengine:skeletal_minion/left_wrist"},{"predicate":{"custom_model_data":646},"model":"modelengine:skeletal_minion/left_hand"},{"predicate":{"custom_model_data":647},"model":"modelengine:skeletal_minion/left_arm"},{"predicate":{"custom_model_data":648},"model":"modelengine:skeletal_minion/right_shoulder"},{"predicate":{"custom_model_data":649},"model":"modelengine:skeletal_minion/right_wrist"},{"predicate":{"custom_model_data":650},"model":"modelengine:skeletal_minion/right_hand"},{"predicate":{"custom_model_data":651},"model":"modelengine:skeletal_minion/right_arm"},{"predicate":{"custom_model_data":652},"model":"modelengine:skeletal_minion/head"},{"predicate":{"custom_model_data":653},"model":"modelengine:skeletal_minion/jaw"},{"predicate":{"custom_model_data":654},"model":"modelengine:skeletal_minion/tail"},{"predicate":{"custom_model_data":655},"model":"modelengine:skeletal_minion/tail_mid"},{"predicate":{"custom_model_data":656},"model":"modelengine:skeletal_minion/tail_end"},{"predicate":{"custom_model_data":657},"model":"modelengine:snail/base"},{"predicate":{"custom_model_data":658},"model":"modelengine:snail/eyes"},{"predicate":{"custom_model_data":659},"model":"modelengine:snail_display/display"},{"predicate":{"custom_model_data":660},"model":"modelengine:snail_display/base"},{"predicate":{"custom_model_data":661},"model":"modelengine:snail_display/eyes"},{"predicate":{"custom_model_data":662},"model":"modelengine:soulknight/cape"},{"predicate":{"custom_model_data":663},"model":"modelengine:soulknight/cape2"},{"predicate":{"custom_model_data":664},"model":"modelengine:soulknight/cape3"},{"predicate":{"custom_model_data":665},"model":"modelengine:soulknight/body"},{"predicate":{"custom_model_data":666},"model":"modelengine:soulknight/belly"},{"predicate":{"custom_model_data":667},"model":"modelengine:soulknight/head"},{"predicate":{"custom_model_data":668},"model":"modelengine:soulknight/leftarm"},{"predicate":{"custom_model_data":669},"model":"modelengine:soulknight/leftfrontarm"},{"predicate":{"custom_model_data":670},"model":"modelengine:soulknight/lefthand"},{"predicate":{"custom_model_data":671},"model":"modelengine:soulknight/sword"},{"predicate":{"custom_model_data":672},"model":"modelengine:soulknight/swordedge"},{"predicate":{"custom_model_data":673},"model":"modelengine:soulknight/rightarm"},{"predicate":{"custom_model_data":674},"model":"modelengine:soulknight/rightfrontarm"},{"predicate":{"custom_model_data":675},"model":"modelengine:soulknight/righthand"},{"predicate":{"custom_model_data":676},"model":"modelengine:soulknight/spear_tip"},{"predicate":{"custom_model_data":677},"model":"modelengine:soulknight/spear"},{"predicate":{"custom_model_data":678},"model":"modelengine:soulknight/hip"},{"predicate":{"custom_model_data":679},"model":"modelengine:soulknight/leftleg"},{"predicate":{"custom_model_data":680},"model":"modelengine:soulknight/leftfrontleg"},{"predicate":{"custom_model_data":681},"model":"modelengine:soulknight/leftfoot"},{"predicate":{"custom_model_data":682},"model":"modelengine:soulknight/rightleg"},{"predicate":{"custom_model_data":683},"model":"modelengine:soulknight/rightfrontleg"},{"predicate":{"custom_model_data":684},"model":"modelengine:soulknight/rightfoot"},{"predicate":{"custom_model_data":685},"model":"modelengine:soulknight_withhorse/cape"},{"predicate":{"custom_model_data":686},"model":"modelengine:soulknight_withhorse/cape2"},{"predicate":{"custom_model_data":687},"model":"modelengine:soulknight_withhorse/cape3"},{"predicate":{"custom_model_data":688},"model":"modelengine:soulknight_withhorse/body"},{"predicate":{"custom_model_data":689},"model":"modelengine:soulknight_withhorse/belly"},{"predicate":{"custom_model_data":690},"model":"modelengine:soulknight_withhorse/head"},{"predicate":{"custom_model_data":691},"model":"modelengine:soulknight_withhorse/leftarm"},{"predicate":{"custom_model_data":692},"model":"modelengine:soulknight_withhorse/leftfrontarm"},{"predicate":{"custom_model_data":693},"model":"modelengine:soulknight_withhorse/lefthand"},{"predicate":{"custom_model_data":694},"model":"modelengine:soulknight_withhorse/rightarm"},{"predicate":{"custom_model_data":695},"model":"modelengine:soulknight_withhorse/rightfrontarm"},{"predicate":{"custom_model_data":696},"model":"modelengine:soulknight_withhorse/righthand"},{"predicate":{"custom_model_data":697},"model":"modelengine:soulknight_withhorse/spear_tip"},{"predicate":{"custom_model_data":698},"model":"modelengine:soulknight_withhorse/spear"},{"predicate":{"custom_model_data":699},"model":"modelengine:soulknight_withhorse/hip"},{"predicate":{"custom_model_data":700},"model":"modelengine:soulknight_withhorse/leftleg"},{"predicate":{"custom_model_data":701},"model":"modelengine:soulknight_withhorse/leftfrontleg"},{"predicate":{"custom_model_data":702},"model":"modelengine:soulknight_withhorse/rightleg"},{"predicate":{"custom_model_data":703},"model":"modelengine:soulknight_withhorse/rightfrontleg"},{"predicate":{"custom_model_data":704},"model":"modelengine:soulknight_withhorse/neck1"},{"predicate":{"custom_model_data":705},"model":"modelengine:soulknight_withhorse/horsehead"},{"predicate":{"custom_model_data":706},"model":"modelengine:soulknight_withhorse/jaw"},{"predicate":{"custom_model_data":707},"model":"modelengine:soulknight_withhorse/neck2"},{"predicate":{"custom_model_data":708},"model":"modelengine:soulknight_withhorse/horsebody"},{"predicate":{"custom_model_data":709},"model":"modelengine:soulknight_withhorse/horse_leftleg"},{"predicate":{"custom_model_data":710},"model":"modelengine:soulknight_withhorse/horse_leftfrontleg"},{"predicate":{"custom_model_data":711},"model":"modelengine:soulknight_withhorse/horse_leftfoot"},{"predicate":{"custom_model_data":712},"model":"modelengine:soulknight_withhorse/horse_rightleg"},{"predicate":{"custom_model_data":713},"model":"modelengine:soulknight_withhorse/horse_rightfrontleg"},{"predicate":{"custom_model_data":714},"model":"modelengine:soulknight_withhorse/horse_rightfoot"},{"predicate":{"custom_model_data":715},"model":"modelengine:soulknight_withhorse/horsehip"},{"predicate":{"custom_model_data":716},"model":"modelengine:soulknight_withhorse/horse_leftbackleg"},{"predicate":{"custom_model_data":717},"model":"modelengine:soulknight_withhorse/horse_leftbackfrontleg"},{"predicate":{"custom_model_data":718},"model":"modelengine:soulknight_withhorse/horse_leftbackfoot"},{"predicate":{"custom_model_data":719},"model":"modelengine:soulknight_withhorse/horse_rightbackleg"},{"predicate":{"custom_model_data":720},"model":"modelengine:soulknight_withhorse/horse_rightbackfrontleg"},{"predicate":{"custom_model_data":721},"model":"modelengine:soulknight_withhorse/horse_rightbackfoot"},{"predicate":{"custom_model_data":722},"model":"modelengine:soulknight_withhorse/tail3"},{"predicate":{"custom_model_data":723},"model":"modelengine:soulknight_withhorse/tail2"},{"predicate":{"custom_model_data":724},"model":"modelengine:soulknight_withhorse/tail"},{"predicate":{"custom_model_data":725},"model":"modelengine:star_guardian/head"},{"predicate":{"custom_model_data":726},"model":"modelengine:star_guardian/body"},{"predicate":{"custom_model_data":727},"model":"modelengine:star_guardian/soulfire"},{"predicate":{"custom_model_data":728},"model":"modelengine:star_guardian/leftarm"},{"predicate":{"custom_model_data":729},"model":"modelengine:star_guardian/left_forearm"},{"predicate":{"custom_model_data":730},"model":"modelengine:star_guardian/lefthand"},{"predicate":{"custom_model_data":731},"model":"modelengine:star_guardian/left_thumb"},{"predicate":{"custom_model_data":732},"model":"modelengine:star_guardian/left_finger2"},{"predicate":{"custom_model_data":733},"model":"modelengine:star_guardian/rightarm"},{"predicate":{"custom_model_data":734},"model":"modelengine:star_guardian/right_forearm"},{"predicate":{"custom_model_data":735},"model":"modelengine:star_guardian/righthand"},{"predicate":{"custom_model_data":736},"model":"modelengine:star_guardian/right_thumb"},{"predicate":{"custom_model_data":737},"model":"modelengine:star_guardian/right_finger3"},{"predicate":{"custom_model_data":738},"model":"modelengine:stomp_shockwave/debris1"},{"predicate":{"custom_model_data":739},"model":"modelengine:stomp_shockwave/debris2"},{"predicate":{"custom_model_data":740},"model":"modelengine:stomp_shockwave/debris3"},{"predicate":{"custom_model_data":741},"model":"modelengine:stomp_shockwave/debris4"},{"predicate":{"custom_model_data":742},"model":"modelengine:stomp_shockwave/debris5"},{"predicate":{"custom_model_data":743},"model":"modelengine:stomp_shockwave/debris6"},{"predicate":{"custom_model_data":744},"model":"modelengine:stomp_shockwave/lightbeam_med"},{"predicate":{"custom_model_data":745},"model":"modelengine:stomp_shockwave/lightbeam_far"},{"predicate":{"custom_model_data":746},"model":"modelengine:stomp_shockwave/lightbeam_close"},{"predicate":{"custom_model_data":747},"model":"modelengine:stomp_shockwave/spike1"},{"predicate":{"custom_model_data":748},"model":"modelengine:stomp_shockwave/spike2"},{"predicate":{"custom_model_data":749},"model":"modelengine:stomp_shockwave/spike3"},{"predicate":{"custom_model_data":750},"model":"modelengine:stomp_shockwave/spike4"},{"predicate":{"custom_model_data":751},"model":"modelengine:stomp_shockwave/spike5"},{"predicate":{"custom_model_data":752},"model":"modelengine:stomp_shockwave/spike6"},{"predicate":{"custom_model_data":753},"model":"modelengine:tablelamp/tablelamp"},{"predicate":{"custom_model_data":754},"model":"modelengine:tablelamp_on/tablelamp"},{"predicate":{"custom_model_data":755},"model":"modelengine:tarantula/body"},{"predicate":{"custom_model_data":756},"model":"modelengine:tarantula/leg2"},{"predicate":{"custom_model_data":757},"model":"modelengine:tarantula/leg1"},{"predicate":{"custom_model_data":758},"model":"modelengine:tarantula/leg3"},{"predicate":{"custom_model_data":759},"model":"modelengine:tarantula/leg4"},{"predicate":{"custom_model_data":760},"model":"modelengine:tarantula_display/display"},{"predicate":{"custom_model_data":761},"model":"modelengine:tarantula_display/body"},{"predicate":{"custom_model_data":762},"model":"modelengine:tarantula_display/leg2"},{"predicate":{"custom_model_data":763},"model":"modelengine:tarantula_display/leg1"},{"predicate":{"custom_model_data":764},"model":"modelengine:tarantula_display/leg3"},{"predicate":{"custom_model_data":765},"model":"modelengine:tarantula_display/leg4"},{"predicate":{"custom_model_data":766},"model":"modelengine:target_dummy/head"},{"predicate":{"custom_model_data":767},"model":"modelengine:target_dummy/chest"},{"predicate":{"custom_model_data":768},"model":"modelengine:target_dummy/leftarm"},{"predicate":{"custom_model_data":769},"model":"modelengine:target_dummy/rightarm"},{"predicate":{"custom_model_data":770},"model":"modelengine:target_dummy/leg"},{"predicate":{"custom_model_data":771},"model":"modelengine:toilet/toilet"},{"predicate":{"custom_model_data":772},"model":"modelengine:toilet/lid"},{"predicate":{"custom_model_data":773},"model":"modelengine:tumbleweed/tumbleweed"},{"predicate":{"custom_model_data":774},"model":"modelengine:vulture/vulture"},{"predicate":{"custom_model_data":775},"model":"modelengine:vulture/head"},{"predicate":{"custom_model_data":776},"model":"modelengine:vulture/rightleg"},{"predicate":{"custom_model_data":777},"model":"modelengine:vulture/leftleg"},{"predicate":{"custom_model_data":778},"model":"modelengine:vulture/rightwing"},{"predicate":{"custom_model_data":779},"model":"modelengine:vulture/leftwing3"},{"predicate":{"custom_model_data":780},"model":"modelengine:will_o_wisp/skull_jaw"},{"predicate":{"custom_model_data":781},"model":"modelengine:will_o_wisp/skull"},{"predicate":{"custom_model_data":782},"model":"modelengine:witch_broom_birch_entity/body"},{"predicate":{"custom_model_data":783},"model":"modelengine:witch_broom_dark_oak_entity/body"}]}