{"parent":"item/generated","textures":{"layer0":"item/paper"},"overrides":[{"predicate":{"custom_model_data":1},"model":"japan_glass"},{"predicate":{"custom_model_data":2},"model":"dirty_slime"},{"predicate":{"custom_model_data":3},"model":"goat_horn"},{"predicate":{"custom_model_data":4},"model":"torn_cloth"},{"predicate":{"custom_model_data":5},"model":"king_qubert_crown"},{"predicate":{"custom_model_data":6},"model":"dungeon_key_1"},{"predicate":{"custom_model_data":7},"model":"plain_orb"},{"predicate":{"custom_model_data":8},"model":"plain_essence"},{"predicate":{"custom_model_data":9},"model":"defense"},{"predicate":{"custom_model_data":10},"model":"damage"},{"predicate":{"custom_model_data":12},"model":"boss/quetzalcoatl_helmet"},{"predicate":{"custom_model_data":13},"model":"boss/quetzalcoatl_feather"},{"predicate":{"custom_model_data":14},"model":"boss/cizha_hat"},{"predicate":{"custom_model_data":15},"model":"boss/sintia_hat"},{"predicate":{"custom_model_data":16},"model":"token_quetzalcoatl"},{"predicate":{"custom_model_data":17},"model":"token_hydra"},{"predicate":{"custom_model_data":18},"model":"token_herobrine"},{"predicate":{"custom_model_data":19},"model":"token_soul"},{"predicate":{"custom_model_data":20},"model":"token_cizha"},{"predicate":{"custom_model_data":21},"model":"arrow_next_icon"},{"predicate":{"custom_model_data":22},"model":"arrow_previous_icon"},{"predicate":{"custom_model_data":23},"model":"exit_icon"},{"predicate":{"custom_model_data":24},"model":"accesories"},{"predicate":{"custom_model_data":25},"model":"backpacks"},{"predicate":{"custom_model_data":26},"model":"comingsoon"},{"predicate":{"custom_model_data":27},"model":"emotes"},{"predicate":{"custom_model_data":28},"model":"hats"},{"predicate":{"custom_model_data":29},"model":"homepage"},{"predicate":{"custom_model_data":30},"model":"milk_bottle"},{"predicate":{"custom_model_data":31},"model":"offhand"},{"predicate":{"custom_model_data":32},"model":"bomb"},{"predicate":{"custom_model_data":34},"model":"sprays"},{"predicate":{"custom_model_data":54},"model":"block/fire_floor0"},{"predicate":{"custom_model_data":66},"model":"snight_cosmetics_v1/dog_hat"},{"predicate":{"custom_model_data":67},"model":"snight_cosmetics_v1/dog_rope"},{"predicate":{"custom_model_data":68},"model":"snight_cosmetics_v1/dog_tail"},{"predicate":{"custom_model_data":69},"model":"snight_cosmetics_v1/dragon_hat"},{"predicate":{"custom_model_data":70},"model":"snight_cosmetics_v1/dragon_wing"},{"predicate":{"custom_model_data":71},"model":"snight_cosmetics_v1/dragon_claw"},{"predicate":{"custom_model_data":72},"model":"snight_cosmetics_v1/redpanda_hat"},{"predicate":{"custom_model_data":73},"model":"snight_cosmetics_v1/redpanda_claw"},{"predicate":{"custom_model_data":74},"model":"snight_cosmetics_v1/redpanda_tail"},{"predicate":{"custom_model_data":75},"model":"snight_cosmetics_v1/royal_crown"},{"predicate":{"custom_model_data":76},"model":"snight_cosmetics_v1/royal_scepter"},{"predicate":{"custom_model_data":77},"model":"snight_cosmetics_v1/royal_cloak"},{"predicate":{"custom_model_data":78},"model":"snight_cosmetics_v1/mannequin"},{"predicate":{"custom_model_data":79},"model":"snights_pet_backpacks/bird_backpack"},{"predicate":{"custom_model_data":80},"model":"snights_pet_backpacks/cat_backpack"},{"predicate":{"custom_model_data":81},"model":"snights_pet_backpacks/dog_backpack"},{"predicate":{"custom_model_data":82},"model":"snights_pet_backpacks/dragon_backpack"},{"predicate":{"custom_model_data":83},"model":"return"},{"predicate":{"custom_model_data":84},"model":"next"},{"predicate":{"custom_model_data":84},"model":"snights_pet_backpacks/snake_backpack"},{"predicate":{"custom_model_data":85},"model":"iron_cog"},{"predicate":{"custom_model_data":86},"model":"removecosmetic"},{"predicate":{"custom_model_data":87},"model":"diamond_cog"},{"predicate":{"custom_model_data":860},"model":"gold_cog"},{"predicate":{"custom_model_data":1001},"model":"snights_pet_backpacks/hamster_backpack"}]}