{"textures":{"0":"modelengine:entity/camel"},"elements":[{"from":[4.871218,0.9218674,9.312002],"to":[7.156933,6.636153,12.169145],"rotation":{"angle":-22.5,"axis":"x","origin":[7.3434196,2.5855088,13.935022]},"faces":{"east":{"uv":[8.875,0.875,9.5,2.125],"rotation":0,"texture":"#0","tintindex":0},"south":{"uv":[10.0,7.125,10.5,8.375],"rotation":0,"texture":"#0","tintindex":0},"north":{"uv":[10.0,5.875,10.5,7.125],"rotation":0,"texture":"#0","tintindex":0},"west":{"uv":[6.125,9.0,6.75,10.25],"rotation":0,"texture":"#0","tintindex":0},"up":{"uv":[8.625,4.75,8.125,4.125],"rotation":0,"texture":"#0","tintindex":0},"down":{"uv":[5.375,10.25,4.875,10.875],"rotation":0,"texture":"#0","tintindex":0}}},{"from":[4.871218,6.636153,8.740573],"to":[8.299789,12.350439,13.312002],"rotation":{"angle":-22.5,"axis":"x","origin":[7.3434196,2.5855088,13.935022]},"faces":{"east":{"uv":[3.875,7.25,4.875,8.5],"rotation":0,"texture":"#0","tintindex":0},"south":{"uv":[8.625,5.375,9.375,6.625],"rotation":0,"texture":"#0","tintindex":0},"north":{"uv":[8.625,4.125,9.375,5.375],"rotation":0,"texture":"#0","tintindex":0},"west":{"uv":[0.0,7.375,1.0,8.625],"rotation":0,"texture":"#0","tintindex":0},"up":{"uv":[10.375,9.625,9.625,8.625],"rotation":0,"texture":"#0","tintindex":0},"down":{"uv":[10.375,9.625,9.625,10.625],"rotation":0,"texture":"#0","tintindex":0}}}],"display":{"head":{"translation":[0.0,-6.4,0.0],"scale":[4.0,4.0,4.0]}}}