{"textures":{"0":"modelengine:entity/camel"},"elements":[{"from":[6.9834766,-2.8763285,6.0206075],"to":[8.6977625,7.980815,8.020607],"rotation":{"angle":0.0,"axis":"y","origin":[6.79699,6.991638,10.788623]},"faces":{"east":{"uv":[2.0,7.5,1.5,9.875],"rotation":0,"texture":"#0","tintindex":0},"south":{"uv":[2.375,8.75,2.0,11.125],"rotation":0,"texture":"#0","tintindex":0},"north":{"uv":[4.875,8.5,4.5,10.875],"rotation":0,"texture":"#0","tintindex":0},"west":{"uv":[1.5,7.5,1.0,9.875],"rotation":0,"texture":"#0","tintindex":0},"up":{"uv":[7.125,5.5,7.5,5.0],"rotation":0,"texture":"#0","tintindex":0},"down":{"uv":[7.5,5.0,7.875,5.5],"rotation":0,"texture":"#0","tintindex":0}}}],"display":{"head":{"translation":[0.0,-6.4,0.0],"scale":[4.0,4.0,4.0]}}}