{"textures":{"0":"modelengine:entity/cizha_the_scarecrow_raven_minion"},"elements":[{"from":[7.4736843,8.085714,6.0],"to":[10.38797,8.142858,8.857143],"rotation":{"angle":0.0,"axis":"y","origin":[8.930827,3.2571425,7.457143]},"faces":{"east":{"uv":[14.375,13.125,15.0,15.25],"rotation":0,"texture":"#0","tintindex":0},"south":{"uv":[14.625,13.875,14.0,16.0],"rotation":0,"texture":"#0","tintindex":0},"north":{"uv":[13.75,13.875,14.375,16.0],"rotation":0,"texture":"#0","tintindex":0},"west":{"uv":[14.75,13.25,14.125,15.375],"rotation":0,"texture":"#0","tintindex":0},"up":{"uv":[11.375,10.125,10.75,9.5],"rotation":0,"texture":"#0","tintindex":0},"down":{"uv":[11.375,9.5,10.75,10.125],"rotation":0,"texture":"#0","tintindex":0}}},{"from":[7.4736843,-1.6285725,6.0],"to":[10.38797,-1.5714293,8.857143],"rotation":{"angle":0.0,"axis":"y","origin":[8.930827,3.2571425,7.457143]},"faces":{"east":{"uv":[14.375,13.125,15.0,15.25],"rotation":0,"texture":"#0","tintindex":0},"south":{"uv":[14.625,13.875,14.0,16.0],"rotation":0,"texture":"#0","tintindex":0},"north":{"uv":[13.75,13.875,14.375,16.0],"rotation":0,"texture":"#0","tintindex":0},"west":{"uv":[14.75,13.25,14.125,15.375],"rotation":0,"texture":"#0","tintindex":0},"up":{"uv":[11.375,10.125,10.75,9.5],"rotation":0,"texture":"#0","tintindex":0},"down":{"uv":[11.375,9.5,10.75,10.125],"rotation":0,"texture":"#0","tintindex":0}}},{"from":[7.4736843,-1.5714293,6.0],"to":[7.530827,8.142858,8.857143],"rotation":{"angle":0.0,"axis":"y","origin":[8.930827,3.2571425,7.457143]},"faces":{"east":{"uv":[9.25,7.375,9.875,9.5],"rotation":0,"texture":"#0","tintindex":0},"south":{"uv":[13.375,13.625,12.75,15.75],"rotation":0,"texture":"#0","tintindex":0},"north":{"uv":[14.125,13.625,14.75,15.75],"rotation":0,"texture":"#0","tintindex":0},"west":{"uv":[9.875,7.375,9.25,9.5],"rotation":0,"texture":"#0","tintindex":0},"up":{"uv":[14.75,14.375,14.125,13.75],"rotation":0,"texture":"#0","tintindex":0},"down":{"uv":[13.75,13.125,13.125,13.75],"rotation":0,"texture":"#0","tintindex":0}}},{"from":[10.330828,-1.5714293,6.0],"to":[10.38797,8.142858,8.857143],"rotation":{"angle":0.0,"axis":"y","origin":[8.930827,3.2571425,7.457143]},"faces":{"east":{"uv":[9.25,7.375,9.875,9.5],"rotation":0,"texture":"#0","tintindex":0},"south":{"uv":[13.375,13.625,12.75,15.75],"rotation":0,"texture":"#0","tintindex":0},"north":{"uv":[14.125,13.625,14.75,15.75],"rotation":0,"texture":"#0","tintindex":0},"west":{"uv":[9.875,7.375,9.25,9.5],"rotation":0,"texture":"#0","tintindex":0},"up":{"uv":[14.75,14.375,14.125,13.75],"rotation":0,"texture":"#0","tintindex":0},"down":{"uv":[13.75,13.125,13.125,13.75],"rotation":0,"texture":"#0","tintindex":0}}},{"from":[7.4736843,-1.5714293,6.0],"to":[10.38797,8.142858,6.0571427],"rotation":{"angle":0.0,"axis":"y","origin":[8.930827,3.2571425,7.457143]},"faces":{"east":{"uv":[12.875,13.375,13.5,15.5],"rotation":0,"texture":"#0","tintindex":0},"south":{"uv":[1.625,9.25,1.0,11.375],"rotation":0,"texture":"#0","tintindex":0},"north":{"uv":[1.0,9.25,1.625,11.375],"rotation":0,"texture":"#0","tintindex":0},"west":{"uv":[13.75,13.25,13.125,15.375],"rotation":0,"texture":"#0","tintindex":0},"up":{"uv":[13.75,14.75,13.125,14.125],"rotation":0,"texture":"#0","tintindex":0},"down":{"uv":[13.5,14.0,12.875,14.625],"rotation":0,"texture":"#0","tintindex":0}}},{"from":[7.4736843,-1.5714293,8.857143],"to":[10.38797,8.142858,8.914286],"rotation":{"angle":0.0,"axis":"y","origin":[8.930827,3.2571425,7.457143]},"faces":{"east":{"uv":[12.875,13.375,13.5,15.5],"rotation":0,"texture":"#0","tintindex":0},"south":{"uv":[1.625,9.25,1.0,11.375],"rotation":0,"texture":"#0","tintindex":0},"north":{"uv":[1.0,9.25,1.625,11.375],"rotation":0,"texture":"#0","tintindex":0},"west":{"uv":[13.75,13.25,13.125,15.375],"rotation":0,"texture":"#0","tintindex":0},"up":{"uv":[13.75,14.75,13.125,14.125],"rotation":0,"texture":"#0","tintindex":0},"down":{"uv":[13.5,14.0,12.875,14.625],"rotation":0,"texture":"#0","tintindex":0}}}],"display":{"head":{"translation":[0.0,-6.4,0.0],"scale":[4.0,4.0,4.0]}}}