{"textures":{"0":"modelengine:entity/cizha_the_scarecrow_raven_minion"},"elements":[{"from":[5.61203,8.085714,6.0],"to":[8.526316,8.142858,8.857143],"rotation":{"angle":0.0,"axis":"y","origin":[7.069173,3.2571425,7.457143]},"faces":{"east":{"uv":[14.125,13.25,14.75,15.375],"rotation":0,"texture":"#0","tintindex":0},"south":{"uv":[14.0,13.875,14.625,16.0],"rotation":0,"texture":"#0","tintindex":0},"north":{"uv":[14.375,13.875,13.75,16.0],"rotation":0,"texture":"#0","tintindex":0},"west":{"uv":[15.0,13.125,14.375,15.25],"rotation":0,"texture":"#0","tintindex":0},"up":{"uv":[10.75,10.125,11.375,9.5],"rotation":0,"texture":"#0","tintindex":0},"down":{"uv":[10.75,9.5,11.375,10.125],"rotation":0,"texture":"#0","tintindex":0}}},{"from":[5.61203,-1.6285725,6.0],"to":[8.526316,-1.5714293,8.857143],"rotation":{"angle":0.0,"axis":"y","origin":[7.069173,3.2571425,7.457143]},"faces":{"east":{"uv":[14.125,13.25,14.75,15.375],"rotation":0,"texture":"#0","tintindex":0},"south":{"uv":[14.0,13.875,14.625,16.0],"rotation":0,"texture":"#0","tintindex":0},"north":{"uv":[14.375,13.875,13.75,16.0],"rotation":0,"texture":"#0","tintindex":0},"west":{"uv":[15.0,13.125,14.375,15.25],"rotation":0,"texture":"#0","tintindex":0},"up":{"uv":[10.75,10.125,11.375,9.5],"rotation":0,"texture":"#0","tintindex":0},"down":{"uv":[10.75,9.5,11.375,10.125],"rotation":0,"texture":"#0","tintindex":0}}},{"from":[8.469173,-1.5714293,6.0],"to":[8.526316,8.142858,8.857143],"rotation":{"angle":0.0,"axis":"y","origin":[7.069173,3.2571425,7.457143]},"faces":{"east":{"uv":[9.25,7.375,9.875,9.5],"rotation":0,"texture":"#0","tintindex":0},"south":{"uv":[12.75,13.625,13.375,15.75],"rotation":0,"texture":"#0","tintindex":0},"north":{"uv":[14.75,13.625,14.125,15.75],"rotation":0,"texture":"#0","tintindex":0},"west":{"uv":[9.875,7.375,9.25,9.5],"rotation":0,"texture":"#0","tintindex":0},"up":{"uv":[14.125,14.375,14.75,13.75],"rotation":0,"texture":"#0","tintindex":0},"down":{"uv":[13.125,13.125,13.75,13.75],"rotation":0,"texture":"#0","tintindex":0}}},{"from":[5.61203,-1.5714293,6.0],"to":[5.669173,8.142858,8.857143],"rotation":{"angle":0.0,"axis":"y","origin":[7.069173,3.2571425,7.457143]},"faces":{"east":{"uv":[9.25,7.375,9.875,9.5],"rotation":0,"texture":"#0","tintindex":0},"south":{"uv":[12.75,13.625,13.375,15.75],"rotation":0,"texture":"#0","tintindex":0},"north":{"uv":[14.75,13.625,14.125,15.75],"rotation":0,"texture":"#0","tintindex":0},"west":{"uv":[9.875,7.375,9.25,9.5],"rotation":0,"texture":"#0","tintindex":0},"up":{"uv":[14.125,14.375,14.75,13.75],"rotation":0,"texture":"#0","tintindex":0},"down":{"uv":[13.125,13.125,13.75,13.75],"rotation":0,"texture":"#0","tintindex":0}}},{"from":[5.61203,-1.5714293,6.0],"to":[8.526316,8.142858,6.0571427],"rotation":{"angle":0.0,"axis":"y","origin":[7.069173,3.2571425,7.457143]},"faces":{"east":{"uv":[13.125,13.25,13.75,15.375],"rotation":0,"texture":"#0","tintindex":0},"south":{"uv":[1.0,9.25,1.625,11.375],"rotation":0,"texture":"#0","tintindex":0},"north":{"uv":[1.625,9.25,1.0,11.375],"rotation":0,"texture":"#0","tintindex":0},"west":{"uv":[13.5,13.375,12.875,15.5],"rotation":0,"texture":"#0","tintindex":0},"up":{"uv":[13.125,14.75,13.75,14.125],"rotation":0,"texture":"#0","tintindex":0},"down":{"uv":[12.875,14.0,13.5,14.625],"rotation":0,"texture":"#0","tintindex":0}}},{"from":[5.61203,-1.5714293,8.857143],"to":[8.526316,8.142858,8.914286],"rotation":{"angle":0.0,"axis":"y","origin":[7.069173,3.2571425,7.457143]},"faces":{"east":{"uv":[13.125,13.25,13.75,15.375],"rotation":0,"texture":"#0","tintindex":0},"south":{"uv":[1.0,9.25,1.625,11.375],"rotation":0,"texture":"#0","tintindex":0},"north":{"uv":[1.625,9.25,1.0,11.375],"rotation":0,"texture":"#0","tintindex":0},"west":{"uv":[13.5,13.375,12.875,15.5],"rotation":0,"texture":"#0","tintindex":0},"up":{"uv":[13.125,14.75,13.75,14.125],"rotation":0,"texture":"#0","tintindex":0},"down":{"uv":[12.875,14.0,13.5,14.625],"rotation":0,"texture":"#0","tintindex":0}}}],"display":{"head":{"translation":[0.0,-6.4,0.0],"scale":[4.0,4.0,4.0]}}}