{"textures":{"0":"modelengine:entity/baby_shark"},"elements":[{"from":[5.350606,5.470557,4.7312145],"to":[10.649394,10.327781,10.030004],"rotation":{"angle":0.0,"axis":"y","origin":[8.0,7.6652613,7.769433]},"faces":{"east":{"uv":[1.765,1.765,3.235,3.125],"rotation":0,"texture":"#0","tintindex":0},"south":{"uv":[0.015,3.515,1.485,4.875],"rotation":0,"texture":"#0","tintindex":0},"north":{"uv":[1.765,0.015,3.235,1.375],"rotation":0,"texture":"#0","tintindex":0},"west":{"uv":[3.515,0.015,4.985,1.375],"rotation":0,"texture":"#0","tintindex":0},"up":{"uv":[1.485,1.485,0.015,0.015],"rotation":0,"texture":"#0","tintindex":0},"down":{"uv":[1.485,1.765,0.015,3.235],"rotation":0,"texture":"#0","tintindex":0}}},{"from":[7.5584345,8.951515,5.6956596],"to":[8.4415655,11.600909,7.903488],"rotation":{"angle":22.5,"axis":"x","origin":[8.0,7.6652613,7.769433]},"faces":{"east":{"uv":[3.015,6.515,3.625,7.235],"rotation":0,"texture":"#0","tintindex":0},"south":{"uv":[7.515,7.765,7.735,8.485],"rotation":0,"texture":"#0","tintindex":0},"north":{"uv":[7.015,7.765,7.235,8.485],"rotation":0,"texture":"#0","tintindex":0},"west":{"uv":[1.265,6.765,1.875,7.485],"rotation":0,"texture":"#0","tintindex":0},"up":{"uv":[3.985,8.625,3.765,8.015],"rotation":0,"texture":"#0","tintindex":0},"down":{"uv":[4.485,8.015,4.265,8.625],"rotation":0,"texture":"#0","tintindex":0}}},{"from":[7.7792172,10.456978,4.372909],"to":[8.220783,13.106373,5.697606],"rotation":{"angle":45.0,"axis":"x","origin":[8.0,7.6652613,7.769433]},"faces":{"east":{"uv":[2.265,6.765,2.625,7.485],"rotation":0,"texture":"#0","tintindex":0},"south":{"uv":[8.015,7.765,8.125,8.485],"rotation":0,"texture":"#0","tintindex":0},"north":{"uv":[8.015,4.515,8.125,5.235],"rotation":0,"texture":"#0","tintindex":0},"west":{"uv":[7.265,4.515,7.625,5.235],"rotation":0,"texture":"#0","tintindex":0},"up":{"uv":[6.875,9.125,6.765,8.765],"rotation":0,"texture":"#0","tintindex":0},"down":{"uv":[7.375,8.765,7.265,9.125],"rotation":0,"texture":"#0","tintindex":0}}}],"display":{"head":{"translation":[0.0,-6.4,0.0],"scale":[4.0,4.0,4.0]}}}