{"textures":{"0":"modelengine:entity/baby_shark"},"elements":[{"from":[6.233737,8.200831,3.654377],"to":[9.766263,10.850225,8.953166],"rotation":{"angle":-22.5,"axis":"x","origin":[8.0,7.5898576,10.855484]},"faces":{"east":{"uv":[4.265,5.015,5.735,5.735],"rotation":0,"texture":"#0","tintindex":0},"south":{"uv":[4.265,6.015,5.235,6.735],"rotation":0,"texture":"#0","tintindex":0},"north":{"uv":[6.015,4.015,6.985,4.735],"rotation":0,"texture":"#0","tintindex":0},"west":{"uv":[0.015,5.265,1.485,5.985],"rotation":0,"texture":"#0","tintindex":0},"up":{"uv":[2.735,4.985,1.765,3.515],"rotation":0,"texture":"#0","tintindex":0},"down":{"uv":[4.485,1.765,3.515,3.235],"rotation":0,"texture":"#0","tintindex":0}}},{"from":[6.2778935,7.3176994,3.654377],"to":[6.2778935,8.200831,8.953166],"rotation":{"angle":-22.5,"axis":"x","origin":[8.0,7.5898576,10.855484]},"faces":{"east":{"uv":[8.735,1.515,7.265,1.735],"rotation":0,"texture":"#0","tintindex":0},"south":{"uv":[1.515,6.265,1.515,6.485],"rotation":0,"texture":"#0","tintindex":0},"north":{"uv":[1.265,6.265,1.265,6.485],"rotation":0,"texture":"#0","tintindex":0},"west":{"uv":[7.265,1.515,8.735,1.735],"rotation":0,"texture":"#0","tintindex":0},"up":{"uv":[3.515,9.735,3.515,8.265],"rotation":0,"texture":"#0","tintindex":0},"down":{"uv":[7.765,8.765,7.765,10.235],"rotation":0,"texture":"#0","tintindex":0}}},{"from":[6.4545197,7.330422,3.6751676],"to":[9.54548,8.213553,3.6751676],"rotation":{"angle":-22.5,"axis":"x","origin":[8.0,7.5898576,10.855484]},"faces":{"east":{"uv":[6.765,8.015,6.765,8.235],"rotation":0,"texture":"#0","tintindex":0},"south":{"uv":[3.375,7.765,2.515,7.985],"rotation":0,"texture":"#0","tintindex":0},"north":{"uv":[2.515,7.765,3.375,7.985],"rotation":0,"texture":"#0","tintindex":0},"west":{"uv":[8.265,1.015,8.265,1.235],"rotation":0,"texture":"#0","tintindex":0},"up":{"uv":[5.625,3.265,4.765,3.265],"rotation":0,"texture":"#0","tintindex":0},"down":{"uv":[9.375,1.015,8.515,1.015],"rotation":0,"texture":"#0","tintindex":0}}},{"from":[9.722106,7.3176994,3.654377],"to":[9.722106,8.200831,8.953166],"rotation":{"angle":-22.5,"axis":"x","origin":[8.0,7.5898576,10.855484]},"faces":{"east":{"uv":[8.735,1.515,7.265,1.735],"rotation":0,"texture":"#0","tintindex":0},"south":{"uv":[1.515,6.265,1.515,6.485],"rotation":0,"texture":"#0","tintindex":0},"north":{"uv":[1.265,6.265,1.265,6.485],"rotation":0,"texture":"#0","tintindex":0},"west":{"uv":[7.265,1.515,8.735,1.735],"rotation":0,"texture":"#0","tintindex":0},"up":{"uv":[3.515,9.735,3.515,8.265],"rotation":0,"texture":"#0","tintindex":0},"down":{"uv":[7.765,8.765,7.765,10.235],"rotation":0,"texture":"#0","tintindex":0}}}],"display":{"head":{"translation":[0.0,-6.4,0.0],"scale":[4.0,4.0,4.0]}}}