{"textures":{"0":"modelengine:entity/baby_shark"},"elements":[{"from":[6.4545197,6.838287,4.378549],"to":[9.54548,8.162984,7.911075],"rotation":{"angle":0.0,"axis":"y","origin":[8.0,9.253774,10.949293]},"faces":{"east":{"uv":[7.015,7.015,7.985,7.375],"rotation":0,"texture":"#0","tintindex":0},"south":{"uv":[7.265,3.765,8.125,4.125],"rotation":0,"texture":"#0","tintindex":0},"north":{"uv":[7.265,3.015,8.125,3.375],"rotation":0,"texture":"#0","tintindex":0},"west":{"uv":[0.015,7.265,0.985,7.625],"rotation":0,"texture":"#0","tintindex":0},"up":{"uv":[6.875,2.485,6.015,1.515],"rotation":0,"texture":"#0","tintindex":0},"down":{"uv":[6.875,2.765,6.015,3.735],"rotation":0,"texture":"#0","tintindex":0}}},{"from":[6.520755,8.162984,4.378549],"to":[6.520755,9.046116,7.911075],"rotation":{"angle":0.0,"axis":"y","origin":[8.0,9.253774,10.949293]},"faces":{"east":{"uv":[8.735,0.015,7.765,0.235],"rotation":0,"texture":"#0","tintindex":0},"south":{"uv":[8.765,6.515,8.765,6.735],"rotation":0,"texture":"#0","tintindex":0},"north":{"uv":[8.265,7.015,8.265,7.235],"rotation":0,"texture":"#0","tintindex":0},"west":{"uv":[7.765,0.015,8.735,0.235],"rotation":0,"texture":"#0","tintindex":0},"up":{"uv":[9.015,2.235,9.015,1.265],"rotation":0,"texture":"#0","tintindex":0},"down":{"uv":[9.015,2.515,9.015,3.485],"rotation":0,"texture":"#0","tintindex":0}}},{"from":[6.675303,8.162984,4.4227057],"to":[9.3246975,9.046116,4.4227057],"rotation":{"angle":0.0,"axis":"y","origin":[8.0,9.253774,10.949293]},"faces":{"east":{"uv":[4.015,9.015,4.015,9.235],"rotation":0,"texture":"#0","tintindex":0},"south":{"uv":[8.485,6.515,7.765,6.735],"rotation":0,"texture":"#0","tintindex":0},"north":{"uv":[7.765,6.515,8.485,6.735],"rotation":0,"texture":"#0","tintindex":0},"west":{"uv":[4.265,9.015,4.265,9.235],"rotation":0,"texture":"#0","tintindex":0},"up":{"uv":[9.735,5.015,9.015,5.015],"rotation":0,"texture":"#0","tintindex":0},"down":{"uv":[9.735,5.265,9.015,5.265],"rotation":0,"texture":"#0","tintindex":0}}},{"from":[9.479245,8.162984,4.378549],"to":[9.479245,9.046116,7.911075],"rotation":{"angle":0.0,"axis":"y","origin":[8.0,9.253774,10.949293]},"faces":{"east":{"uv":[8.735,0.015,7.765,0.235],"rotation":0,"texture":"#0","tintindex":0},"south":{"uv":[8.765,6.515,8.765,6.735],"rotation":0,"texture":"#0","tintindex":0},"north":{"uv":[8.265,7.015,8.265,7.235],"rotation":0,"texture":"#0","tintindex":0},"west":{"uv":[7.765,0.015,8.735,0.235],"rotation":0,"texture":"#0","tintindex":0},"up":{"uv":[9.015,2.235,9.015,1.265],"rotation":0,"texture":"#0","tintindex":0},"down":{"uv":[9.015,2.515,9.015,3.485],"rotation":0,"texture":"#0","tintindex":0}}}],"display":{"head":{"translation":[0.0,-6.4,0.0],"scale":[4.0,4.0,4.0]}}}