{"textures":{"0":"modelengine:entity/baby_shark"},"elements":[{"from":[9.389488,4.171151,6.8960857],"to":[9.831054,6.820545,9.103914],"rotation":{"angle":-45.0,"axis":"z","origin":[10.608552,9.196769,7.931831]},"faces":{"east":{"uv":[6.765,6.015,7.375,6.735],"rotation":0,"texture":"#0","tintindex":0},"south":{"uv":[1.515,8.265,1.625,8.985],"rotation":0,"texture":"#0","tintindex":0},"north":{"uv":[1.015,8.265,1.125,8.985],"rotation":0,"texture":"#0","tintindex":0},"west":{"uv":[4.015,7.015,4.625,7.735],"rotation":0,"texture":"#0","tintindex":0},"up":{"uv":[8.625,4.625,8.515,4.015],"rotation":0,"texture":"#0","tintindex":0},"down":{"uv":[8.625,5.015,8.515,5.625],"rotation":0,"texture":"#0","tintindex":0}}}],"display":{"head":{"translation":[0.0,-6.4,0.0],"scale":[4.0,4.0,4.0]}}}