{"textures":{"0":"modelengine:entity/baby_shark"},"elements":[{"from":[6.233737,5.928154,8.097948],"to":[9.766263,9.9022455,12.513605],"rotation":{"angle":0.0,"axis":"y","origin":[8.0,7.6812916,5.8373775]},"faces":{"east":{"uv":[3.015,3.515,4.235,4.625],"rotation":0,"texture":"#0","tintindex":0},"south":{"uv":[1.765,5.265,2.735,6.375],"rotation":0,"texture":"#0","tintindex":0},"north":{"uv":[5.265,0.015,6.235,1.125],"rotation":0,"texture":"#0","tintindex":0},"west":{"uv":[4.515,3.515,5.735,4.625],"rotation":0,"texture":"#0","tintindex":0},"up":{"uv":[5.735,2.985,4.765,1.765],"rotation":0,"texture":"#0","tintindex":0},"down":{"uv":[3.985,5.015,3.015,6.235],"rotation":0,"texture":"#0","tintindex":0}}},{"from":[7.7792172,5.7458463,10.938284],"to":[8.220783,7.9536753,14.47081],"rotation":{"angle":-22.5,"axis":"x","origin":[8.0,7.6812916,5.8373775]},"faces":{"east":{"uv":[6.015,5.015,6.985,5.625],"rotation":0,"texture":"#0","tintindex":0},"south":{"uv":[0.015,8.515,0.125,9.125],"rotation":0,"texture":"#0","tintindex":0},"north":{"uv":[3.015,8.265,3.125,8.875],"rotation":0,"texture":"#0","tintindex":0},"west":{"uv":[5.515,6.015,6.485,6.625],"rotation":0,"texture":"#0","tintindex":0},"up":{"uv":[4.875,8.985,4.765,8.015],"rotation":0,"texture":"#0","tintindex":0},"down":{"uv":[5.375,8.015,5.265,8.985],"rotation":0,"texture":"#0","tintindex":0}}},{"from":[7.7792172,8.013782,10.511334],"to":[8.220783,10.221611,14.0438595],"rotation":{"angle":22.5,"axis":"x","origin":[8.0,7.6812916,5.8373775]},"faces":{"east":{"uv":[0.015,6.265,0.985,6.875],"rotation":0,"texture":"#0","tintindex":0},"south":{"uv":[8.515,3.015,8.625,3.625],"rotation":0,"texture":"#0","tintindex":0},"north":{"uv":[0.515,8.515,0.625,9.125],"rotation":0,"texture":"#0","tintindex":0},"west":{"uv":[6.515,0.015,7.485,0.625],"rotation":0,"texture":"#0","tintindex":0},"up":{"uv":[5.875,8.985,5.765,8.015],"rotation":0,"texture":"#0","tintindex":0},"down":{"uv":[6.375,8.015,6.265,8.985],"rotation":0,"texture":"#0","tintindex":0}}}],"display":{"head":{"translation":[0.0,-6.4,0.0],"scale":[4.0,4.0,4.0]}}}