{"providers":[{"chars":["꒍"],"file":"required/null.png","ascent":-32768,"height":-514,"type":"bitmap"},{"chars":["꒙"],"file":"required/exit_icon.png","ascent":8,"height":8,"type":"bitmap"},{"chars":["ꐯ"],"file":"required/recipe_showcase.png","ascent":40,"height":164,"type":"bitmap"},{"chars":["ꑭ"],"file":"chat/dev.png","ascent":9,"height":10,"type":"bitmap"},{"chars":["ꑡ"],"file":"chat/competitive/3.png","ascent":9,"height":10,"type":"bitmap"},{"chars":["ꑯ"],"file":"chat/mvp/2.png","ascent":9,"height":10,"type":"bitmap"},{"chars":["ꑠ"],"file":"chat/competitive/2.png","ascent":9,"height":10,"type":"bitmap"},{"chars":["ꑮ"],"file":"chat/mvp/1.png","ascent":9,"height":10,"type":"bitmap"},{"chars":["ꑟ"],"file":"chat/competitive/1.png","ascent":9,"height":10,"type":"bitmap"},{"chars":["ꒃ"],"file":"required/null.png","ascent":-32768,"height":1022,"type":"bitmap"},{"chars":["ꑪ"],"file":"chat/vip.png","ascent":9,"height":10,"type":"bitmap"},{"chars":["ꑦ"],"file":"chat/leaf.png","ascent":9,"height":10,"type":"bitmap"},{"chars":["ꑱ"],"file":"chat/mvp/4.png","ascent":9,"height":10,"type":"bitmap"},{"chars":["ꑢ"],"file":"chat/competitive/4.png","ascent":9,"height":10,"type":"bitmap"},{"chars":["ꑰ"],"file":"chat/mvp/3.png","ascent":9,"height":10,"type":"bitmap"},{"chars":["꒘"],"file":"ui/shop/jorgenupgrade.png","ascent":43,"height":256,"type":"bitmap"},{"chars":["ꐕ"],"file":"emojis/napicool.png","ascent":8,"height":8,"type":"bitmap"},{"chars":["ꐨ"],"file":"emojis/meme/pepe.png","ascent":8,"height":9,"type":"bitmap"},{"chars":["ꐞ"],"file":"emojis/meme/dont_know.png","ascent":8,"height":9,"type":"bitmap"},{"chars":["ꐬ"],"file":"emojis/meme/sus.png","ascent":8,"height":9,"type":"bitmap"},{"chars":["꒖"],"file":"ui/icon/dead_insurance.png","ascent":-4,"height":16,"type":"bitmap"},{"chars":["ꐶ"],"file":"chat/prince_tag.png","ascent":9,"height":10,"type":"bitmap"},{"chars":["ꑆ"],"file":"chat/sultan/4.png","ascent":9,"height":10,"type":"bitmap"},{"chars":["ꑉ"],"file":"chat/gachamaster/3.png","ascent":9,"height":10,"type":"bitmap"},{"chars":["ꑊ"],"file":"chat/gachamaster/4.png","ascent":9,"height":10,"type":"bitmap"},{"chars":["ꐤ"],"file":"emojis/meme/know.png","ascent":8,"height":9,"type":"bitmap"},{"chars":["ꑏ"],"file":"chat/kulibangunan/1.png","ascent":9,"height":10,"type":"bitmap"},{"chars":["ꑿ"],"file":"required/null.png","ascent":-32768,"height":62,"type":"bitmap"},{"chars":["ꐛ"],"file":"emojis/meme/bonk.png","ascent":8,"height":9,"type":"bitmap"},{"chars":["ꑃ"],"file":"chat/sultan/1.png","ascent":9,"height":10,"type":"bitmap"},{"chars":["ꒅ"],"file":"required/null.png","ascent":-32768,"height":-4,"type":"bitmap"},{"chars":["ꑄ"],"file":"chat/sultan/2.png","ascent":9,"height":10,"type":"bitmap"},{"chars":["ꒄ"],"file":"required/null.png","ascent":-32768,"height":-3,"type":"bitmap"},{"chars":["꒎"],"file":"required/null.png","ascent":-32768,"height":-1026,"type":"bitmap"},{"chars":["ꑅ"],"file":"chat/sultan/3.png","ascent":9,"height":10,"type":"bitmap"},{"chars":["꒗"],"file":"ui/shop/jorgencraft.png","ascent":43,"height":256,"type":"bitmap"},{"chars":["ꒆ"],"file":"required/null.png","ascent":-32768,"height":-6,"type":"bitmap"},{"chars":["ꒉ"],"file":"required/null.png","ascent":-32768,"height":-34,"type":"bitmap"},{"chars":["ꑑ"],"file":"chat/kulibangunan/3.png","ascent":9,"height":10,"type":"bitmap"},{"chars":["ꑋ"],"file":"chat/narapidana/1.png","ascent":9,"height":10,"type":"bitmap"},{"chars":["ꑐ"],"file":"chat/kulibangunan/2.png","ascent":9,"height":10,"type":"bitmap"},{"chars":["ꐡ"],"file":"emojis/meme/gg.png","ascent":8,"height":9,"type":"bitmap"},{"chars":["ꑇ"],"file":"chat/gachamaster/1.png","ascent":9,"height":10,"type":"bitmap"},{"chars":["ꑌ"],"file":"chat/narapidana/2.png","ascent":9,"height":10,"type":"bitmap"},{"chars":["ꑈ"],"file":"chat/gachamaster/2.png","ascent":9,"height":10,"type":"bitmap"},{"chars":["ꑍ"],"file":"chat/narapidana/3.png","ascent":9,"height":10,"type":"bitmap"},{"chars":["ꑒ"],"file":"chat/kulibangunan/4.png","ascent":9,"height":10,"type":"bitmap"},{"chars":["ꒇ"],"file":"required/null.png","ascent":-32768,"height":-10,"type":"bitmap"},{"chars":["ꑨ"],"file":"chat/artist.png","ascent":9,"height":10,"type":"bitmap"},{"chars":["ꐖ"],"file":"emojis/kekwhyper.png","ascent":8,"height":8,"type":"bitmap"},{"chars":["ꐒ"],"file":"emojis/pog.png","ascent":8,"height":8,"type":"bitmap"},{"chars":["ꑬ"],"file":"chat/sultan_apeiron.png","ascent":9,"height":10,"type":"bitmap"},{"chars":["꒓"],"file":"ui/mccosmetics-sprays.png","ascent":13,"height":256,"type":"bitmap"},{"chars":["ꒁ"],"file":"required/null.png","ascent":-32768,"height":254,"type":"bitmap"},{"chars":["ꐔ"],"file":"emojis/wut.png","ascent":8,"height":8,"type":"bitmap"},{"chars":["ꐵ"],"file":"chat/lord_tag.png","ascent":9,"height":10,"type":"bitmap"},{"chars":["ꒊ"],"file":"required/null.png","ascent":-32768,"height":-66,"type":"bitmap"},{"chars":["ꐾ"],"file":"chat/diamondhead/4.png","ascent":9,"height":10,"type":"bitmap"},{"chars":["ꐽ"],"file":"chat/diamondhead/3.png","ascent":9,"height":10,"type":"bitmap"},{"chars":["ꐓ"],"file":"emojis/omeganapi.png","ascent":8,"height":8,"type":"bitmap"},{"chars":["ꑂ"],"file":"chat/nolife/4.png","ascent":9,"height":10,"type":"bitmap"},{"chars":["ꑁ"],"file":"chat/nolife/3.png","ascent":9,"height":10,"type":"bitmap"},{"chars":["ꑀ"],"file":"chat/nolife/2.png","ascent":9,"height":10,"type":"bitmap"},{"chars":["ꑼ"],"file":"required/null.png","ascent":-32768,"height":6,"type":"bitmap"},{"chars":["ꑹ"],"file":"required/null.png","ascent":-32768,"height":-1,"type":"bitmap"},{"chars":["ꐙ"],"file":"emojis/blekbigbrain.png","ascent":8,"height":8,"type":"bitmap"},{"chars":["ꑸ"],"file":"ui/mccosmetics-main.png","ascent":13,"height":256,"type":"bitmap"},{"chars":["ꑺ"],"file":"required/null.png","ascent":-32768,"height":0,"type":"bitmap"},{"chars":["ꑻ"],"file":"required/null.png","ascent":-32768,"height":2,"type":"bitmap"},{"chars":["ꑵ"],"file":"chat/philosopher/4.png","ascent":9,"height":10,"type":"bitmap"},{"chars":["ꑴ"],"file":"chat/philosopher/3.png","ascent":9,"height":10,"type":"bitmap"},{"chars":["ꐼ"],"file":"chat/diamondhead/2.png","ascent":9,"height":10,"type":"bitmap"},{"chars":["ꑳ"],"file":"chat/philosopher/2.png","ascent":9,"height":10,"type":"bitmap"},{"chars":["ꐻ"],"file":"chat/diamondhead/1.png","ascent":9,"height":10,"type":"bitmap"},{"chars":["ꑲ"],"file":"chat/philosopher/1.png","ascent":9,"height":10,"type":"bitmap"},{"chars":["ꐗ"],"file":"emojis/kekw.png","ascent":8,"height":8,"type":"bitmap"},{"chars":["ꐿ"],"file":"chat/nolife/1.png","ascent":9,"height":10,"type":"bitmap"},{"chars":["ꐚ"],"file":"emojis/blekangryhyper.png","ascent":8,"height":8,"type":"bitmap"},{"chars":["ꐑ"],"file":"emojis/hansyao.png","ascent":8,"height":8,"type":"bitmap"},{"chars":["ꑓ"],"file":"chat/penimbun/1.png","ascent":9,"height":10,"type":"bitmap"},{"chars":["ꑔ"],"file":"chat/penimbun/2.png","ascent":9,"height":10,"type":"bitmap"},{"chars":["ꑕ"],"file":"chat/penimbun/3.png","ascent":9,"height":10,"type":"bitmap"},{"chars":["ꑖ"],"file":"chat/penimbun/4.png","ascent":9,"height":10,"type":"bitmap"},{"chars":["꒕"],"file":"ui/icon/insurance.png","ascent":-4,"height":16,"type":"bitmap"},{"chars":["ꐩ"],"file":"emojis/meme/reverse.png","ascent":8,"height":9,"type":"bitmap"},{"chars":["ꐘ"],"file":"emojis/blekbonk.png","ascent":8,"height":8,"type":"bitmap"},{"chars":["ꑥ"],"file":"chat/youtuber.png","ascent":9,"height":10,"type":"bitmap"},{"chars":["꒒"],"file":"ui/mccosmetics-offhand.png","ascent":13,"height":256,"type":"bitmap"},{"chars":["ꐥ"],"file":"emojis/meme/knuckles.png","ascent":8,"height":9,"type":"bitmap"},{"chars":["ꐱ"],"file":"required/ui/menu_items_gems.png","ascent":37,"height":256,"type":"bitmap"},{"chars":["ꑾ"],"file":"required/null.png","ascent":-32768,"height":30,"type":"bitmap"},{"chars":["ꐦ"],"file":"emojis/meme/mike.png","ascent":8,"height":9,"type":"bitmap"},{"chars":["ꑗ"],"file":"chat/masochist/1.png","ascent":9,"height":10,"type":"bitmap"},{"chars":["ꐜ"],"file":"emojis/meme/cursed.png","ascent":8,"height":9,"type":"bitmap"},{"chars":["ꐣ"],"file":"emojis/meme/knife_chick.png","ascent":8,"height":9,"type":"bitmap"},{"chars":["ꑚ"],"file":"chat/masochist/4.png","ascent":9,"height":10,"type":"bitmap"},{"chars":["ꐝ"],"file":"emojis/meme/doge.png","ascent":8,"height":9,"type":"bitmap"},{"chars":["ꐭ"],"file":"required/logo.png","ascent":20,"height":36,"type":"bitmap"},{"chars":["ꐟ"],"file":"emojis/meme/evil_patrick.png","ascent":8,"height":9,"type":"bitmap"},{"chars":["ꑘ"],"file":"chat/masochist/2.png","ascent":9,"height":10,"type":"bitmap"},{"chars":["ꒂ"],"file":"required/null.png","ascent":-32768,"height":510,"type":"bitmap"},{"chars":["꒑"],"file":"ui/mccosmetics-emotes.png","ascent":13,"height":256,"type":"bitmap"},{"chars":["ꑙ"],"file":"chat/masochist/3.png","ascent":9,"height":10,"type":"bitmap"},{"chars":["ꐧ"],"file":"emojis/meme/not_stonks.png","ascent":8,"height":9,"type":"bitmap"},{"chars":["꒐"],"file":"ui/mccosmetics-backpacks.png","ascent":13,"height":256,"type":"bitmap"},{"chars":["ꑣ"],"file":"chat/creator.png","ascent":9,"height":10,"type":"bitmap"},{"chars":["꒘"],"file":"ui/shop/jorgenreroll.png","ascent":43,"height":256,"type":"bitmap"},{"chars":["ꐫ"],"file":"emojis/meme/sus_dead.png","ascent":8,"height":9,"type":"bitmap"},{"chars":["ꑽ"],"file":"required/null.png","ascent":-32768,"height":14,"type":"bitmap"},{"chars":["ꐐ"],"file":"emojis/heart.png","ascent":8,"height":8,"type":"bitmap"},{"chars":["ꑞ"],"file":"chat/monsterhunter/4.png","ascent":9,"height":10,"type":"bitmap"},{"chars":["ꑝ"],"file":"chat/monsterhunter/3.png","ascent":9,"height":10,"type":"bitmap"},{"chars":["ꑜ"],"file":"chat/monsterhunter/2.png","ascent":9,"height":10,"type":"bitmap"},{"chars":["ꑛ"],"file":"chat/monsterhunter/1.png","ascent":9,"height":10,"type":"bitmap"},{"chars":["ꐠ"],"file":"emojis/meme/f.png","ascent":8,"height":9,"type":"bitmap"},{"chars":["ꐪ"],"file":"emojis/meme/stonks.png","ascent":8,"height":9,"type":"bitmap"},{"chars":["ꐢ"],"file":"emojis/meme/kekw.png","ascent":8,"height":9,"type":"bitmap"},{"chars":["ꐰ"],"file":"required/ui/menu_items.png","ascent":37,"height":256,"type":"bitmap"},{"chars":["ꒀ"],"file":"required/null.png","ascent":-32768,"height":126,"type":"bitmap"},{"chars":["ꑎ"],"file":"chat/narapidana/4.png","ascent":9,"height":10,"type":"bitmap"},{"chars":["ꑷ"],"file":"chat/moderator.png","ascent":9,"height":10,"type":"bitmap"},{"chars":["ꒌ"],"file":"required/null.png","ascent":-32768,"height":-258,"type":"bitmap"},{"chars":["ꐺ"],"file":"chat/adventurer.png","ascent":9,"height":10,"type":"bitmap"},{"chars":["꒏"],"file":"ui/mccosmetics-accessories.png","ascent":13,"height":256,"type":"bitmap"},{"chars":["ꑫ"],"file":"chat/vvip.png","ascent":9,"height":10,"type":"bitmap"},{"chars":["ꑶ"],"file":"chat/helper.png","ascent":9,"height":10,"type":"bitmap"},{"chars":["ꐳ"],"file":"chat/explorer_tag.png","ascent":9,"height":10,"type":"bitmap"},{"chars":["ꒋ"],"file":"required/null.png","ascent":-32768,"height":-130,"type":"bitmap"},{"chars":["ꒈ"],"file":"required/null.png","ascent":-32768,"height":-18,"type":"bitmap"},{"chars":["꒔"],"file":"ui/mccosmetics-hats.png","ascent":13,"height":256,"type":"bitmap"},{"chars":["ꑩ"],"file":"chat/artist_pink.png","ascent":9,"height":10,"type":"bitmap"},{"chars":["ꐷ"],"file":"chat/king_tag.png","ascent":9,"height":10,"type":"bitmap"},{"chars":["ꐮ"],"file":"required/ui/menu_banner.png","ascent":-14,"height":256,"type":"bitmap"},{"chars":["ꐹ"],"file":"chat/god_tag.png","ascent":9,"height":10,"type":"bitmap"},{"chars":["ꐸ"],"file":"chat/hero_tag.png","ascent":9,"height":10,"type":"bitmap"},{"chars":["ꐲ"],"file":"chat/farmer_tag.png","ascent":9,"height":10,"type":"bitmap"},{"chars":["ꐴ"],"file":"chat/knight_tag.png","ascent":9,"height":10,"type":"bitmap"},{"chars":["ꑧ"],"file":"chat/badut.png","ascent":9,"height":10,"type":"bitmap"},{"chars":["ꑤ"],"file":"chat/admin.png","ascent":9,"height":10,"type":"bitmap"}]}