{"textures":{"0":"lootchests:chest2"},"elements":[{"faces":{"north":{"uv":[3.5,10.5,7,10.75],"texture":"#0","tintindex":0},"east":{"uv":[0,10.5,3.5,10.75],"texture":"#0","tintindex":0},"south":{"uv":[10.5,10.5,14,10.75],"texture":"#0","tintindex":0},"west":{"uv":[7,10.5,10.5,10.75],"texture":"#0","tintindex":0},"up":{"uv":[7,4.75,10.5,8.25],"texture":"#missing","tintindex":0},"down":{"uv":[3.5,4.75,7,8.25],"texture":"#0","tintindex":0}},"to":[10.8,5.4,10.8],"from":[5.2,5,5.2],"rotation":{"angle":0,"axis":"y","origin":[8,5.2,8]}},{"faces":{"north":{"uv":[3.5,8.25,7,10.5],"texture":"#0","tintindex":0},"east":{"uv":[3.25,8.25,3.5,10.5],"texture":"#0","tintindex":0},"south":{"uv":[0,0,3.5,2.25],"texture":"#missing","tintindex":0},"west":{"uv":[0,8.25,0.25,10.5],"texture":"#0","tintindex":0},"up":{"uv":[7,8,10.5,8.25],"texture":"#0","tintindex":0},"down":{"uv":[0,0,3.5,0.25],"texture":"#missing","tintindex":0}},"to":[10.8,9,5.6],"from":[5.2,5.4,5.2],"rotation":{"angle":0,"axis":"y","origin":[8,7.2,5.4]}},{"faces":{"north":{"uv":[3.5,8.25,7,10.5],"rotation":180,"texture":"#missing","tintindex":0},"east":{"uv":[0,8.25,0.25,10.5],"texture":"#0","tintindex":0},"south":{"uv":[10.5,8.25,14,10.5],"texture":"#0","tintindex":0},"west":{"uv":[10.25,8.25,10.5,10.5],"texture":"#0","tintindex":0},"up":{"uv":[7,4.75,10.5,5],"texture":"#0","tintindex":0},"down":{"uv":[0,0,3.5,0.25],"texture":"#missing","tintindex":0}},"to":[10.8,9,10.8],"from":[5.2,5.4,10.4],"rotation":{"angle":0,"axis":"y","origin":[8,7.2,10.6]}},{"faces":{"north":{"uv":[0,0,0.25,2.25],"texture":"#missing","tintindex":0},"east":{"uv":[0,0,3,2.25],"texture":"#missing","tintindex":0},"south":{"uv":[0,0,0.25,2.25],"texture":"#missing","tintindex":0},"west":{"uv":[7.25,8.25,10.25,10.5],"texture":"#0","tintindex":0},"up":{"uv":[10.25,5,10.5,8],"texture":"#0","tintindex":0},"down":{"uv":[0,0,0.25,3],"texture":"#missing","tintindex":0}},"to":[5.6,9,10.4],"from":[5.2,5.4,5.6],"rotation":{"angle":0,"axis":"y","origin":[5.4,7.2,8]}},{"faces":{"north":{"uv":[0,0,0.25,2.25],"texture":"#missing","tintindex":0},"east":{"uv":[0.25,8.25,3.25,10.5],"texture":"#0","tintindex":0},"south":{"uv":[0,0,0.25,2.25],"texture":"#missing","tintindex":0},"west":{"uv":[0,0,3,2.25],"texture":"#missing","tintindex":0},"up":{"uv":[7,5,7.25,8],"texture":"#0","tintindex":0},"down":{"uv":[0,0,0.25,3],"texture":"#missing","tintindex":0}},"to":[10.8,9,10.4],"from":[10.4,5.4,5.6],"rotation":{"angle":0,"axis":"y","origin":[10.6,7.2,8]}},{"faces":{"north":{"uv":[0.25,1.5,0.75,2],"rotation":270,"texture":"#0","tintindex":0},"east":{"uv":[0,1.5,0.25,2],"rotation":180,"texture":"#0","tintindex":0},"south":{"uv":[1,1.5,1.5,2],"rotation":90,"texture":"#0","tintindex":0},"west":{"uv":[0.75,1.5,1,2],"rotation":180,"texture":"#0","tintindex":0},"up":{"uv":[0.75,1.25,1.25,1.5],"rotation":180,"texture":"#0","tintindex":0},"down":{"uv":[0.25,1.25,0.75,1.5],"rotation":180,"texture":"#0","tintindex":0}},"to":[10.4,6.2,5.2],"from":[9.6,5.4,4.8],"rotation":{"angle":0,"axis":"y","origin":[10,5.8,5]}},{"faces":{"north":{"uv":[0.25,1.5,0.75,2],"rotation":180,"texture":"#0","tintindex":0},"east":{"uv":[0.75,1.25,1.25,1.5],"rotation":270,"texture":"#0","tintindex":0},"south":{"uv":[1,1.5,1.5,2],"rotation":180,"texture":"#0","tintindex":0},"west":{"uv":[0.25,1.25,0.75,1.5],"rotation":270,"texture":"#0","tintindex":0},"up":{"uv":[0.75,1.5,1,2],"rotation":270,"texture":"#0","tintindex":0},"down":{"uv":[0,1.5,0.25,2],"rotation":270,"texture":"#0","tintindex":0}},"to":[6.4,6.2,5.2],"from":[5.6,5.4,4.8],"rotation":{"angle":0,"axis":"y","origin":[6,5.8,5]}},{"faces":{"north":{"uv":[0.25,1.5,0.75,2],"rotation":180,"texture":"#0","tintindex":0},"east":{"uv":[0.75,1.25,1.25,1.5],"rotation":270,"texture":"#0","tintindex":0},"south":{"uv":[1,1.5,1.5,2],"rotation":180,"texture":"#0","tintindex":0},"west":{"uv":[0.25,1.25,0.75,1.5],"rotation":270,"texture":"#0","tintindex":0},"up":{"uv":[0.75,1.5,1,2],"rotation":270,"texture":"#0","tintindex":0},"down":{"uv":[0,1.5,0.25,2],"rotation":270,"texture":"#0","tintindex":0}},"to":[6.4,6.2,11.2],"from":[5.6,5.4,10.8],"rotation":{"angle":0,"axis":"y","origin":[6,5.8,11]}},{"faces":{"north":{"uv":[0,1.5,0.25,2],"rotation":180,"texture":"#0","tintindex":0},"east":{"uv":[1,1.5,1.5,2],"rotation":90,"texture":"#0","tintindex":0},"south":{"uv":[0.75,1.5,1,2],"rotation":180,"texture":"#0","tintindex":0},"west":{"uv":[0.25,1.5,0.75,2],"rotation":270,"texture":"#0","tintindex":0},"up":{"uv":[0.75,1.25,1.25,1.5],"rotation":90,"texture":"#0","tintindex":0},"down":{"uv":[0.25,1.25,0.75,1.5],"rotation":270,"texture":"#0","tintindex":0}},"to":[5.2,6.2,6.4],"from":[4.8,5.4,5.6],"rotation":{"angle":0,"axis":"y","origin":[5,5.8,6]}},{"faces":{"north":{"uv":[0.75,1.25,1.25,1.5],"rotation":270,"texture":"#0","tintindex":0},"east":{"uv":[1,1.5,1.5,2],"rotation":180,"texture":"#0","tintindex":0},"south":{"uv":[0.25,1.25,0.75,1.5],"rotation":270,"texture":"#0","tintindex":0},"west":{"uv":[0.25,1.5,0.75,2],"rotation":180,"texture":"#0","tintindex":0},"up":{"uv":[0.75,1.5,1,2],"rotation":180,"texture":"#0","tintindex":0},"down":{"uv":[0,1.5,0.25,2],"texture":"#0","tintindex":0}},"to":[5.2,6.2,10.4],"from":[4.8,5.4,9.6],"rotation":{"angle":0,"axis":"y","origin":[5,5.8,10]}},{"faces":{"north":{"uv":[0,1.5,0.25,2],"rotation":180,"texture":"#0","tintindex":0},"east":{"uv":[1,1.5,1.5,2],"rotation":90,"texture":"#0","tintindex":0},"south":{"uv":[0.75,1.5,1,2],"rotation":180,"texture":"#0","tintindex":0},"west":{"uv":[0.25,1.5,0.75,2],"rotation":270,"texture":"#0","tintindex":0},"up":{"uv":[0.75,1.25,1.25,1.5],"rotation":90,"texture":"#0","tintindex":0},"down":{"uv":[0.25,1.25,0.75,1.5],"rotation":270,"texture":"#0","tintindex":0}},"to":[11.2,6.2,6.4],"from":[10.8,5.4,5.6],"rotation":{"angle":0,"axis":"y","origin":[11,5.8,6]}},{"faces":{"north":{"uv":[0.75,1.25,1.25,1.5],"rotation":270,"texture":"#0","tintindex":0},"east":{"uv":[1,1.5,1.5,2],"rotation":180,"texture":"#0","tintindex":0},"south":{"uv":[0.25,1.25,0.75,1.5],"rotation":270,"texture":"#0","tintindex":0},"west":{"uv":[0.25,1.5,0.75,2],"rotation":180,"texture":"#0","tintindex":0},"up":{"uv":[0.75,1.5,1,2],"rotation":180,"texture":"#0","tintindex":0},"down":{"uv":[0,1.5,0.25,2],"texture":"#0","tintindex":0}},"to":[11.2,6.2,10.4],"from":[10.8,5.4,9.6],"rotation":{"angle":0,"axis":"y","origin":[11,5.8,10]}},{"faces":{"north":{"uv":[0.25,1.5,0.75,2],"rotation":270,"texture":"#0","tintindex":0},"east":{"uv":[0,1.5,0.25,2],"rotation":180,"texture":"#0","tintindex":0},"south":{"uv":[1,1.5,1.5,2],"rotation":90,"texture":"#0","tintindex":0},"west":{"uv":[0.75,1.5,1,2],"rotation":180,"texture":"#0","tintindex":0},"up":{"uv":[0.75,1.25,1.25,1.5],"rotation":180,"texture":"#0","tintindex":0},"down":{"uv":[0.25,1.25,0.75,1.5],"rotation":180,"texture":"#0","tintindex":0}},"to":[10.4,6.2,11.2],"from":[9.6,5.4,10.8],"rotation":{"angle":0,"axis":"y","origin":[10,5.8,11]}}],"display":{"head":{"translation":[0,5.6,0],"scale":[4,4,4],"rotation":[0,0,0]}}}