{"textures":{"0":"lootchests:chest2"},"elements":[{"faces":{"north":{"uv":[0,0,2.5,0.25],"texture":"#missing","tintindex":0},"east":{"uv":[0,0,2.5,0.25],"texture":"#missing","tintindex":0},"south":{"uv":[0,0,2.5,0.25],"texture":"#missing","tintindex":0},"west":{"uv":[0,0,2.5,0.25],"texture":"#missing","tintindex":0},"up":{"uv":[7.5,11.25,10,13.75],"texture":"#0","tintindex":0},"down":{"uv":[0,0,2.5,2.5],"texture":"#missing","tintindex":0}},"to":[10,8.6,10],"from":[6,8.2,6],"rotation":{"angle":0,"axis":"y","origin":[8,8.4,8]}},{"faces":{"north":{"uv":[0,0,3,0.25],"texture":"#missing","tintindex":0},"east":{"uv":[0,0,0.25,0.25],"texture":"#missing","tintindex":0},"south":{"uv":[7.25,13.75,10.25,14],"texture":"#0","tintindex":0},"west":{"uv":[0,0,0.25,0.25],"texture":"#missing","tintindex":0},"up":{"uv":[7.25,7.75,10.25,8],"texture":"#0","tintindex":0},"down":{"uv":[0,0,3,0.25],"texture":"#missing","tintindex":0}},"to":[10.4,9,6],"from":[5.6,8.6,5.6],"rotation":{"angle":0,"axis":"y","origin":[8,8.8,5.8]}},{"faces":{"north":{"uv":[7.25,11,10.25,11.25],"texture":"#0","tintindex":0},"east":{"uv":[0,0,0.25,0.25],"texture":"#missing","tintindex":0},"south":{"uv":[0,0,3,0.25],"texture":"#missing","tintindex":0},"west":{"uv":[0,0,0.25,0.25],"texture":"#missing","tintindex":0},"up":{"uv":[7.25,5,10.25,5.25],"texture":"#0","tintindex":0},"down":{"uv":[0,0,3,0.25],"texture":"#missing","tintindex":0}},"to":[10.4,9,10.4],"from":[5.6,8.6,10],"rotation":{"angle":0,"axis":"y","origin":[8,8.8,10.2]}},{"faces":{"north":{"uv":[0,0,0.25,0.25],"texture":"#missing","tintindex":0},"east":{"uv":[0,0,2.5,0.25],"texture":"#missing","tintindex":0},"south":{"uv":[0,0,0.25,0.25],"texture":"#missing","tintindex":0},"west":{"uv":[7.25,11.25,7.5,13.75],"rotation":90,"texture":"#0","tintindex":0},"up":{"uv":[7.25,5.25,7.5,7.75],"texture":"#0","tintindex":0},"down":{"uv":[0,0,0.25,2.5],"texture":"#missing","tintindex":0}},"to":[10.4,9,10],"from":[10,8.6,6],"rotation":{"angle":0,"axis":"y","origin":[10.2,8.8,8]}},{"faces":{"north":{"uv":[0,0,0.25,0.25],"texture":"#missing","tintindex":0},"east":{"uv":[10.25,11.25,10,13.75],"rotation":90,"texture":"#0","tintindex":0},"south":{"uv":[0,0,0.25,0.25],"texture":"#missing","tintindex":0},"west":{"uv":[0,0,2.5,0.25],"texture":"#missing","tintindex":0},"up":{"uv":[10,5.25,10.25,7.75],"texture":"#0","tintindex":0},"down":{"uv":[0,0,0.25,2.5],"texture":"#missing","tintindex":0}},"to":[6,9,10],"from":[5.6,8.6,6],"rotation":{"angle":0,"axis":"y","origin":[5.8,8.8,8]}}],"display":{"head":{"translation":[0,5.6,0],"scale":[4,4,4],"rotation":[0,0,0]}}}